plotid,sampleid,Classification_MAJ,Classification 2010
1,1,Forêt,
1,2,Forêt,
1,3,Non interprétable,
1,4,Forêt,
1,5,Forêt,
1,6,Forêt,
1,7,Forêt,
1,8,Forêt,
1,9,Forêt,
2,17,Forêt,
2,18,Non Forêt,
2,19,Non Forêt,
2,20,Forêt,
2,21,Non Forêt,
2,22,Non Forêt,
2,23,Forêt,
2,24,Non Forêt,
2,25,Non Forêt,
3,33,Non Forêt,
3,34,Non Forêt,
3,35,Non Forêt,
3,36,Non Forêt,
3,37,Non Forêt,
3,38,Non Forêt,
3,39,Non Forêt,
3,40,Non Forêt,
3,41,Non Forêt,
4,49,Non Forêt,
4,50,Non Forêt,
4,51,Non Forêt,
4,52,Non Forêt,
4,53,Non Forêt,
4,54,Non Forêt,
4,55,Non Forêt,
4,56,Non Forêt,
4,57,Non Forêt,
5,65,Forêt,
5,66,Non interprétable,
5,67,Non interprétable,
5,68,Forêt,
5,69,Non interprétable,
5,70,Forêt,
5,71,Forêt,
5,72,Forêt,
5,73,Non interprétable,
6,81,Non Forêt,
6,82,Non Forêt,
6,83,Non Forêt,
6,84,Non Forêt,
6,85,Non Forêt,
6,86,Non Forêt,
6,87,Non Forêt,
6,88,Non Forêt,
6,89,Non Forêt,
7,97,Non Forêt,
7,98,Non Forêt,
7,99,Non Forêt,
7,100,Non Forêt,
7,101,Non Forêt,
7,102,Non Forêt,
7,103,Non Forêt,
7,104,Non Forêt,
7,105,Forêt,
8,113,Non Forêt,
8,114,Non Forêt,
8,115,Non Forêt,
8,116,Non Forêt,
8,117,Non Forêt,
8,118,Non Forêt,
8,119,Non Forêt,
8,120,Non Forêt,
8,121,Non Forêt,
9,129,Non Forêt,
9,130,Non Forêt,
9,131,Non Forêt,
9,132,Non Forêt,
9,133,Non Forêt,
9,134,Non Forêt,
9,135,Non Forêt,
9,136,Non Forêt,
9,137,Non Forêt,
10,145,Non interprétable,
10,146,Non interprétable,
10,147,Non interprétable,
10,148,Non interprétable,
10,149,Non interprétable,
10,150,Non interprétable,
10,151,Non interprétable,
10,152,Non interprétable,
10,153,Non interprétable,
11,161,Forêt,
11,162,Forêt,
11,163,Forêt,
11,164,Forêt,
11,165,Forêt,
11,166,Forêt,
11,167,Forêt,
11,168,Forêt,
11,169,Forêt,
12,177,Forêt,
12,178,Forêt,
12,179,Forêt,
12,180,Non Forêt,
12,181,Non Forêt,
12,182,Forêt,
12,183,Non Forêt,
12,184,Non Forêt,
12,185,Forêt,
13,193,Non Forêt,
13,194,Non Forêt,
13,195,Non Forêt,
13,196,Non Forêt,
13,197,Non Forêt,
13,198,Non Forêt,
13,199,Non Forêt,
13,200,Non Forêt,
13,201,Non Forêt,
14,209,Non Forêt,
14,210,Non Forêt,
14,211,Non Forêt,
14,212,Non Forêt,
14,213,Non Forêt,
14,214,Forêt,
14,215,Non Forêt,
14,216,Non Forêt,
14,217,Forêt,
15,225,Forêt,
15,226,Non Forêt,
15,227,Non Forêt,
15,228,Forêt,
15,229,Forêt,
15,230,Non Forêt,
15,231,Forêt,
15,232,Non Forêt,
15,233,Non Forêt,
16,241,Forêt,
16,242,Forêt,
16,243,Forêt,
16,244,Non Forêt,
16,245,Forêt,
16,246,Forêt,
16,247,Non Forêt,
16,248,Non Forêt,
16,249,Non Forêt,
17,257,Forêt,
17,258,Forêt,
17,259,Forêt,
17,260,Non Forêt,
17,261,Forêt,
17,262,Forêt,
17,263,Non Forêt,
17,264,Forêt,
17,265,Forêt,
18,273,Forêt,
18,274,Forêt,
18,275,Forêt,
18,276,Forêt,
18,277,Forêt,
18,278,Non Forêt,
18,279,Non Forêt,
18,280,Non Forêt,
18,281,Non Forêt,
19,289,Non Forêt,
19,290,Non Forêt,
19,291,Non Forêt,
19,292,Non Forêt,
19,293,Non Forêt,
19,294,Non Forêt,
19,295,Non Forêt,
19,296,Non Forêt,
19,297,Non Forêt,
20,305,Forêt,
20,306,Forêt,
20,307,Forêt,
20,308,Forêt,
20,309,Forêt,
20,310,Forêt,
20,311,Forêt,
20,312,Forêt,
20,313,Forêt,
21,321,Non Forêt,
21,322,Non Forêt,
21,323,Non Forêt,
21,324,Non Forêt,
21,325,Non Forêt,
21,326,Non Forêt,
21,327,Non Forêt,
21,328,Non Forêt,
21,329,Non Forêt,
22,337,Non Forêt,
22,338,Non Forêt,
22,339,Non Forêt,
22,340,Non Forêt,
22,341,Non Forêt,
22,342,Non Forêt,
22,343,Non Forêt,
22,344,Non Forêt,
22,345,Non Forêt,
23,353,Non Forêt,
23,354,Non Forêt,
23,355,Non Forêt,
23,356,Non Forêt,
23,357,Non Forêt,
23,358,Non Forêt,
23,359,Non Forêt,
23,360,Non Forêt,
23,361,Non Forêt,
24,369,Non Forêt,
24,370,Non Forêt,
24,371,Forêt,
24,372,Forêt,
24,373,Non Forêt,
24,374,Non Forêt,
24,375,Non Forêt,
24,376,Non Forêt,
24,377,Non Forêt,
25,385,Non Forêt,
25,386,Non Forêt,
25,387,Non Forêt,
25,388,Non Forêt,
25,389,Non Forêt,
25,390,Non Forêt,
25,391,Non Forêt,
25,392,Non Forêt,
25,393,Non Forêt,
26,401,Non Forêt,
26,402,Non Forêt,
26,403,Non Forêt,
26,404,Non Forêt,
26,405,Non Forêt,
26,406,Non Forêt,
26,407,Non Forêt,
26,408,Non Forêt,
26,409,Non Forêt,
27,417,Non Forêt,
27,418,Forêt,
27,419,Forêt,
27,420,Non Forêt,
27,421,Forêt,
27,422,Non Forêt,
27,423,Non Forêt,
27,424,Forêt,
27,425,Non Forêt,
28,433,Non Forêt,
28,434,Non Forêt,
28,435,Non Forêt,
28,436,Non Forêt,
28,437,Non Forêt,
28,438,Non Forêt,
28,439,Forêt,
28,440,Non Forêt,
28,441,Non Forêt,
29,449,Forêt,
29,450,Forêt,
29,451,Non Forêt,
29,452,Forêt,
29,453,Forêt,
29,454,Forêt,
29,455,Forêt,
29,456,Forêt,
29,457,Forêt,
30,465,Non Forêt,
30,466,Non Forêt,
30,467,Non Forêt,
30,468,Non Forêt,
30,469,Non Forêt,
30,470,Forêt,
30,471,Non Forêt,
30,472,Forêt,
30,473,Forêt,
31,481,Non Forêt,
31,482,Non Forêt,
31,483,Non Forêt,
31,484,Non Forêt,
31,485,Non Forêt,
31,486,Non Forêt,
31,487,Non Forêt,
31,488,Non Forêt,
31,489,Non Forêt,
32,497,Non Forêt,
32,498,Non Forêt,
32,499,Non Forêt,
32,500,Non Forêt,
32,501,Non Forêt,
32,502,Non Forêt,
32,503,Non Forêt,
32,504,Non Forêt,
32,505,Non Forêt,
33,513,Non Forêt,
33,514,Non Forêt,
33,515,Non Forêt,
33,516,Non Forêt,
33,517,Non Forêt,
33,518,Forêt,
33,519,Non Forêt,
33,520,Non Forêt,
33,521,Forêt,
34,529,Non Forêt,
34,530,Non Forêt,
34,531,Non Forêt,
34,532,Non Forêt,
34,533,Non Forêt,
34,534,Non Forêt,
34,535,Non Forêt,
34,536,Non Forêt,
34,537,Non Forêt,
35,545,Forêt,
35,546,Forêt,
35,547,Forêt,
35,548,Forêt,
35,549,Forêt,
35,550,Forêt,
35,551,Forêt,
35,552,Forêt,
35,553,Forêt,
36,561,Non Forêt,
36,562,Non Forêt,
36,563,Non Forêt,
36,564,Forêt,
36,565,Non Forêt,
36,566,Non Forêt,
36,567,Forêt,
36,568,Forêt,
36,569,Non Forêt,
37,577,Non Forêt,
37,578,Non Forêt,
37,579,Non Forêt,
37,580,Non Forêt,
37,581,Non Forêt,
37,582,Forêt,
37,583,Non Forêt,
37,584,Forêt,
37,585,Forêt,
38,593,Non Forêt,
38,594,Non Forêt,
38,595,Non Forêt,
38,596,Non Forêt,
38,597,Non Forêt,
38,598,Non Forêt,
38,599,Forêt,
38,600,Forêt,
38,601,Forêt,
39,609,Non Forêt,
39,610,Non Forêt,
39,611,Non Forêt,
39,612,Forêt,
39,613,Non Forêt,
39,614,Non Forêt,
39,615,Forêt,
39,616,Non Forêt,
39,617,Non Forêt,
40,625,Non Forêt,
40,626,Non Forêt,
40,627,Non Forêt,
40,628,Non Forêt,
40,629,Non Forêt,
40,630,Non Forêt,
40,631,Non Forêt,
40,632,Non Forêt,
40,633,Non Forêt,
41,641,Non Forêt,
41,642,Non Forêt,
41,643,Non Forêt,
41,644,Non Forêt,
41,645,Non Forêt,
41,646,Forêt,
41,647,Non Forêt,
41,648,Non Forêt,
41,649,Non Forêt,
42,657,Non Forêt,
42,658,Non Forêt,
42,659,Non Forêt,
42,660,Non Forêt,
42,661,Non Forêt,
42,662,Non Forêt,
42,663,Non Forêt,
42,664,Non Forêt,
42,665,Non Forêt,
43,673,Non Forêt,
43,674,Non Forêt,
43,675,Non Forêt,
43,676,Forêt,
43,677,Non Forêt,
43,678,Non Forêt,
43,679,Forêt,
43,680,Forêt,
43,681,Non Forêt,
44,689,Non Forêt,
44,690,Non Forêt,
44,691,Non Forêt,
44,692,Non Forêt,
44,693,Non Forêt,
44,694,Non Forêt,
44,695,Non Forêt,
44,696,Non Forêt,
44,697,Non Forêt,
45,705,Non Forêt,
45,706,Non Forêt,
45,707,Non Forêt,
45,708,Non Forêt,
45,709,Non Forêt,
45,710,Non Forêt,
45,711,Non Forêt,
45,712,Non Forêt,
45,713,Non Forêt,
46,721,Non Forêt,
46,722,Non Forêt,
46,723,Non Forêt,
46,724,Non Forêt,
46,725,Non Forêt,
46,726,Non Forêt,
46,727,Non Forêt,
46,728,Non Forêt,
46,729,Non Forêt,
47,737,Non Forêt,
47,738,Non Forêt,
47,739,Non Forêt,
47,740,Non Forêt,
47,741,Non Forêt,
47,742,Non Forêt,
47,743,Non Forêt,
47,744,Non Forêt,
47,745,Non Forêt,
48,753,Non Forêt,
48,754,Non Forêt,
48,755,Non Forêt,
48,756,Non Forêt,
48,757,Non Forêt,
48,758,Non Forêt,
48,759,Non Forêt,
48,760,Non Forêt,
48,761,Non Forêt,
49,769,Forêt,
49,770,Non Forêt,
49,771,Non Forêt,
49,772,Non Forêt,
49,773,Non Forêt,
49,774,Non Forêt,
49,775,Non Forêt,
49,776,Non Forêt,
49,777,Non Forêt,
50,785,Non Forêt,
50,786,Non Forêt,
50,787,Non Forêt,
50,788,Non Forêt,
50,789,Non Forêt,
50,790,Non Forêt,
50,791,Non Forêt,
50,792,Non Forêt,
50,793,Non Forêt,
51,801,Non Forêt,
51,802,Non Forêt,
51,803,Non Forêt,
51,804,Non Forêt,
51,805,Non Forêt,
51,806,Non Forêt,
51,807,Non Forêt,
51,808,Non Forêt,
51,809,Non Forêt,
52,817,Non Forêt,
52,818,Non Forêt,
52,819,Non Forêt,
52,820,Non Forêt,
52,821,Non Forêt,
52,822,Non Forêt,
52,823,Non Forêt,
52,824,Non Forêt,
52,825,Non Forêt,
53,833,Forêt,
53,834,Non Forêt,
53,835,Non Forêt,
53,836,Forêt,
53,837,Forêt,
53,838,Non Forêt,
53,839,Forêt,
53,840,Forêt,
53,841,Forêt,
54,849,Non Forêt,
54,850,Non Forêt,
54,851,Non Forêt,
54,852,Non Forêt,
54,853,Non Forêt,
54,854,Non Forêt,
54,855,Non Forêt,
54,856,Non Forêt,
54,857,Non Forêt,
55,865,Non Forêt,
55,866,Non Forêt,
55,867,Non Forêt,
55,868,Non Forêt,
55,869,Non Forêt,
55,870,Non Forêt,
55,871,Non Forêt,
55,872,Non Forêt,
55,873,Non Forêt,
56,881,Forêt,
56,882,Forêt,
56,883,Forêt,
56,884,Forêt,
56,885,Forêt,
56,886,Forêt,
56,887,Forêt,
56,888,Forêt,
56,889,Forêt,
57,897,Non Forêt,
57,898,Non Forêt,
57,899,Non Forêt,
57,900,Forêt,
57,901,Non Forêt,
57,902,Non Forêt,
57,903,Forêt,
57,904,Non Forêt,
57,905,Non Forêt,
58,913,Non Forêt,
58,914,Non Forêt,
58,915,Non Forêt,
58,916,Non Forêt,
58,917,Non Forêt,
58,918,Non Forêt,
58,919,Non Forêt,
58,920,Non Forêt,
58,921,Non Forêt,
59,929,Forêt,
59,930,Forêt,
59,931,Forêt,
59,932,Non Forêt,
59,933,Non Forêt,
59,934,Non Forêt,
59,935,Non Forêt,
59,936,Non Forêt,
59,937,Non Forêt,
60,945,Non Forêt,
60,946,Non Forêt,
60,947,Non Forêt,
60,948,Non Forêt,
60,949,Non Forêt,
60,950,Forêt,
60,951,Non Forêt,
60,952,Non Forêt,
60,953,Non Forêt,
61,961,Non Forêt,
61,962,Non Forêt,
61,963,Non Forêt,
61,964,Non Forêt,
61,965,Non Forêt,
61,966,Non Forêt,
61,967,Non Forêt,
61,968,Non Forêt,
61,969,Forêt,
62,977,Non Forêt,
62,978,Non Forêt,
62,979,Non Forêt,
62,980,Non interprétable,
62,981,Non interprétable,
62,982,Non interprétable,
62,983,Non interprétable,
62,984,Non interprétable,
62,985,Non interprétable,
63,993,Non Forêt,
63,994,Non Forêt,
63,995,Forêt,
63,996,Forêt,
63,997,Forêt,
63,998,Forêt,
63,999,Forêt,
63,1000,Forêt,
63,1001,Forêt,
64,1009,Forêt,
64,1010,Forêt,
64,1011,Forêt,
64,1012,Forêt,
64,1013,Forêt,
64,1014,Forêt,
64,1015,Forêt,
64,1016,Forêt,
64,1017,Forêt,
65,1025,Non Forêt,
65,1026,Non Forêt,
65,1027,Non Forêt,
65,1028,Non Forêt,
65,1029,Non Forêt,
65,1030,Non Forêt,
65,1031,Non Forêt,
65,1032,Non Forêt,
65,1033,Non Forêt,
66,1041,Forêt,
66,1042,Non Forêt,
66,1043,Non Forêt,
66,1044,Non Forêt,
66,1045,Non Forêt,
66,1046,Non Forêt,
66,1047,Non Forêt,
66,1048,Non Forêt,
66,1049,Non Forêt,
67,1057,Non Forêt,
67,1058,Forêt,
67,1059,Forêt,
67,1060,Non Forêt,
67,1061,Non Forêt,
67,1062,Forêt,
67,1063,Non Forêt,
67,1064,Forêt,
67,1065,Forêt,
68,1073,Non Forêt,
68,1074,Non Forêt,
68,1075,Non Forêt,
68,1076,Non Forêt,
68,1077,Non Forêt,
68,1078,Non Forêt,
68,1079,Forêt,
68,1080,Non Forêt,
68,1081,Non Forêt,
69,1089,Non Forêt,
69,1090,Non Forêt,
69,1091,Non Forêt,
69,1092,Non Forêt,
69,1093,Non Forêt,
69,1094,Non Forêt,
69,1095,Non Forêt,
69,1096,Non Forêt,
69,1097,Non Forêt,
70,1105,Non Forêt,
70,1106,Non Forêt,
70,1107,Non Forêt,
70,1108,Non Forêt,
70,1109,Non Forêt,
70,1110,Non Forêt,
70,1111,Non Forêt,
70,1112,Non Forêt,
70,1113,Non Forêt,
71,1121,Non Forêt,
71,1122,Forêt,
71,1123,Forêt,
71,1124,Forêt,
71,1125,Forêt,
71,1126,Forêt,
71,1127,Forêt,
71,1128,Forêt,
71,1129,Non Forêt,
72,1137,Non Forêt,
72,1138,Non Forêt,
72,1139,Non Forêt,
72,1140,Non Forêt,
72,1141,Non Forêt,
72,1142,Non Forêt,
72,1143,Non Forêt,
72,1144,Non Forêt,
72,1145,Non Forêt,
73,1153,Non Forêt,
73,1154,Non Forêt,
73,1155,Non Forêt,
73,1156,Non Forêt,
73,1157,Non Forêt,
73,1158,Non Forêt,
73,1159,Non Forêt,
73,1160,Non Forêt,
73,1161,Non Forêt,
74,1169,Forêt,
74,1170,Non Forêt,
74,1171,Non Forêt,
74,1172,Non Forêt,
74,1173,Forêt,
74,1174,Forêt,
74,1175,Non Forêt,
74,1176,Forêt,
74,1177,Forêt,
75,1185,Non Forêt,
75,1186,Non Forêt,
75,1187,Non Forêt,
75,1188,Non Forêt,
75,1189,Non Forêt,
75,1190,Non Forêt,
75,1191,Non Forêt,
75,1192,Non Forêt,
75,1193,Non Forêt,
76,1201,Non Forêt,
76,1202,Non Forêt,
76,1203,Non Forêt,
76,1204,Non Forêt,
76,1205,Non Forêt,
76,1206,Non Forêt,
76,1207,Non Forêt,
76,1208,Non Forêt,
76,1209,Non Forêt,
77,1217,Forêt,
77,1218,Non Forêt,
77,1219,Non Forêt,
77,1220,Forêt,
77,1221,Forêt,
77,1222,Non Forêt,
77,1223,Forêt,
77,1224,Forêt,
77,1225,Non Forêt,
78,1233,Non Forêt,
78,1234,Non Forêt,
78,1235,Non Forêt,
78,1236,Non Forêt,
78,1237,Non Forêt,
78,1238,Non Forêt,
78,1239,Non Forêt,
78,1240,Non Forêt,
78,1241,Non Forêt,
79,1249,Non Forêt,
79,1250,Non Forêt,
79,1251,Non Forêt,
79,1252,Non Forêt,
79,1253,Non Forêt,
79,1254,Non Forêt,
79,1255,Non Forêt,
79,1256,Non Forêt,
79,1257,Non Forêt,
80,1265,Non Forêt,
80,1266,Non Forêt,
80,1267,Non Forêt,
80,1268,Non Forêt,
80,1269,Non Forêt,
80,1270,Non Forêt,
80,1271,Non Forêt,
80,1272,Non Forêt,
80,1273,Non Forêt,
81,1281,Non Forêt,
81,1282,Non Forêt,
81,1283,Non Forêt,
81,1284,Non Forêt,
81,1285,Non Forêt,
81,1286,Non Forêt,
81,1287,Non Forêt,
81,1288,Non Forêt,
81,1289,Non Forêt,
82,1297,Non Forêt,
82,1298,Non Forêt,
82,1299,Non Forêt,
82,1300,Non Forêt,
82,1301,Non Forêt,
82,1302,Non Forêt,
82,1303,Non Forêt,
82,1304,Non Forêt,
82,1305,Non Forêt,
83,1313,Non Forêt,
83,1314,Non Forêt,
83,1315,Non Forêt,
83,1316,Non Forêt,
83,1317,Forêt,
83,1318,Forêt,
83,1319,Forêt,
83,1320,Forêt,
83,1321,Forêt,
84,1329,Non Forêt,
84,1330,Non Forêt,
84,1331,Non Forêt,
84,1332,Non Forêt,
84,1333,Non Forêt,
84,1334,Non Forêt,
84,1335,Non Forêt,
84,1336,Non Forêt,
84,1337,Non Forêt,
85,1345,Non Forêt,
85,1346,Non Forêt,
85,1347,Non Forêt,
85,1348,Non Forêt,
85,1349,Non Forêt,
85,1350,Non Forêt,
85,1351,Non Forêt,
85,1352,Non Forêt,
85,1353,Non Forêt,
86,1361,Non Forêt,
86,1362,Non Forêt,
86,1363,Non Forêt,
86,1364,Non Forêt,
86,1365,Non Forêt,
86,1366,Non Forêt,
86,1367,Non Forêt,
86,1368,Non Forêt,
86,1369,Non Forêt,
87,1377,Forêt,
87,1378,Forêt,
87,1379,Forêt,
87,1380,Forêt,
87,1381,Forêt,
87,1382,Forêt,
87,1383,Forêt,
87,1384,Forêt,
87,1385,Forêt,
88,1393,Non Forêt,
88,1394,Non Forêt,
88,1395,Non Forêt,
88,1396,Non Forêt,
88,1397,Non Forêt,
88,1398,Non Forêt,
88,1399,Non Forêt,
88,1400,Forêt,
88,1401,Non Forêt,
89,1409,Non Forêt,
89,1410,Forêt,
89,1411,Forêt,
89,1412,Non Forêt,
89,1413,Forêt,
89,1414,Forêt,
89,1415,Forêt,
89,1416,Forêt,
89,1417,Forêt,
90,1425,Forêt,
90,1426,Forêt,
90,1427,Forêt,
90,1428,Forêt,
90,1429,Forêt,
90,1430,Forêt,
90,1431,Forêt,
90,1432,Non Forêt,
90,1433,Non Forêt,
91,1441,Non Forêt,
91,1442,Non Forêt,
91,1443,Non Forêt,
91,1444,Non Forêt,
91,1445,Non Forêt,
91,1446,Non Forêt,
91,1447,Non Forêt,
91,1448,Non Forêt,
91,1449,Non Forêt,
92,1457,Non Forêt,
92,1458,Non Forêt,
92,1459,Non Forêt,
92,1460,Non Forêt,
92,1461,Non Forêt,
92,1462,Non Forêt,
92,1463,Non Forêt,
92,1464,Non Forêt,
92,1465,Non Forêt,
93,1473,Non Forêt,
93,1474,Non Forêt,
93,1475,Forêt,
93,1476,Non Forêt,
93,1477,Non Forêt,
93,1478,Non Forêt,
93,1479,Non Forêt,
93,1480,Non Forêt,
93,1481,Non Forêt,
94,1489,Forêt,
94,1490,Forêt,
94,1491,Forêt,
94,1492,Forêt,
94,1493,Forêt,
94,1494,Forêt,
94,1495,Forêt,
94,1496,Forêt,
94,1497,Non Forêt,
95,1505,Non Forêt,
95,1506,Non Forêt,
95,1507,Non Forêt,
95,1508,Non Forêt,
95,1509,Non Forêt,
95,1510,Non Forêt,
95,1511,Non Forêt,
95,1512,Non Forêt,
95,1513,Non Forêt,
96,1521,Non Forêt,
96,1522,Non Forêt,
96,1523,Non Forêt,
96,1524,Non Forêt,
96,1525,Non Forêt,
96,1526,Non Forêt,
96,1527,Forêt,
96,1528,Non Forêt,
96,1529,Non Forêt,
97,1537,Non Forêt,
97,1538,Non Forêt,
97,1539,Non Forêt,
97,1540,Non Forêt,
97,1541,Non Forêt,
97,1542,Non Forêt,
97,1543,Non Forêt,
97,1544,Non Forêt,
97,1545,Non Forêt,
98,1553,Non Forêt,
98,1554,Forêt,
98,1555,Forêt,
98,1556,Non Forêt,
98,1557,Non Forêt,
98,1558,Non Forêt,
98,1559,Non Forêt,
98,1560,Non Forêt,
98,1561,Non Forêt,
99,1569,Non Forêt,
99,1570,Non Forêt,
99,1571,Non Forêt,
99,1572,Non Forêt,
99,1573,Non Forêt,
99,1574,Non Forêt,
99,1575,Non Forêt,
99,1576,Non Forêt,
99,1577,Non Forêt,
100,1585,Non Forêt,
100,1586,Non Forêt,
100,1587,Forêt,
100,1588,Non Forêt,
100,1589,Forêt,
100,1590,Non Forêt,
100,1591,Non Forêt,
100,1592,Forêt,
100,1593,Forêt,
101,1601,Non Forêt,
101,1602,Non Forêt,
101,1603,Non Forêt,
101,1604,Non Forêt,
101,1605,Non Forêt,
101,1606,Non Forêt,
101,1607,Non Forêt,
101,1608,Non Forêt,
101,1609,Non Forêt,
102,1617,Non Forêt,
102,1618,Forêt,
102,1619,Forêt,
102,1620,Forêt,
102,1621,Forêt,
102,1622,Forêt,
102,1623,Forêt,
102,1624,Forêt,
102,1625,Forêt,
103,1633,Forêt,
103,1634,Non Forêt,
103,1635,Non Forêt,
103,1636,Non Forêt,
103,1637,Forêt,
103,1638,Non Forêt,
103,1639,Non Forêt,
103,1640,Non Forêt,
103,1641,Non Forêt,
104,1649,Forêt,
104,1650,Non Forêt,
104,1651,Non Forêt,
104,1652,Forêt,
104,1653,Forêt,
104,1654,Non Forêt,
104,1655,Non Forêt,
104,1656,Non Forêt,
104,1657,Non Forêt,
105,1665,Non Forêt,
105,1666,Non Forêt,
105,1667,Non Forêt,
105,1668,Non Forêt,
105,1669,Non Forêt,
105,1670,Non Forêt,
105,1671,Non Forêt,
105,1672,Non Forêt,
105,1673,Non Forêt,
106,1681,Forêt,
106,1682,Non Forêt,
106,1683,Non Forêt,
106,1684,Forêt,
106,1685,Forêt,
106,1686,Non Forêt,
106,1687,Non Forêt,
106,1688,Non Forêt,
106,1689,Non Forêt,
107,1697,Non Forêt,
107,1698,Non Forêt,
107,1699,Non Forêt,
107,1700,Non Forêt,
107,1701,Non Forêt,
107,1702,Non Forêt,
107,1703,Non Forêt,
107,1704,Non Forêt,
107,1705,Non Forêt,
108,1713,Non Forêt,
108,1714,Non Forêt,
108,1715,Forêt,
108,1716,Non Forêt,
108,1717,Non Forêt,
108,1718,Forêt,
108,1719,Non Forêt,
108,1720,Forêt,
108,1721,Forêt,
109,1729,Non Forêt,
109,1730,Non Forêt,
109,1731,Non Forêt,
109,1732,Non Forêt,
109,1733,Non Forêt,
109,1734,Non Forêt,
109,1735,Non Forêt,
109,1736,Non Forêt,
109,1737,Non Forêt,
110,1745,Forêt,
110,1746,Forêt,
110,1747,Forêt,
110,1748,Forêt,
110,1749,Forêt,
110,1750,Forêt,
110,1751,Forêt,
110,1752,Forêt,
110,1753,Forêt,
111,1761,Non Forêt,
111,1762,Non Forêt,
111,1763,Non Forêt,
111,1764,Non Forêt,
111,1765,Non Forêt,
111,1766,Non Forêt,
111,1767,Non Forêt,
111,1768,Non Forêt,
111,1769,Non Forêt,
112,1777,Non Forêt,
112,1778,Non Forêt,
112,1779,Non Forêt,
112,1780,Non Forêt,
112,1781,Non Forêt,
112,1782,Non Forêt,
112,1783,Non Forêt,
112,1784,Non Forêt,
112,1785,Non Forêt,
113,1793,Non Forêt,
113,1794,Non Forêt,
113,1795,Forêt,
113,1796,Non Forêt,
113,1797,Non Forêt,
113,1798,Non Forêt,
113,1799,Non Forêt,
113,1800,Non Forêt,
113,1801,Forêt,
114,1809,Forêt,
114,1810,Forêt,
114,1811,Non Forêt,
114,1812,Non Forêt,
114,1813,Non Forêt,
114,1814,Non Forêt,
114,1815,Non Forêt,
114,1816,Non Forêt,
114,1817,Non Forêt,
115,1825,Non Forêt,
115,1826,Non Forêt,
115,1827,Non Forêt,
115,1828,Non Forêt,
115,1829,Non Forêt,
115,1830,Non Forêt,
115,1831,Non Forêt,
115,1832,Non Forêt,
115,1833,Non Forêt,
116,1841,Non Forêt,
116,1842,Non Forêt,
116,1843,Non Forêt,
116,1844,Non Forêt,
116,1845,Non Forêt,
116,1846,Non Forêt,
116,1847,Non Forêt,
116,1848,Non Forêt,
116,1849,Non Forêt,
117,1857,Non Forêt,
117,1858,Non Forêt,
117,1859,Non Forêt,
117,1860,Non Forêt,
117,1861,Non Forêt,
117,1862,Non Forêt,
117,1863,Non Forêt,
117,1864,Non Forêt,
117,1865,Non Forêt,
118,1873,Non Forêt,
118,1874,Non Forêt,
118,1875,Non Forêt,
118,1876,Non Forêt,
118,1877,Non Forêt,
118,1878,Non Forêt,
118,1879,Non Forêt,
118,1880,Non Forêt,
118,1881,Non Forêt,
119,1889,Non Forêt,
119,1890,Non Forêt,
119,1891,Non Forêt,
119,1892,Non Forêt,
119,1893,Non Forêt,
119,1894,Non Forêt,
119,1895,Forêt,
119,1896,Forêt,
119,1897,Forêt,
120,1905,Non Forêt,
120,1906,Non Forêt,
120,1907,Non Forêt,
120,1908,Non Forêt,
120,1909,Non Forêt,
120,1910,Non Forêt,
120,1911,Non Forêt,
120,1912,Non Forêt,
120,1913,Non Forêt,
121,1921,Non Forêt,
121,1922,Non Forêt,
121,1923,Non Forêt,
121,1924,Non Forêt,
121,1925,Non Forêt,
121,1926,Non Forêt,
121,1927,Non Forêt,
121,1928,Non Forêt,
121,1929,Non Forêt,
122,1937,Non Forêt,
122,1938,Non Forêt,
122,1939,Non Forêt,
122,1940,Non Forêt,
122,1941,Non Forêt,
122,1942,Non Forêt,
122,1943,Non Forêt,
122,1944,Non Forêt,
122,1945,Non Forêt,
123,1953,Non Forêt,
123,1954,Non Forêt,
123,1955,Non Forêt,
123,1956,Non Forêt,
123,1957,Non Forêt,
123,1958,Non Forêt,
123,1959,Non Forêt,
123,1960,Non Forêt,
123,1961,Forêt,
124,1969,Non Forêt,
124,1970,Non Forêt,
124,1971,Non Forêt,
124,1972,Non Forêt,
124,1973,Non Forêt,
124,1974,Forêt,
124,1975,Non Forêt,
124,1976,Non Forêt,
124,1977,Non Forêt,
125,1985,Non Forêt,
125,1986,Non Forêt,
125,1987,Non Forêt,
125,1988,Non Forêt,
125,1989,Non Forêt,
125,1990,Non Forêt,
125,1991,Non Forêt,
125,1992,Non Forêt,
125,1993,Non Forêt,
126,2001,Non Forêt,
126,2002,Non Forêt,
126,2003,Non Forêt,
126,2004,Non Forêt,
126,2005,Non Forêt,
126,2006,Non Forêt,
126,2007,Non Forêt,
126,2008,Non Forêt,
126,2009,Non Forêt,
127,2017,Non Forêt,
127,2018,Non Forêt,
127,2019,Non Forêt,
127,2020,Non Forêt,
127,2021,Non Forêt,
127,2022,Non Forêt,
127,2023,Non Forêt,
127,2024,Forêt,
127,2025,Forêt,
128,2033,Non Forêt,
128,2034,Non Forêt,
128,2035,Non Forêt,
128,2036,Non Forêt,
128,2037,Non Forêt,
128,2038,Non Forêt,
128,2039,Non Forêt,
128,2040,Non Forêt,
128,2041,Non Forêt,
129,2049,Non Forêt,
129,2050,Non Forêt,
129,2051,Non Forêt,
129,2052,Non Forêt,
129,2053,Non Forêt,
129,2054,Non Forêt,
129,2055,Non Forêt,
129,2056,Non Forêt,
129,2057,Non Forêt,
130,2065,Non Forêt,
130,2066,Non Forêt,
130,2067,Non Forêt,
130,2068,Non Forêt,
130,2069,Non Forêt,
130,2070,Non Forêt,
130,2071,Non Forêt,
130,2072,Non Forêt,
130,2073,Non Forêt,
131,2081,Non Forêt,
131,2082,Non Forêt,
131,2083,Non Forêt,
131,2084,Non Forêt,
131,2085,Non Forêt,
131,2086,Non Forêt,
131,2087,Non Forêt,
131,2088,Non Forêt,
131,2089,Non Forêt,
132,2097,Non Forêt,
132,2098,Non Forêt,
132,2099,Non Forêt,
132,2100,Non Forêt,
132,2101,Non Forêt,
132,2102,Non Forêt,
132,2103,Non Forêt,
132,2104,Non Forêt,
132,2105,Non Forêt,
133,2113,Non Forêt,
133,2114,Non Forêt,
133,2115,Non Forêt,
133,2116,Non Forêt,
133,2117,Non Forêt,
133,2118,Non Forêt,
133,2119,Non Forêt,
133,2120,Non Forêt,
133,2121,Non Forêt,
134,2129,Non Forêt,
134,2130,Non Forêt,
134,2131,Non Forêt,
134,2132,Non Forêt,
134,2133,Non Forêt,
134,2134,Non Forêt,
134,2135,Non Forêt,
134,2136,Non Forêt,
134,2137,Non Forêt,
135,2145,Non Forêt,
135,2146,Non Forêt,
135,2147,Non Forêt,
135,2148,Non Forêt,
135,2149,Non Forêt,
135,2150,Forêt,
135,2151,Forêt,
135,2152,Forêt,
135,2153,Non Forêt,
136,2161,Forêt,
136,2162,Forêt,
136,2163,Forêt,
136,2164,Non Forêt,
136,2165,Non Forêt,
136,2166,Forêt,
136,2167,Forêt,
136,2168,Non Forêt,
136,2169,Forêt,
137,2177,Non Forêt,
137,2178,Forêt,
137,2179,Forêt,
137,2180,Non Forêt,
137,2181,Forêt,
137,2182,Forêt,
137,2183,Non Forêt,
137,2184,Non Forêt,
137,2185,Forêt,
138,2193,Forêt,
138,2194,Forêt,
138,2195,Non Forêt,
138,2196,Forêt,
138,2197,Forêt,
138,2198,Forêt,
138,2199,Forêt,
138,2200,Forêt,
138,2201,Forêt,
139,2209,Non Forêt,
139,2210,Non Forêt,
139,2211,Non Forêt,
139,2212,Non Forêt,
139,2213,Non Forêt,
139,2214,Non Forêt,
139,2215,Non Forêt,
139,2216,Non Forêt,
139,2217,Non Forêt,
140,2225,Non Forêt,
140,2226,Non Forêt,
140,2227,Non Forêt,
140,2228,Non Forêt,
140,2229,Non Forêt,
140,2230,Non Forêt,
140,2231,Non Forêt,
140,2232,Non Forêt,
140,2233,Non Forêt,
141,2241,Non Forêt,
141,2242,Non Forêt,
141,2243,Forêt,
141,2244,Non Forêt,
141,2245,Non Forêt,
141,2246,Non Forêt,
141,2247,Non Forêt,
141,2248,Non Forêt,
141,2249,Non Forêt,
142,2257,Non Forêt,
142,2258,Non Forêt,
142,2259,Non Forêt,
142,2260,Non Forêt,
142,2261,Non Forêt,
142,2262,Non Forêt,
142,2263,Non Forêt,
142,2264,Non Forêt,
142,2265,Non Forêt,
143,2273,Non Forêt,
143,2274,Non Forêt,
143,2275,Non Forêt,
143,2276,Non Forêt,
143,2277,Non Forêt,
143,2278,Non Forêt,
143,2279,Forêt,
143,2280,Non Forêt,
143,2281,Non Forêt,
144,2289,Non Forêt,
144,2290,Non Forêt,
144,2291,Non Forêt,
144,2292,Non Forêt,
144,2293,Non Forêt,
144,2294,Non Forêt,
144,2295,Non Forêt,
144,2296,Non Forêt,
144,2297,Non Forêt,
145,2305,Non Forêt,
145,2306,Non Forêt,
145,2307,Non Forêt,
145,2308,Non Forêt,
145,2309,Non Forêt,
145,2310,Non Forêt,
145,2311,Non Forêt,
145,2312,Non Forêt,
145,2313,Non Forêt,
146,2321,Non Forêt,
146,2322,Non Forêt,
146,2323,Non Forêt,
146,2324,Non Forêt,
146,2325,Non Forêt,
146,2326,Non Forêt,
146,2327,Non Forêt,
146,2328,Non Forêt,
146,2329,Non Forêt,
147,2337,Non Forêt,
147,2338,Non Forêt,
147,2339,Non Forêt,
147,2340,Non Forêt,
147,2341,Non Forêt,
147,2342,Non Forêt,
147,2343,Non Forêt,
147,2344,Non Forêt,
147,2345,Non Forêt,
148,2353,Non Forêt,
148,2354,Non Forêt,
148,2355,Forêt,
148,2356,Non Forêt,
148,2357,Non Forêt,
148,2358,Non Forêt,
148,2359,Non Forêt,
148,2360,Non Forêt,
148,2361,Non Forêt,
149,2369,Non Forêt,
149,2370,Non Forêt,
149,2371,Non Forêt,
149,2372,Non Forêt,
149,2373,Non Forêt,
149,2374,Non Forêt,
149,2375,Non Forêt,
149,2376,Non Forêt,
149,2377,Non Forêt,
150,2385,Non Forêt,
150,2386,Non Forêt,
150,2387,Non Forêt,
150,2388,Non Forêt,
150,2389,Non Forêt,
150,2390,Non Forêt,
150,2391,Non Forêt,
150,2392,Non Forêt,
150,2393,Non Forêt,
151,2401,Forêt,
151,2402,Forêt,
151,2403,Forêt,
151,2404,Forêt,
151,2405,Forêt,
151,2406,Forêt,
151,2407,Non Forêt,
151,2408,Forêt,
151,2409,Forêt,
152,2417,Non Forêt,
152,2418,Non Forêt,
152,2419,Non Forêt,
152,2420,Non Forêt,
152,2421,Non Forêt,
152,2422,Non Forêt,
152,2423,Non Forêt,
152,2424,Non Forêt,
152,2425,Forêt,
153,2433,Forêt,
153,2434,Forêt,
153,2435,Forêt,
153,2436,Non Forêt,
153,2437,Non Forêt,
153,2438,Non Forêt,
153,2439,Non Forêt,
153,2440,Non Forêt,
153,2441,Non Forêt,
154,2449,Non Forêt,
154,2450,Non Forêt,
154,2451,Non Forêt,
154,2452,Non Forêt,
154,2453,Non Forêt,
154,2454,Forêt,
154,2455,Non Forêt,
154,2456,Non Forêt,
154,2457,Non Forêt,
155,2465,Forêt,
155,2466,Non Forêt,
155,2467,Non Forêt,
155,2468,Non Forêt,
155,2469,Non Forêt,
155,2470,Non Forêt,
155,2471,Non Forêt,
155,2472,Non Forêt,
155,2473,Non Forêt,
156,2481,Forêt,
156,2482,Forêt,
156,2483,Forêt,
156,2484,Forêt,
156,2485,Forêt,
156,2486,Forêt,
156,2487,Non Forêt,
156,2488,Non Forêt,
156,2489,Non Forêt,
157,2497,Forêt,
157,2498,Forêt,
157,2499,Forêt,
157,2500,Forêt,
157,2501,Forêt,
157,2502,Forêt,
157,2503,Forêt,
157,2504,Forêt,
157,2505,Forêt,
158,2513,Non Forêt,
158,2514,Non Forêt,
158,2515,Non Forêt,
158,2516,Non Forêt,
158,2517,Non Forêt,
158,2518,Non Forêt,
158,2519,Non Forêt,
158,2520,Non Forêt,
158,2521,Non Forêt,
159,2529,Forêt,
159,2530,Non Forêt,
159,2531,Non Forêt,
159,2532,Forêt,
159,2533,Non Forêt,
159,2534,Non Forêt,
159,2535,Forêt,
159,2536,Non Forêt,
159,2537,Non Forêt,
160,2545,Forêt,
160,2546,Non Forêt,
160,2547,Forêt,
160,2548,Forêt,
160,2549,Non Forêt,
160,2550,Non Forêt,
160,2551,Forêt,
160,2552,Non Forêt,
160,2553,Forêt,
161,2561,Forêt,
161,2562,Forêt,
161,2563,Forêt,
161,2564,Forêt,
161,2565,Forêt,
161,2566,Forêt,
161,2567,Forêt,
161,2568,Forêt,
161,2569,Forêt,
162,2577,Non Forêt,
162,2578,Non Forêt,
162,2579,Forêt,
162,2580,Non Forêt,
162,2581,Non Forêt,
162,2582,Forêt,
162,2583,Non Forêt,
162,2584,Non Forêt,
162,2585,Forêt,
163,2593,Non Forêt,
163,2594,Non Forêt,
163,2595,Non Forêt,
163,2596,Non Forêt,
163,2597,Forêt,
163,2598,Non Forêt,
163,2599,Non Forêt,
163,2600,Non Forêt,
163,2601,Non Forêt,
164,2609,Forêt,
164,2610,Forêt,
164,2611,Non Forêt,
164,2612,Forêt,
164,2613,Forêt,
164,2614,Non Forêt,
164,2615,Forêt,
164,2616,Forêt,
164,2617,Forêt,
165,2625,Non Forêt,
165,2626,Forêt,
165,2627,Forêt,
165,2628,Forêt,
165,2629,Forêt,
165,2630,Forêt,
165,2631,Forêt,
165,2632,Forêt,
165,2633,Forêt,
166,2641,Forêt,
166,2642,Forêt,
166,2643,Forêt,
166,2644,Forêt,
166,2645,Forêt,
166,2646,Forêt,
166,2647,Forêt,
166,2648,Forêt,
166,2649,Forêt,
167,2657,Non Forêt,
167,2658,Non Forêt,
167,2659,Non Forêt,
167,2660,Non Forêt,
167,2661,Non Forêt,
167,2662,Non Forêt,
167,2663,Non Forêt,
167,2664,Non Forêt,
167,2665,Non Forêt,
168,2673,Forêt,
168,2674,Forêt,
168,2675,Forêt,
168,2676,Forêt,
168,2677,Forêt,
168,2678,Forêt,
168,2679,Non Forêt,
168,2680,Non Forêt,
168,2681,Non Forêt,
169,2689,Non Forêt,
169,2690,Non Forêt,
169,2691,Non Forêt,
169,2692,Non Forêt,
169,2693,Non Forêt,
169,2694,Non Forêt,
169,2695,Non Forêt,
169,2696,Non Forêt,
169,2697,Non Forêt,
170,2705,Non Forêt,
170,2706,Non Forêt,
170,2707,Non Forêt,
170,2708,Non Forêt,
170,2709,Non Forêt,
170,2710,Forêt,
170,2711,Non Forêt,
170,2712,Non Forêt,
170,2713,Forêt,
171,2721,Non Forêt,
171,2722,Non Forêt,
171,2723,Non Forêt,
171,2724,Non Forêt,
171,2725,Non Forêt,
171,2726,Non Forêt,
171,2727,Non Forêt,
171,2728,Non Forêt,
171,2729,Non Forêt,
172,2737,Non Forêt,
172,2738,Forêt,
172,2739,Forêt,
172,2740,Non Forêt,
172,2741,Forêt,
172,2742,Forêt,
172,2743,Non Forêt,
172,2744,Forêt,
172,2745,Forêt,
173,2753,Non Forêt,
173,2754,Forêt,
173,2755,Forêt,
173,2756,Non Forêt,
173,2757,Non Forêt,
173,2758,Non Forêt,
173,2759,Non Forêt,
173,2760,Non Forêt,
173,2761,Non Forêt,
174,2769,Forêt,
174,2770,Forêt,
174,2771,Forêt,
174,2772,Forêt,
174,2773,Forêt,
174,2774,Forêt,
174,2775,Forêt,
174,2776,Forêt,
174,2777,Forêt,
175,2785,Forêt,
175,2786,Forêt,
175,2787,Forêt,
175,2788,Forêt,
175,2789,Forêt,
175,2790,Forêt,
175,2791,Forêt,
175,2792,Forêt,
175,2793,Forêt,
176,2801,Forêt,
176,2802,Forêt,
176,2803,Forêt,
176,2804,Forêt,
176,2805,Forêt,
176,2806,Forêt,
176,2807,Forêt,
176,2808,Forêt,
176,2809,Forêt,
177,2817,Non Forêt,
177,2818,Non Forêt,
177,2819,Non Forêt,
177,2820,Non Forêt,
177,2821,Non Forêt,
177,2822,Non Forêt,
177,2823,Non Forêt,
177,2824,Non Forêt,
177,2825,Non Forêt,
178,2833,Non Forêt,
178,2834,Non Forêt,
178,2835,Forêt,
178,2836,Non Forêt,
178,2837,Non Forêt,
178,2838,Forêt,
178,2839,Non Forêt,
178,2840,Non Forêt,
178,2841,Non Forêt,
179,2849,Non Forêt,
179,2850,Non Forêt,
179,2851,Non Forêt,
179,2852,Non Forêt,
179,2853,Non Forêt,
179,2854,Non Forêt,
179,2855,Non Forêt,
179,2856,Non Forêt,
179,2857,Non Forêt,
180,2865,Forêt,
180,2866,Forêt,
180,2867,Non Forêt,
180,2868,Forêt,
180,2869,Forêt,
180,2870,Non Forêt,
180,2871,Forêt,
180,2872,Forêt,
180,2873,Non Forêt,
181,2881,Non Forêt,
181,2882,Non Forêt,
181,2883,Non Forêt,
181,2884,Non Forêt,
181,2885,Non Forêt,
181,2886,Non Forêt,
181,2887,Non Forêt,
181,2888,Non Forêt,
181,2889,Forêt,
182,2897,Non Forêt,
182,2898,Non Forêt,
182,2899,Non Forêt,
182,2900,Non Forêt,
182,2901,Non Forêt,
182,2902,Non Forêt,
182,2903,Non Forêt,
182,2904,Non Forêt,
182,2905,Non Forêt,
183,2913,Non Forêt,
183,2914,Non Forêt,
183,2915,Non Forêt,
183,2916,Non Forêt,
183,2917,Non Forêt,
183,2918,Non Forêt,
183,2919,Non Forêt,
183,2920,Non Forêt,
183,2921,Non Forêt,
184,2929,Non Forêt,
184,2930,Non Forêt,
184,2931,Non Forêt,
184,2932,Non Forêt,
184,2933,Non Forêt,
184,2934,Non Forêt,
184,2935,Non Forêt,
184,2936,Non Forêt,
184,2937,Non Forêt,
185,2945,Non Forêt,
185,2946,Non Forêt,
185,2947,Non Forêt,
185,2948,Non Forêt,
185,2949,Non Forêt,
185,2950,Non Forêt,
185,2951,Non Forêt,
185,2952,Non Forêt,
185,2953,Non Forêt,
186,2961,Forêt,
186,2962,Forêt,
186,2963,Forêt,
186,2964,Non Forêt,
186,2965,Forêt,
186,2966,Forêt,
186,2967,Non Forêt,
186,2968,Non Forêt,
186,2969,Forêt,
187,2977,Non Forêt,
187,2978,Non Forêt,
187,2979,Non Forêt,
187,2980,Non Forêt,
187,2981,Non Forêt,
187,2982,Forêt,
187,2983,Non Forêt,
187,2984,Forêt,
187,2985,Forêt,
188,2993,Forêt,
188,2994,Non Forêt,
188,2995,Non Forêt,
188,2996,Non Forêt,
188,2997,Forêt,
188,2998,Non Forêt,
188,2999,Non Forêt,
188,3000,Non Forêt,
188,3001,Forêt,
189,3009,Non Forêt,
189,3010,Forêt,
189,3011,Non Forêt,
189,3012,Non Forêt,
189,3013,Non Forêt,
189,3014,Non Forêt,
189,3015,Non Forêt,
189,3016,Non Forêt,
189,3017,Non Forêt,
190,3025,Non Forêt,
190,3026,Non Forêt,
190,3027,Non Forêt,
190,3028,Forêt,
190,3029,Non Forêt,
190,3030,Non Forêt,
190,3031,Forêt,
190,3032,Forêt,
190,3033,Non Forêt,
191,3041,Non Forêt,
191,3042,Non Forêt,
191,3043,Non Forêt,
191,3044,Forêt,
191,3045,Non Forêt,
191,3046,Non Forêt,
191,3047,Non Forêt,
191,3048,Forêt,
191,3049,Forêt,
192,3057,Non Forêt,
192,3058,Non Forêt,
192,3059,Non Forêt,
192,3060,Non Forêt,
192,3061,Non Forêt,
192,3062,Non Forêt,
192,3063,Non Forêt,
192,3064,Non Forêt,
192,3065,Non Forêt,
193,3073,Non Forêt,
193,3074,Non Forêt,
193,3075,Non Forêt,
193,3076,Non Forêt,
193,3077,Non Forêt,
193,3078,Non Forêt,
193,3079,Non Forêt,
193,3080,Non Forêt,
193,3081,Non Forêt,
194,3089,Non interprétable,
194,3090,Non interprétable,
194,3091,Non interprétable,
194,3092,Non interprétable,
194,3093,Non interprétable,
194,3094,Non interprétable,
194,3095,Non interprétable,
194,3096,Non interprétable,
194,3097,Non interprétable,
195,3105,Non Forêt,
195,3106,Non Forêt,
195,3107,Non Forêt,
195,3108,Non Forêt,
195,3109,Non Forêt,
195,3110,Non Forêt,
195,3111,Non Forêt,
195,3112,Non Forêt,
195,3113,Non Forêt,
196,3121,Non Forêt,
196,3122,Forêt,
196,3123,Forêt,
196,3124,Non Forêt,
196,3125,Non Forêt,
196,3126,Non Forêt,
196,3127,Forêt,
196,3128,Non Forêt,
196,3129,Non Forêt,
197,3137,Non Forêt,
197,3138,Non Forêt,
197,3139,Non Forêt,
197,3140,Non Forêt,
197,3141,Non Forêt,
197,3142,Non Forêt,
197,3143,Non Forêt,
197,3144,Non Forêt,
197,3145,Non Forêt,
198,3153,Non Forêt,
198,3154,Non Forêt,
198,3155,Non Forêt,
198,3156,Non Forêt,
198,3157,Non Forêt,
198,3158,Non Forêt,
198,3159,Non Forêt,
198,3160,Non Forêt,
198,3161,Non Forêt,
199,3169,Non Forêt,
199,3170,Non Forêt,
199,3171,Non Forêt,
199,3172,Non Forêt,
199,3173,Non Forêt,
199,3174,Forêt,
199,3175,Non Forêt,
199,3176,Forêt,
199,3177,Forêt,
200,3185,Non Forêt,
200,3186,Non Forêt,
200,3187,Non Forêt,
200,3188,Non Forêt,
200,3189,Non Forêt,
200,3190,Non Forêt,
200,3191,Non Forêt,
200,3192,Non Forêt,
200,3193,Non Forêt,
201,3201,Non Forêt,
201,3202,Non Forêt,
201,3203,Non Forêt,
201,3204,Non Forêt,
201,3205,Non Forêt,
201,3206,Non Forêt,
201,3207,Non Forêt,
201,3208,Non Forêt,
201,3209,Non Forêt,
202,3217,Non Forêt,
202,3218,Non Forêt,
202,3219,Non Forêt,
202,3220,Non Forêt,
202,3221,Non Forêt,
202,3222,Non Forêt,
202,3223,Non Forêt,
202,3224,Non Forêt,
202,3225,Non Forêt,
203,3233,Non Forêt,
203,3234,Non Forêt,
203,3235,Non Forêt,
203,3236,Non Forêt,
203,3237,Non Forêt,
203,3238,Non Forêt,
203,3239,Non Forêt,
203,3240,Non Forêt,
203,3241,Non Forêt,
204,3249,Non Forêt,
204,3250,Non Forêt,
204,3251,Non Forêt,
204,3252,Non Forêt,
204,3253,Non Forêt,
204,3254,Non Forêt,
204,3255,Non Forêt,
204,3256,Non Forêt,
204,3257,Non Forêt,
205,3265,Non Forêt,
205,3266,Non Forêt,
205,3267,Non Forêt,
205,3268,Non Forêt,
205,3269,Non Forêt,
205,3270,Non Forêt,
205,3271,Non Forêt,
205,3272,Non Forêt,
205,3273,Non Forêt,
206,3281,Non Forêt,
206,3282,Non Forêt,
206,3283,Non Forêt,
206,3284,Non Forêt,
206,3285,Non Forêt,
206,3286,Non Forêt,
206,3287,Non Forêt,
206,3288,Non Forêt,
206,3289,Non Forêt,
207,3297,Non Forêt,
207,3298,Non Forêt,
207,3299,Non Forêt,
207,3300,Non Forêt,
207,3301,Non Forêt,
207,3302,Non Forêt,
207,3303,Non Forêt,
207,3304,Non Forêt,
207,3305,Non Forêt,
208,3313,Non Forêt,
208,3314,Non Forêt,
208,3315,Non Forêt,
208,3316,Non Forêt,
208,3317,Non Forêt,
208,3318,Non Forêt,
208,3319,Non Forêt,
208,3320,Non Forêt,
208,3321,Non Forêt,
209,3329,Non Forêt,
209,3330,Forêt,
209,3331,Non Forêt,
209,3332,Non Forêt,
209,3333,Non Forêt,
209,3334,Non Forêt,
209,3335,Non Forêt,
209,3336,Non Forêt,
209,3337,Non Forêt,
210,3345,Forêt,
210,3346,Non Forêt,
210,3347,Non Forêt,
210,3348,Forêt,
210,3349,Non Forêt,
210,3350,Non Forêt,
210,3351,Forêt,
210,3352,Non Forêt,
210,3353,Non Forêt,
211,3361,Non Forêt,
211,3362,Non Forêt,
211,3363,Non Forêt,
211,3364,Non Forêt,
211,3365,Non Forêt,
211,3366,Non Forêt,
211,3367,Non Forêt,
211,3368,Non Forêt,
211,3369,Non Forêt,
212,3377,Non Forêt,
212,3378,Non Forêt,
212,3379,Non Forêt,
212,3380,Non Forêt,
212,3381,Non Forêt,
212,3382,Non Forêt,
212,3383,Non Forêt,
212,3384,Non Forêt,
212,3385,Non Forêt,
213,3393,Forêt,
213,3394,Forêt,
213,3395,Forêt,
213,3396,Forêt,
213,3397,Non Forêt,
213,3398,Forêt,
213,3399,Forêt,
213,3400,Forêt,
213,3401,Forêt,
214,3409,Non Forêt,
214,3410,Non Forêt,
214,3411,Forêt,
214,3412,Non Forêt,
214,3413,Non Forêt,
214,3414,Non Forêt,Non Forêt
214,3415,Non Forêt,Non Forêt
214,3416,Non Forêt,Non Forêt
214,3417,Non Forêt,Non Forêt
215,3425,Non Forêt,Non Forêt
215,3426,Non Forêt,Non Forêt
215,3427,Non Forêt,Non Forêt
215,3428,Non Forêt,Non Forêt
215,3429,Non Forêt,Non Forêt
215,3430,Non Forêt,Non Forêt
215,3431,Non Forêt,Non Forêt
215,3432,Non Forêt,Non Forêt
215,3433,Non Forêt,Non Forêt
216,3441,Non Forêt,
216,3442,Non Forêt,
216,3443,Non Forêt,
216,3444,Non Forêt,
216,3445,Non Forêt,
216,3446,Non Forêt,
216,3447,Non Forêt,Non Forêt
216,3448,Non Forêt,Non Forêt
216,3449,Non Forêt,Non Forêt
217,3457,Non Forêt,Non Forêt
217,3458,Non Forêt,Non Forêt
217,3459,Non Forêt,Non Forêt
217,3460,Non Forêt,Non Forêt
217,3461,Non Forêt,Non Forêt
217,3462,Non Forêt,Non Forêt
217,3463,Non Forêt,Non Forêt
217,3464,Non Forêt,Non Forêt
217,3465,Non Forêt,Non Forêt
218,3473,Non Forêt,Non Forêt
218,3474,Non Forêt,Non Forêt
218,3475,Non Forêt,Non Forêt
218,3476,Non Forêt,Non Forêt
218,3477,Non Forêt,Non Forêt
218,3478,Non Forêt,Non Forêt
218,3479,Non Forêt,Non Forêt
218,3480,Non Forêt,Non Forêt
218,3481,Non Forêt,Non Forêt
219,3489,Non Forêt,Non Forêt
219,3490,Non Forêt,Non Forêt
219,3491,Non Forêt,Non Forêt
219,3492,Non Forêt,Non Forêt
219,3493,Non Forêt,Non Forêt
219,3494,Non Forêt,Non Forêt
219,3495,Non Forêt,Non Forêt
219,3496,Non Forêt,Non Forêt
219,3497,Non Forêt,Non Forêt
220,3505,Non Forêt,Non Forêt
220,3506,Non Forêt,Forêt
220,3507,Non Forêt,Non Forêt
220,3508,Non Forêt,Forêt
220,3509,Non Forêt,Non Forêt
220,3510,Non Forêt,Non Forêt
220,3511,Non Forêt,Non Forêt
220,3512,Non Forêt,Non Forêt
220,3513,Non Forêt,Non Forêt
221,3521,Non Forêt,Non Forêt
221,3522,Non Forêt,Non Forêt
221,3523,Non Forêt,Non Forêt
221,3524,Non Forêt,Non Forêt
221,3525,Non Forêt,Non Forêt
221,3526,Non Forêt,Non Forêt
221,3527,Non Forêt,Non Forêt
221,3528,Non Forêt,Non Forêt
221,3529,Non Forêt,Non Forêt
222,3537,Non Forêt,Non Forêt
222,3538,Non Forêt,Non Forêt
222,3539,Non Forêt,Non Forêt
222,3540,Non Forêt,Non Forêt
222,3541,Non Forêt,Non Forêt
222,3542,Non Forêt,Non Forêt
222,3543,Non Forêt,Forêt
222,3544,Non Forêt,Non Forêt
222,3545,Non Forêt,Forêt
223,3553,Non Forêt,Non Forêt
223,3554,Non Forêt,Non Forêt
223,3555,Non Forêt,Non Forêt
223,3556,Non Forêt,Non Forêt
223,3557,Non Forêt,Non Forêt
223,3558,Non Forêt,Non Forêt
223,3559,Non Forêt,Non Forêt
223,3560,Non Forêt,Non Forêt
223,3561,Non Forêt,Non Forêt
224,3569,Non Forêt,Non Forêt
224,3570,Non Forêt,Non Forêt
224,3571,Non Forêt,Non Forêt
224,3572,Non Forêt,Non Forêt
224,3573,Non Forêt,Non Forêt
224,3574,Non Forêt,Non Forêt
224,3575,Non Forêt,Non Forêt
224,3576,Non Forêt,Non Forêt
224,3577,Non Forêt,Non Forêt
225,3585,Non Forêt,Non Forêt
225,3586,Non Forêt,Non Forêt
225,3587,Non Forêt,Non Forêt
225,3588,Non Forêt,Non Forêt
225,3589,Non Forêt,Non Forêt
225,3590,Non Forêt,Non Forêt
225,3591,Non Forêt,Forêt
225,3592,Non Forêt,Non Forêt
225,3593,Non Forêt,Non Forêt
226,3601,Non Forêt,Forêt
226,3602,Non Forêt,Forêt
226,3603,Forêt,Forêt
226,3604,Forêt,Forêt
226,3605,Forêt,Forêt
226,3606,Forêt,Forêt
226,3607,Forêt,Forêt
226,3608,Forêt,Forêt
226,3609,Non Forêt,Forêt
227,3617,Non Forêt,Non Forêt
227,3618,Non Forêt,Non Forêt
227,3619,Non Forêt,Non Forêt
227,3620,Non Forêt,Non Forêt
227,3621,Non Forêt,Non Forêt
227,3622,Non Forêt,Non Forêt
227,3623,Non Forêt,Non Forêt
227,3624,Non Forêt,Non Forêt
227,3625,Non Forêt,Non Forêt
228,3633,Non Forêt,Non Forêt
228,3634,Non Forêt,Non Forêt
228,3635,Non Forêt,Non Forêt
228,3636,Non Forêt,Non Forêt
228,3637,Non Forêt,Non Forêt
228,3638,Non Forêt,Non Forêt
228,3639,Non Forêt,Non Forêt
228,3640,Non Forêt,Non Forêt
228,3641,Non Forêt,Non Forêt
229,3649,Non Forêt,Non Forêt
229,3650,Non Forêt,Non Forêt
229,3651,Non Forêt,Non Forêt
229,3652,Non Forêt,Non Forêt
229,3653,Non Forêt,Non Forêt
229,3654,Non Forêt,Non Forêt
229,3655,Non Forêt,Non Forêt
229,3656,Non Forêt,Non Forêt
229,3657,Non Forêt,Non Forêt
230,3665,Non Forêt,Non Forêt
230,3666,Non Forêt,Non Forêt
230,3667,Non Forêt,Non Forêt
230,3668,Non Forêt,Non Forêt
230,3669,Non Forêt,Non Forêt
230,3670,Non Forêt,Non Forêt
230,3671,Non Forêt,Non Forêt
230,3672,Non Forêt,Non Forêt
230,3673,Forêt,Non Forêt
231,3681,Non Forêt,Non Forêt
231,3682,Non Forêt,Non Forêt
231,3683,Non Forêt,Non Forêt
231,3684,Non Forêt,Non Forêt
231,3685,Non Forêt,Non Forêt
231,3686,Non Forêt,Forêt
231,3687,Non Forêt,Forêt
231,3688,Non Forêt,Forêt
231,3689,Non Forêt,Forêt
232,3697,Non Forêt,Non Forêt
232,3698,Non Forêt,Non Forêt
232,3699,Non Forêt,Non Forêt
232,3700,Non Forêt,Non Forêt
232,3701,Non Forêt,Non Forêt
232,3702,Non Forêt,Non Forêt
232,3703,Non Forêt,Non Forêt
232,3704,Non Forêt,Non Forêt
232,3705,Non Forêt,Non Forêt
233,3713,Non Forêt,Non Forêt
233,3714,Non Forêt,Non Forêt
233,3715,Non Forêt,Non Forêt
233,3716,Non Forêt,Non Forêt
233,3717,Non Forêt,Non Forêt
233,3718,Non Forêt,Non Forêt
233,3719,Non Forêt,Non Forêt
233,3720,Non Forêt,Non Forêt
233,3721,Non Forêt,Non Forêt
234,3729,Non Forêt,Non Forêt
234,3730,Non Forêt,Non Forêt
234,3731,Non Forêt,Non Forêt
234,3732,Non Forêt,Non Forêt
234,3733,Non Forêt,Non Forêt
234,3734,Non Forêt,Non Forêt
234,3735,Non Forêt,Non Forêt
234,3736,Non Forêt,Forêt
234,3737,Non Forêt,Non Forêt
235,3745,Non Forêt,Non Forêt
235,3746,Non Forêt,Non Forêt
235,3747,Non Forêt,Non Forêt
235,3748,Non Forêt,Non Forêt
235,3749,Non Forêt,Non Forêt
235,3750,Non Forêt,Non Forêt
235,3751,Non Forêt,Non Forêt
235,3752,Non Forêt,Non Forêt
235,3753,Non Forêt,Non Forêt
236,3761,Non Forêt,Non Forêt
236,3762,Non Forêt,Non Forêt
236,3763,Forêt,Non Forêt
236,3764,Non Forêt,Non Forêt
236,3765,Non Forêt,Non Forêt
236,3766,Forêt,Non Forêt
236,3767,Non Forêt,Non Forêt
236,3768,Non Forêt,Non Forêt
236,3769,Forêt,Non Forêt
237,3777,Non Forêt,Non Forêt
237,3778,Non Forêt,Non Forêt
237,3779,Non Forêt,Non Forêt
237,3780,Non Forêt,Non Forêt
237,3781,Non Forêt,Non Forêt
237,3782,Non Forêt,Non Forêt
237,3783,Non Forêt,Non Forêt
237,3784,Non Forêt,Non Forêt
237,3785,Non Forêt,Non Forêt
238,3793,Non Forêt,Non Forêt
238,3794,Non Forêt,Non Forêt
238,3795,Forêt,Forêt
238,3796,Forêt,Non Forêt
238,3797,Non Forêt,Non Forêt
238,3798,Non Forêt,Non Forêt
238,3799,Non Forêt,Non Forêt
238,3800,Non Forêt,Non Forêt
238,3801,Non Forêt,Non Forêt
239,3809,Non Forêt,Non Forêt
239,3810,Non Forêt,Forêt
239,3811,Non Forêt,Non Forêt
239,3812,Non Forêt,Forêt
239,3813,Non Forêt,Forêt
239,3814,Non Forêt,Forêt
239,3815,Non Forêt,Non Forêt
239,3816,Non Forêt,Forêt
239,3817,Non Forêt,Forêt
240,3825,Non Forêt,Forêt
240,3826,Non Forêt,Forêt
240,3827,Non Forêt,Forêt
240,3828,Non Forêt,Forêt
240,3829,Non Forêt,Forêt
240,3830,Non Forêt,Forêt
240,3831,Non Forêt,Forêt
240,3832,Non Forêt,Forêt
240,3833,Non Forêt,Forêt
241,3841,Non Forêt,Non Forêt
241,3842,Non Forêt,Forêt
241,3843,Non Forêt,Non Forêt
241,3844,Non Forêt,Forêt
241,3845,Non Forêt,Forêt
241,3846,Non Forêt,Non Forêt
241,3847,Forêt,Forêt
241,3848,Forêt,Forêt
241,3849,Forêt,Forêt
242,3857,Non Forêt,Non Forêt
242,3858,Non Forêt,Non Forêt
242,3859,Non Forêt,Non Forêt
242,3860,Non Forêt,Non Forêt
242,3861,Non Forêt,Non Forêt
242,3862,Non Forêt,Non Forêt
242,3863,Non Forêt,Non Forêt
242,3864,Forêt,Forêt
242,3865,Forêt,Forêt
243,3873,Non Forêt,Non Forêt
243,3874,Non Forêt,Non Forêt
243,3875,Non Forêt,Non Forêt
243,3876,Non Forêt,Non Forêt
243,3877,Non Forêt,Non Forêt
243,3878,Non Forêt,Non Forêt
243,3879,Non Forêt,Non Forêt
243,3880,Non Forêt,Non Forêt
243,3881,Non Forêt,Non Forêt
244,3889,Non Forêt,Forêt
244,3890,Non Forêt,Forêt
244,3891,Non Forêt,Forêt
244,3892,Non Forêt,Forêt
244,3893,Non Forêt,Non Forêt
244,3894,Non Forêt,Non Forêt
244,3895,Non Forêt,Non Forêt
244,3896,Non Forêt,Forêt
244,3897,Non Forêt,Non Forêt
245,3905,Non Forêt,Non Forêt
245,3906,Non Forêt,Non Forêt
245,3907,Non Forêt,Non Forêt
245,3908,Non Forêt,Non Forêt
245,3909,Non Forêt,Non Forêt
245,3910,Non Forêt,Non Forêt
245,3911,Non Forêt,Non Forêt
245,3912,Non Forêt,Forêt
245,3913,Non Forêt,Forêt
246,3921,Non Forêt,Non Forêt
246,3922,Non Forêt,Non Forêt
246,3923,Non Forêt,Non Forêt
246,3924,Non Forêt,Non Forêt
246,3925,Non Forêt,Non Forêt
246,3926,Non Forêt,Non Forêt
246,3927,Non Forêt,Non Forêt
246,3928,Non Forêt,Non Forêt
246,3929,Non Forêt,Non Forêt
247,3937,Forêt,Non Forêt
247,3938,Non Forêt,Non Forêt
247,3939,Non Forêt,Non Forêt
247,3940,Forêt,Non Forêt
247,3941,Non Forêt,Non Forêt
247,3942,Non Forêt,Non Forêt
247,3943,Non Forêt,Non Forêt
247,3944,Non Forêt,Non Forêt
247,3945,Non Forêt,Non Forêt
248,3953,Non Forêt,Non Forêt
248,3954,Non Forêt,Non Forêt
248,3955,Non Forêt,Non Forêt
248,3956,Non Forêt,Non Forêt
248,3957,Non Forêt,Non Forêt
248,3958,Non Forêt,Non Forêt
248,3959,Non Forêt,Non Forêt
248,3960,Non Forêt,Non Forêt
248,3961,Non Forêt,Non Forêt
249,3969,Non Forêt,Non Forêt
249,3970,Non Forêt,Non Forêt
249,3971,Non Forêt,Non Forêt
249,3972,Non Forêt,Non Forêt
249,3973,Non Forêt,Non Forêt
249,3974,Non Forêt,Non Forêt
249,3975,Non Forêt,Non Forêt
249,3976,Non Forêt,Non Forêt
249,3977,Non Forêt,Non Forêt
250,3985,Non Forêt,Non Forêt
250,3986,Non Forêt,Non Forêt
250,3987,Non Forêt,Forêt
250,3988,Non Forêt,Forêt
250,3989,Non Forêt,Forêt
250,3990,Non Forêt,Non Forêt
250,3991,Non Forêt,Non Forêt
250,3992,Non Forêt,Non Forêt
250,3993,Non Forêt,Non Forêt
251,4001,Non Forêt,Non Forêt
251,4002,Non Forêt,Non Forêt
251,4003,Non Forêt,Non Forêt
251,4004,Non Forêt,Non Forêt
251,4005,Non Forêt,Non Forêt
251,4006,Non Forêt,Forêt
251,4007,Non Forêt,Non Forêt
251,4008,Non Forêt,Non Forêt
251,4009,Non Forêt,Non Forêt
252,4017,Non Forêt,Non Forêt
252,4018,Non Forêt,Non Forêt
252,4019,Non Forêt,Non Forêt
252,4020,Non Forêt,Non Forêt
252,4021,Non Forêt,Non Forêt
252,4022,Non Forêt,Non Forêt
252,4023,Non Forêt,Non Forêt
252,4024,Non Forêt,Non Forêt
252,4025,Non Forêt,Non Forêt
253,4033,Non Forêt,Non Forêt
253,4034,Non Forêt,Non Forêt
253,4035,Non Forêt,Non Forêt
253,4036,Non Forêt,Non Forêt
253,4037,Non Forêt,Non Forêt
253,4038,Non Forêt,Non Forêt
253,4039,Non Forêt,Non Forêt
253,4040,Non Forêt,Non Forêt
253,4041,Non Forêt,Non Forêt
254,4049,Forêt,Forêt
254,4050,Forêt,Non Forêt
254,4051,Forêt,Forêt
254,4052,Forêt,Non Forêt
254,4053,Forêt,Forêt
254,4054,Non Forêt,Non Forêt
254,4055,Non Forêt,Non Forêt
254,4056,Forêt,Non Forêt
254,4057,Non Forêt,Forêt
255,4065,Non Forêt,Non Forêt
255,4066,Non Forêt,Non Forêt
255,4067,Non Forêt,Non Forêt
255,4068,Non Forêt,Non Forêt
255,4069,Non Forêt,Non Forêt
255,4070,Non Forêt,Non Forêt
255,4071,Non Forêt,Non Forêt
255,4072,Non Forêt,Non Forêt
255,4073,Non Forêt,Non Forêt
256,4081,Forêt,Forêt
256,4082,Forêt,Forêt
256,4083,Forêt,Forêt
256,4084,Forêt,Forêt
256,4085,Forêt,Forêt
256,4086,Forêt,Forêt
256,4087,Forêt,Forêt
256,4088,Forêt,Forêt
256,4089,Forêt,Forêt
257,4097,Non Forêt,Non Forêt
257,4098,Non Forêt,Forêt
257,4099,Non Forêt,Forêt
257,4100,Non Forêt,Non Forêt
257,4101,Non Forêt,Forêt
257,4102,Non Forêt,Forêt
257,4103,Non Forêt,Non Forêt
257,4104,Non Forêt,Non Forêt
257,4105,Non Forêt,Forêt
258,4113,Forêt,Non Forêt
258,4114,Forêt,Non Forêt
258,4115,Forêt,Non Forêt
258,4116,Forêt,Non Forêt
258,4117,Forêt,Non Forêt
258,4118,Forêt,Non Forêt
258,4119,Forêt,Forêt
258,4120,Forêt,Non Forêt
258,4121,Forêt,Non Forêt
259,4129,Non Forêt,Non Forêt
259,4130,Non Forêt,Non Forêt
259,4131,Forêt,Non Forêt
259,4132,Non Forêt,Non Forêt
259,4133,Non Forêt,Non Forêt
259,4134,Non Forêt,Non Forêt
259,4135,Non Forêt,Non Forêt
259,4136,Non Forêt,Non Forêt
259,4137,Non Forêt,Non Forêt
260,4145,Non Forêt,Non Forêt
260,4146,Non Forêt,Non Forêt
260,4147,Non Forêt,Non Forêt
260,4148,Non Forêt,Non Forêt
260,4149,Non Forêt,Non Forêt
260,4150,Non Forêt,Forêt
260,4151,Non Forêt,Non Forêt
260,4152,Non Forêt,Forêt
260,4153,Non Forêt,Forêt
261,4161,Non Forêt,Non Forêt
261,4162,Non Forêt,Non Forêt
261,4163,Forêt,Non Forêt
261,4164,Forêt,Non Forêt
261,4165,Forêt,Non Forêt
261,4166,Forêt,Forêt
261,4167,Forêt,Forêt
261,4168,Forêt,Forêt
261,4169,Forêt,Forêt
262,4177,Non Forêt,Non Forêt
262,4178,Non Forêt,Non Forêt
262,4179,Non Forêt,Non Forêt
262,4180,Non Forêt,Non Forêt
262,4181,Non Forêt,Non Forêt
262,4182,Non Forêt,Non Forêt
262,4183,Non Forêt,Non Forêt
262,4184,Non Forêt,Non Forêt
262,4185,Non Forêt,Non Forêt
263,4193,Non Forêt,Non Forêt
263,4194,Non Forêt,Non Forêt
263,4195,Non Forêt,Forêt
263,4196,Non Forêt,Non Forêt
263,4197,Non Forêt,Non Forêt
263,4198,Non Forêt,Non Forêt
263,4199,Non Forêt,Non Forêt
263,4200,Non Forêt,Non Forêt
263,4201,Non Forêt,Non Forêt
264,4209,Non Forêt,Non Forêt
264,4210,Non Forêt,Non Forêt
264,4211,Non Forêt,Forêt
264,4212,Non Forêt,Non Forêt
264,4213,Non Forêt,Non Forêt
264,4214,Non Forêt,Non Forêt
264,4215,Non Forêt,Non Forêt
264,4216,Non Forêt,Non Forêt
264,4217,Non Forêt,Non Forêt
265,4225,Non Forêt,Non Forêt
265,4226,Non Forêt,Non Forêt
265,4227,Non Forêt,Non Forêt
265,4228,Non Forêt,Non Forêt
265,4229,Non Forêt,Non Forêt
265,4230,Non Forêt,Non Forêt
265,4231,Non Forêt,Non Forêt
265,4232,Non Forêt,Non Forêt
265,4233,Non Forêt,Non Forêt
266,4241,Non Forêt,Non Forêt
266,4242,Non Forêt,Non Forêt
266,4243,Non Forêt,Non Forêt
266,4244,Non Forêt,Non Forêt
266,4245,Non Forêt,Non Forêt
266,4246,Non Forêt,Non Forêt
266,4247,Non Forêt,Non Forêt
266,4248,Non Forêt,Non Forêt
266,4249,Non Forêt,Non Forêt
267,4257,Non Forêt,Non Forêt
267,4258,Forêt,Non Forêt
267,4259,Forêt,Forêt
267,4260,Forêt,Non Forêt
267,4261,Forêt,Non Forêt
267,4262,Forêt,Forêt
267,4263,Forêt,Non Forêt
267,4264,Non Forêt,Non Forêt
267,4265,Forêt,Non Forêt
268,4273,Forêt,Forêt
268,4274,Forêt,Forêt
268,4275,Forêt,Forêt
268,4276,Non Forêt,Forêt
268,4277,Forêt,Forêt
268,4278,Non Forêt,Non Forêt
268,4279,Non Forêt,Non Forêt
268,4280,Non Forêt,Non Forêt
268,4281,Non Forêt,Non Forêt
269,4289,Non Forêt,Non Forêt
269,4290,Non Forêt,Non Forêt
269,4291,Non Forêt,Non Forêt
269,4292,Non Forêt,Non Forêt
269,4293,Non Forêt,Non Forêt
269,4294,Non Forêt,Non Forêt
269,4295,Non Forêt,Non Forêt
269,4296,Non Forêt,Non Forêt
269,4297,Non Forêt,Non Forêt
270,4305,Non Forêt,Non Forêt
270,4306,Non Forêt,Non Forêt
270,4307,Non Forêt,Non Forêt
270,4308,Non Forêt,Non Forêt
270,4309,Non Forêt,Non Forêt
270,4310,Non Forêt,Non Forêt
270,4311,Non Forêt,Non Forêt
270,4312,Non Forêt,Non Forêt
270,4313,Non Forêt,Non Forêt
271,4321,Non Forêt,Non Forêt
271,4322,Non Forêt,Non Forêt
271,4323,Non Forêt,Non Forêt
271,4324,Non Forêt,Non Forêt
271,4325,Non Forêt,Non Forêt
271,4326,Non Forêt,Non Forêt
271,4327,Non Forêt,Non Forêt
271,4328,Non Forêt,Non Forêt
271,4329,Non Forêt,Non Forêt
272,4337,Non Forêt,Non Forêt
272,4338,Non Forêt,Non Forêt
272,4339,Non Forêt,Non Forêt
272,4340,Non Forêt,Non Forêt
272,4341,Non Forêt,Non Forêt
272,4342,Non Forêt,Non Forêt
272,4343,Non Forêt,Non Forêt
272,4344,Non Forêt,Non Forêt
272,4345,Non Forêt,Non Forêt
273,4353,Non Forêt,Non Forêt
273,4354,Non Forêt,Forêt
273,4355,Non Forêt,Forêt
273,4356,Non Forêt,Non Forêt
273,4357,Non Forêt,Forêt
273,4358,Non Forêt,Non Forêt
273,4359,Non Forêt,Non Forêt
273,4360,Non Forêt,Non Forêt
273,4361,Non Forêt,Non Forêt
274,4369,Forêt,Forêt
274,4370,Forêt,Forêt
274,4371,Non Forêt,
274,4372,Non Forêt,Non Forêt
274,4373,Non Forêt,Non Forêt
274,4374,Non Forêt,
274,4375,Non Forêt,Non Forêt
274,4376,Non Forêt,Non Forêt
274,4377,Non Forêt,
275,4385,Non Forêt,
275,4386,Non Forêt,
275,4387,Non Forêt,
275,4388,Non Forêt,Non Forêt
275,4389,Non Forêt,Non Forêt
275,4390,Non Forêt,Forêt
275,4391,Non Forêt,Non Forêt
275,4392,Non Forêt,Non Forêt
275,4393,Non Forêt,Forêt
276,4401,Forêt,Forêt
276,4402,Forêt,Non Forêt
276,4403,Non Forêt,Non Forêt
276,4404,Forêt,Forêt
276,4405,Forêt,Non Forêt
276,4406,Non Forêt,Non Forêt
276,4407,Forêt,Non Forêt
276,4408,Forêt,Non Forêt
276,4409,Forêt,Forêt
277,4417,Non Forêt,Non Forêt
277,4418,Non Forêt,Non Forêt
277,4419,Non Forêt,Non Forêt
277,4420,Non Forêt,Forêt
277,4421,Non Forêt,Non Forêt
277,4422,Non Forêt,Non Forêt
277,4423,Non Forêt,Forêt
277,4424,Non Forêt,Non Forêt
277,4425,Non Forêt,Non Forêt
278,4433,Forêt,Non Forêt
278,4434,Forêt,Non Forêt
278,4435,Forêt,Non Forêt
278,4436,Forêt,Non Forêt
278,4437,Forêt,Non Forêt
278,4438,Forêt,Non Forêt
278,4439,Forêt,Non Forêt
278,4440,Forêt,Non Forêt
278,4441,Forêt,Non Forêt
279,4449,Non Forêt,Non Forêt
279,4450,Forêt,Non Forêt
279,4451,Forêt,Non Forêt
279,4452,Non Forêt,Non Forêt
279,4453,Forêt,Non Forêt
279,4454,Forêt,Non Forêt
279,4455,Non Forêt,Non Forêt
279,4456,Forêt,Non Forêt
279,4457,Forêt,Non Forêt
280,4465,Non Forêt,Non Forêt
280,4466,Non Forêt,Non Forêt
280,4467,Forêt,Forêt
280,4468,Non Forêt,Non Forêt
280,4469,Non Forêt,Non Forêt
280,4470,Forêt,Non Forêt
280,4471,Non Forêt,Non Forêt
280,4472,Non Forêt,Non Forêt
280,4473,Forêt,Non Forêt
281,4481,Non Forêt,Forêt
281,4482,Non Forêt,Non Forêt
281,4483,Non Forêt,Non Forêt
281,4484,Non Forêt,Non Forêt
281,4485,Non Forêt,Non Forêt
281,4486,Non Forêt,Forêt
281,4487,Non Forêt,Non Forêt
281,4488,Non Forêt,Non Forêt
281,4489,Non Forêt,Forêt
282,4497,Non Forêt,Forêt
282,4498,Non Forêt,Non Forêt
282,4499,Non Forêt,Forêt
282,4500,Non Forêt,Non Forêt
282,4501,Non Forêt,Non Forêt
282,4502,Non Forêt,Forêt
282,4503,Non Forêt,Non Forêt
282,4504,Non Forêt,Non Forêt
282,4505,Non Forêt,Forêt
283,4513,Non Forêt,Non Forêt
283,4514,Non Forêt,Non Forêt
283,4515,Forêt,Forêt
283,4516,Non Forêt,Non Forêt
283,4517,Forêt,Non Forêt
283,4518,Forêt,Forêt
283,4519,Non Forêt,Non Forêt
283,4520,Forêt,Forêt
283,4521,Forêt,Forêt
284,4529,Forêt,Non Forêt
284,4530,Non Forêt,Non Forêt
284,4531,Non Forêt,Non Forêt
284,4532,Forêt,Non Forêt
284,4533,Non Forêt,Non Forêt
284,4534,Non Forêt,Non Forêt
284,4535,Non Forêt,Non Forêt
284,4536,Forêt,Non Forêt
284,4537,Non Forêt,Non Forêt
285,4545,Non Forêt,Non Forêt
285,4546,Non Forêt,Non Forêt
285,4547,Non Forêt,Non Forêt
285,4548,Non Forêt,Non Forêt
285,4549,Non Forêt,Non Forêt
285,4550,Non Forêt,Non Forêt
285,4551,Non Forêt,Non Forêt
285,4552,Non Forêt,Non Forêt
285,4553,Non Forêt,Non Forêt
286,4561,Non Forêt,Non Forêt
286,4562,Non Forêt,Non Forêt
286,4563,Non Forêt,Non Forêt
286,4564,Non Forêt,Non Forêt
286,4565,Non Forêt,Non Forêt
286,4566,Non Forêt,Non Forêt
286,4567,Non Forêt,Non Forêt
286,4568,Non Forêt,Non Forêt
286,4569,Non Forêt,Non Forêt
287,4577,Non Forêt,Non Forêt
287,4578,Non Forêt,Non Forêt
287,4579,Non Forêt,Non Forêt
287,4580,Forêt,Non Forêt
287,4581,Forêt,Non Forêt
287,4582,Non Forêt,Non Forêt
287,4583,Non Forêt,Non Forêt
287,4584,Non Forêt,Non Forêt
287,4585,Non Forêt,Non Forêt
288,4593,Non Forêt,Non Forêt
288,4594,Non Forêt,Non Forêt
288,4595,Non Forêt,Non Forêt
288,4596,Non Forêt,Non Forêt
288,4597,Non Forêt,Non Forêt
288,4598,Non Forêt,Non Forêt
288,4599,Non Forêt,Non Forêt
288,4600,Non Forêt,Non Forêt
288,4601,Non Forêt,Non Forêt
289,4609,Non Forêt,Non Forêt
289,4610,Non Forêt,Non Forêt
289,4611,Non Forêt,Non Forêt
289,4612,Non Forêt,Forêt
289,4613,Non Forêt,Non Forêt
289,4614,Non Forêt,Non Forêt
289,4615,Non Forêt,Forêt
289,4616,Non Forêt,Forêt
289,4617,Non Forêt,Forêt
290,4625,Non Forêt,Non Forêt
290,4626,Non Forêt,Non Forêt
290,4627,Non Forêt,Non Forêt
290,4628,Non Forêt,Non Forêt
290,4629,Non Forêt,Non Forêt
290,4630,Non Forêt,Non Forêt
290,4631,Non Forêt,Non Forêt
290,4632,Non Forêt,Non Forêt
290,4633,Non Forêt,Non Forêt
291,4641,Non Forêt,Non Forêt
291,4642,Non Forêt,Non Forêt
291,4643,Non Forêt,Non Forêt
291,4644,Non Forêt,Non Forêt
291,4645,Non Forêt,Non Forêt
291,4646,Non Forêt,Non Forêt
291,4647,Non Forêt,Non Forêt
291,4648,Non Forêt,Non Forêt
291,4649,Non Forêt,Non Forêt
292,4657,Non Forêt,Non Forêt
292,4658,Non Forêt,Non Forêt
292,4659,Non Forêt,Non Forêt
292,4660,Non Forêt,Non Forêt
292,4661,Non Forêt,Non Forêt
292,4662,Forêt,Non Forêt
292,4663,Non Forêt,Non Forêt
292,4664,Forêt,Non Forêt
292,4665,Forêt,Forêt
293,4673,Non Forêt,Non Forêt
293,4674,Non Forêt,Non Forêt
293,4675,Non Forêt,Non Forêt
293,4676,Non Forêt,Non Forêt
293,4677,Forêt,Non Forêt
293,4678,Forêt,Forêt
293,4679,Non Forêt,Forêt
293,4680,Non Forêt,Forêt
293,4681,Non Forêt,Non Forêt
294,4689,Non Forêt,Non Forêt
294,4690,Non Forêt,Non Forêt
294,4691,Forêt,Forêt
294,4692,Non Forêt,Non Forêt
294,4693,Non Forêt,Non Forêt
294,4694,Non Forêt,Forêt
294,4695,Non Forêt,Non Forêt
294,4696,Non Forêt,Non Forêt
294,4697,Non Forêt,Forêt
295,4705,Non Forêt,Non Forêt
295,4706,Non Forêt,Non Forêt
295,4707,Non Forêt,Non Forêt
295,4708,Non Forêt,Non Forêt
295,4709,Non Forêt,Non Forêt
295,4710,Non Forêt,Non Forêt
295,4711,Forêt,Forêt
295,4712,Non Forêt,Forêt
295,4713,Non Forêt,Forêt
296,4721,Non Forêt,Non Forêt
296,4722,Non Forêt,Non Forêt
296,4723,Non Forêt,
296,4724,Non Forêt,Non Forêt
296,4725,Non Forêt,Non Forêt
296,4726,Non Forêt,
296,4727,Non Forêt,Non Forêt
296,4728,Non Forêt,Non Forêt
296,4729,Non Forêt,Forêt
297,4737,Non Forêt,Forêt
297,4738,Non Forêt,Non Forêt
297,4739,Non Forêt,Non Forêt
297,4740,Forêt,Forêt
297,4741,Non Forêt,Non Forêt
297,4742,Non Forêt,Non Forêt
297,4743,Forêt,Forêt
297,4744,Non Forêt,Non Forêt
297,4745,Non Forêt,Non Forêt
298,4753,Non Forêt,Non Forêt
298,4754,Non Forêt,Non Forêt
298,4755,Non Forêt,Non Forêt
298,4756,Non Forêt,Non Forêt
298,4757,Non Forêt,Non Forêt
298,4758,Non Forêt,Non Forêt
298,4759,Non Forêt,Non Forêt
298,4760,Non Forêt,Non Forêt
298,4761,Non Forêt,Non Forêt
299,4769,Non Forêt,Non Forêt
299,4770,Non Forêt,Non Forêt
299,4771,Non Forêt,Non Forêt
299,4772,Non Forêt,Non Forêt
299,4773,Non Forêt,Non Forêt
299,4774,Non Forêt,Non Forêt
299,4775,Non Forêt,Non Forêt
299,4776,Non Forêt,Non Forêt
299,4777,Non Forêt,Non Forêt
300,4785,Non Forêt,Non Forêt
300,4786,Non Forêt,Non Forêt
300,4787,Non Forêt,Non Forêt
300,4788,Non Forêt,Non Forêt
300,4789,Non Forêt,Non Forêt
300,4790,Non Forêt,Non Forêt
300,4791,Non Forêt,Non Forêt
300,4792,Non Forêt,Non Forêt
300,4793,Non Forêt,
301,4801,Non Forêt,Non Forêt
301,4802,Non Forêt,Non Forêt
301,4803,Non Forêt,Non Forêt
301,4804,Non Forêt,Non Forêt
301,4805,Non Forêt,Non Forêt
301,4806,Non Forêt,Non Forêt
301,4807,Non Forêt,Non Forêt
301,4808,Non Forêt,Non Forêt
301,4809,Non Forêt,Non Forêt
302,4817,Non Forêt,Non Forêt
302,4818,Non Forêt,Non Forêt
302,4819,Non Forêt,Non Forêt
302,4820,Non Forêt,Non Forêt
302,4821,Non Forêt,Non Forêt
302,4822,Non Forêt,Non Forêt
302,4823,Non Forêt,Non Forêt
302,4824,Non Forêt,Non Forêt
302,4825,Non Forêt,Non Forêt
303,4833,Non Forêt,Non Forêt
303,4834,Non Forêt,Non Forêt
303,4835,Non Forêt,Non Forêt
303,4836,Non Forêt,Non Forêt
303,4837,Non Forêt,Non Forêt
303,4838,Non Forêt,Non Forêt
303,4839,Non Forêt,Non Forêt
303,4840,Non Forêt,Non Forêt
303,4841,Non Forêt,Non Forêt
304,4849,Non Forêt,Non Forêt
304,4850,Non Forêt,Non Forêt
304,4851,Non Forêt,Non Forêt
304,4852,Non Forêt,Non Forêt
304,4853,Non Forêt,Non Forêt
304,4854,Non Forêt,Non Forêt
304,4855,Non Forêt,Non Forêt
304,4856,Non Forêt,Non Forêt
304,4857,Non Forêt,Non Forêt
305,4865,Non Forêt,Non Forêt
305,4866,Non Forêt,Non Forêt
305,4867,Non Forêt,Non Forêt
305,4868,Non Forêt,Non Forêt
305,4869,Non Forêt,Non Forêt
305,4870,Non Forêt,Non Forêt
305,4871,Non Forêt,Non Forêt
305,4872,Non Forêt,Non Forêt
305,4873,Non Forêt,Non Forêt
306,4881,Non Forêt,Non Forêt
306,4882,Non Forêt,Non Forêt
306,4883,Non Forêt,Non Forêt
306,4884,Non Forêt,Non Forêt
306,4885,Non Forêt,Non Forêt
306,4886,Non Forêt,Non Forêt
306,4887,Non Forêt,Non Forêt
306,4888,Non Forêt,Non Forêt
306,4889,Non Forêt,Non Forêt
307,4897,Non Forêt,Non Forêt
307,4898,Non Forêt,Non Forêt
307,4899,Non Forêt,Forêt
307,4900,Forêt,Non Forêt
307,4901,Non Forêt,Non Forêt
307,4902,Non Forêt,Non Forêt
307,4903,Forêt,Non Forêt
307,4904,Forêt,Non Forêt
307,4905,Forêt,Non Forêt
308,4913,Non Forêt,Non Forêt
308,4914,Non Forêt,Non Forêt
308,4915,Non Forêt,Non Forêt
308,4916,Non Forêt,Non Forêt
308,4917,Non Forêt,Non Forêt
308,4918,Non Forêt,Non Forêt
308,4919,Non Forêt,Non Forêt
308,4920,Non Forêt,Non Forêt
308,4921,Non Forêt,Non Forêt
309,4929,Non Forêt,Non Forêt
309,4930,Forêt,Non Forêt
309,4931,Forêt,Non Forêt
309,4932,Non Forêt,Non Forêt
309,4933,Non Forêt,Forêt
309,4934,Forêt,Non Forêt
309,4935,Forêt,Non Forêt
309,4936,Non Forêt,Non Forêt
309,4937,Non Forêt,Non Forêt
310,4945,Non Forêt,Non Forêt
310,4946,Non Forêt,Non Forêt
310,4947,Non Forêt,Non Forêt
310,4948,Non Forêt,Non Forêt
310,4949,Non Forêt,Non Forêt
310,4950,Non Forêt,Non Forêt
310,4951,Non Forêt,Non Forêt
310,4952,Non Forêt,Non Forêt
310,4953,Non Forêt,Non Forêt
311,4961,Non Forêt,Non Forêt
311,4962,Non Forêt,Non Forêt
311,4963,Non Forêt,Non Forêt
311,4964,Non Forêt,Non Forêt
311,4965,Non Forêt,Non Forêt
311,4966,Non Forêt,Non Forêt
311,4967,Non Forêt,Forêt
311,4968,Non Forêt,Non Forêt
311,4969,Non Forêt,Non Forêt
312,4977,Non Forêt,Non Forêt
312,4978,Non Forêt,Non Forêt
312,4979,Non Forêt,Non Forêt
312,4980,Non Forêt,Non Forêt
312,4981,Non Forêt,Non Forêt
312,4982,Non Forêt,Non Forêt
312,4983,Non Forêt,Non Forêt
312,4984,Non Forêt,Non Forêt
312,4985,Non Forêt,Non Forêt
313,4993,Non Forêt,Non Forêt
313,4994,Non Forêt,Non Forêt
313,4995,Non Forêt,Non Forêt
313,4996,Non Forêt,Non Forêt
313,4997,Non Forêt,Non Forêt
313,4998,Non Forêt,Non Forêt
313,4999,Non Forêt,Non Forêt
313,5000,Non Forêt,Non Forêt
313,5001,Non Forêt,Non Forêt
314,5009,Non Forêt,Non Forêt
314,5010,Non Forêt,Non Forêt
314,5011,Non Forêt,Non Forêt
314,5012,Non Forêt,Non Forêt
314,5013,Non Forêt,Non Forêt
314,5014,Non Forêt,Non Forêt
314,5015,Non Forêt,Non Forêt
314,5016,Non Forêt,Non Forêt
314,5017,Non Forêt,Non Forêt
315,5025,Non Forêt,Non Forêt
315,5026,Non Forêt,Non Forêt
315,5027,Non Forêt,Non Forêt
315,5028,Non Forêt,Non Forêt
315,5029,Non Forêt,Non Forêt
315,5030,Non Forêt,Non Forêt
315,5031,Non Forêt,Non Forêt
315,5032,Non Forêt,Non Forêt
315,5033,Non Forêt,Non Forêt
316,5041,Non Forêt,Non Forêt
316,5042,Non Forêt,Forêt
316,5043,Non Forêt,Forêt
316,5044,Non Forêt,Forêt
316,5045,Non Forêt,Forêt
316,5046,Non Forêt,Non Forêt
316,5047,Non Forêt,Non Forêt
316,5048,Forêt,Non Forêt
316,5049,Non Forêt,Non Forêt
317,5057,Non Forêt,Non Forêt
317,5058,Non Forêt,Non Forêt
317,5059,Forêt,Non Forêt
317,5060,Forêt,Non Forêt
317,5061,Non Forêt,Non Forêt
317,5062,Forêt,Non Forêt
317,5063,Forêt,Non Forêt
317,5064,Non Forêt,Non Forêt
317,5065,Forêt,Non Forêt
318,5073,Non Forêt,Non Forêt
318,5074,Non Forêt,Non Forêt
318,5075,Non Forêt,Non Forêt
318,5076,Non Forêt,Non Forêt
318,5077,Non Forêt,Non Forêt
318,5078,Non Forêt,Non Forêt
318,5079,Non Forêt,Non Forêt
318,5080,Non Forêt,Non Forêt
318,5081,Non Forêt,Non Forêt
319,5089,Non Forêt,Non Forêt
319,5090,Non Forêt,Non Forêt
319,5091,Non Forêt,Non Forêt
319,5092,Non Forêt,Non Forêt
319,5093,Non Forêt,Non Forêt
319,5094,Non Forêt,Non Forêt
319,5095,Non Forêt,Non Forêt
319,5096,Non Forêt,Non Forêt
319,5097,Non Forêt,Non Forêt
320,5105,Non Forêt,Non Forêt
320,5106,Non Forêt,Non Forêt
320,5107,Forêt,Non Forêt
320,5108,Non Forêt,Non Forêt
320,5109,Non Forêt,Non Forêt
320,5110,Non Forêt,Non Forêt
320,5111,Non Forêt,Non Forêt
320,5112,Non Forêt,Non Forêt
320,5113,Non Forêt,Non Forêt
321,5121,Forêt,Forêt
321,5122,Forêt,Forêt
321,5123,Forêt,Forêt
321,5124,Forêt,Forêt
321,5125,Forêt,Forêt
321,5126,Forêt,Forêt
321,5127,Forêt,Forêt
321,5128,Forêt,Forêt
321,5129,Forêt,Forêt
322,5137,Forêt,Forêt
322,5138,Forêt,Forêt
322,5139,Forêt,Forêt
322,5140,Forêt,Forêt
322,5141,Forêt,Forêt
322,5142,Forêt,Forêt
322,5143,Forêt,Non Forêt
322,5144,Forêt,Forêt
322,5145,Forêt,Forêt
323,5153,Non Forêt,Non Forêt
323,5154,Forêt,Forêt
323,5155,Forêt,Forêt
323,5156,Non Forêt,Non Forêt
323,5157,Forêt,Forêt
323,5158,Forêt,Forêt
323,5159,Non Forêt,Non Forêt
323,5160,Forêt,Forêt
323,5161,Forêt,Forêt
324,5169,Non Forêt,Non Forêt
324,5170,Non Forêt,Non Forêt
324,5171,Non Forêt,Non Forêt
324,5172,Non Forêt,Non Forêt
324,5173,Non Forêt,Non Forêt
324,5174,Non Forêt,Non Forêt
324,5175,Non Forêt,Non Forêt
324,5176,Non Forêt,Non Forêt
324,5177,Non Forêt,Non Forêt
325,5185,Forêt,Non Forêt
325,5186,Non Forêt,Non Forêt
325,5187,Non Forêt,Non Forêt
325,5188,Forêt,Non Forêt
325,5189,Non Forêt,Non Forêt
325,5190,Non Forêt,Non Forêt
325,5191,Non Forêt,Non Forêt
325,5192,Non Forêt,Non Forêt
325,5193,Non Forêt,Non Forêt
326,5201,Non Forêt,Non Forêt
326,5202,Non Forêt,Non Forêt
326,5203,Non Forêt,Non Forêt
326,5204,Non Forêt,Non Forêt
326,5205,Non Forêt,Non Forêt
326,5206,Non Forêt,Non Forêt
326,5207,Non Forêt,Non Forêt
326,5208,Non Forêt,Non Forêt
326,5209,Non Forêt,Non Forêt
327,5217,Non Forêt,Non Forêt
327,5218,Non Forêt,Forêt
327,5219,Non Forêt,Forêt
327,5220,Non Forêt,Non Forêt
327,5221,Non Forêt,Non Forêt
327,5222,Non Forêt,Non Forêt
327,5223,Non Forêt,Non Forêt
327,5224,Non Forêt,Non Forêt
327,5225,Non Forêt,Non Forêt
328,5233,Non Forêt,Non Forêt
328,5234,Non Forêt,Non Forêt
328,5235,Non Forêt,Non Forêt
328,5236,Non Forêt,Non Forêt
328,5237,Non Forêt,Non Forêt
328,5238,Non Forêt,Non Forêt
328,5239,Non Forêt,Non Forêt
328,5240,Non Forêt,Non Forêt
328,5241,Non Forêt,Non Forêt
329,5249,Non Forêt,Non Forêt
329,5250,Non Forêt,Non Forêt
329,5251,Non Forêt,Non Forêt
329,5252,Non Forêt,Non Forêt
329,5253,Non Forêt,Non Forêt
329,5254,Non Forêt,Non Forêt
329,5255,Non Forêt,Non Forêt
329,5256,Non Forêt,Non Forêt
329,5257,Non Forêt,Non Forêt
330,5265,Non Forêt,Non Forêt
330,5266,Non Forêt,Non Forêt
330,5267,Non Forêt,Non Forêt
330,5268,Non Forêt,Forêt
330,5269,Non Forêt,Forêt
330,5270,Non Forêt,Non Forêt
330,5271,Non Forêt,Non Forêt
330,5272,Non Forêt,Non Forêt
330,5273,Non Forêt,Non Forêt
331,5281,Non Forêt,Non Forêt
331,5282,Non Forêt,Non Forêt
331,5283,Non Forêt,Non Forêt
331,5284,Non Forêt,Non Forêt
331,5285,Non Forêt,Non Forêt
331,5286,Non Forêt,Non Forêt
331,5287,Non Forêt,Non Forêt
331,5288,Non Forêt,Forêt
331,5289,Non Forêt,Non Forêt
332,5297,Non Forêt,Non Forêt
332,5298,Non Forêt,Non Forêt
332,5299,Non Forêt,Non Forêt
332,5300,Non Forêt,Non Forêt
332,5301,Non Forêt,Non Forêt
332,5302,Non Forêt,Non Forêt
332,5303,Non Forêt,Non Forêt
332,5304,Non Forêt,Non Forêt
332,5305,Non Forêt,Non Forêt
333,5313,Non Forêt,Non Forêt
333,5314,Non Forêt,Non Forêt
333,5315,Non Forêt,Non Forêt
333,5316,Non Forêt,Non Forêt
333,5317,Non Forêt,Non Forêt
333,5318,Non Forêt,Non Forêt
333,5319,Non Forêt,Non Forêt
333,5320,Non Forêt,Non Forêt
333,5321,Non Forêt,Non Forêt
334,5329,Non Forêt,Non Forêt
334,5330,Non Forêt,Non Forêt
334,5331,Non Forêt,Non Forêt
334,5332,Non Forêt,Non Forêt
334,5333,Non Forêt,Non Forêt
334,5334,Non Forêt,Non Forêt
334,5335,Non Forêt,Non Forêt
334,5336,Non Forêt,Non Forêt
334,5337,Non Forêt,Non Forêt
335,5345,Non Forêt,Non Forêt
335,5346,Non Forêt,Non Forêt
335,5347,Non Forêt,Non Forêt
335,5348,Non Forêt,Non Forêt
335,5349,Non Forêt,Non Forêt
335,5350,Non Forêt,Forêt
335,5351,Non Forêt,Non Forêt
335,5352,Non Forêt,Non Forêt
335,5353,Non Forêt,Non Forêt
336,5361,Non Forêt,Non Forêt
336,5362,Non Forêt,Non Forêt
336,5363,Non Forêt,Non Forêt
336,5364,Non Forêt,Non Forêt
336,5365,Non Forêt,Non Forêt
336,5366,Non Forêt,Non Forêt
336,5367,Forêt,Forêt
336,5368,Forêt,Forêt
336,5369,Non Forêt,Non Forêt
337,5377,Non Forêt,Non Forêt
337,5378,Non Forêt,Non Forêt
337,5379,Non Forêt,Non Forêt
337,5380,Non Forêt,Non Forêt
337,5381,Non Forêt,Non Forêt
337,5382,Non Forêt,Non Forêt
337,5383,Non Forêt,Non Forêt
337,5384,Non Forêt,Non Forêt
337,5385,Non Forêt,Non Forêt
338,5393,Non Forêt,Non Forêt
338,5394,Non Forêt,Non Forêt
338,5395,Non Forêt,Non Forêt
338,5396,Non Forêt,Non Forêt
338,5397,Non Forêt,Forêt
338,5398,Non Forêt,Non Forêt
338,5399,Non Forêt,Forêt
338,5400,Non Forêt,Non Forêt
338,5401,Non Forêt,Forêt
339,5409,Non Forêt,Non Forêt
339,5410,Non Forêt,Non Forêt
339,5411,Non Forêt,Non Forêt
339,5412,Non Forêt,Non Forêt
339,5413,Non Forêt,Non Forêt
339,5414,Non Forêt,Non Forêt
339,5415,Non Forêt,Non Forêt
339,5416,Non Forêt,Non Forêt
339,5417,Non Forêt,Forêt
340,5425,Non Forêt,Forêt
340,5426,Non Forêt,Non Forêt
340,5427,Non Forêt,Non Forêt
340,5428,Non Forêt,Non Forêt
340,5429,Non Forêt,Non Forêt
340,5430,Non Forêt,Non Forêt
340,5431,Non Forêt,Non Forêt
340,5432,Forêt,Forêt
340,5433,Forêt,Forêt
341,5441,Non Forêt,Non Forêt
341,5442,Non Forêt,Forêt
341,5443,Non Forêt,Forêt
341,5444,Forêt,Forêt
341,5445,Forêt,Forêt
341,5446,Forêt,Forêt
341,5447,Non Forêt,Forêt
341,5448,Forêt,Forêt
341,5449,Forêt,Forêt
342,5457,Non Forêt,Non Forêt
342,5458,Non Forêt,Non Forêt
342,5459,Non Forêt,Non Forêt
342,5460,Non Forêt,Non Forêt
342,5461,Non Forêt,Non Forêt
342,5462,Non Forêt,Non Forêt
342,5463,Non Forêt,Non Forêt
342,5464,Non Forêt,Non Forêt
342,5465,Non Forêt,Non Forêt
343,5473,Non Forêt,Non Forêt
343,5474,Non Forêt,Non Forêt
343,5475,Non Forêt,Non Forêt
343,5476,Non Forêt,Non Forêt
343,5477,Non Forêt,Non Forêt
343,5478,Non Forêt,Non Forêt
343,5479,Non Forêt,Non Forêt
343,5480,Non Forêt,Non Forêt
343,5481,Non Forêt,Non Forêt
344,5489,Non Forêt,Non Forêt
344,5490,Non Forêt,Non Forêt
344,5491,Non Forêt,Non Forêt
344,5492,Non Forêt,Non Forêt
344,5493,Non Forêt,Non Forêt
344,5494,Non Forêt,Non Forêt
344,5495,Non Forêt,Non Forêt
344,5496,Non Forêt,Non Forêt
344,5497,Non Forêt,Non Forêt
345,5505,Non Forêt,Non Forêt
345,5506,Non Forêt,Non Forêt
345,5507,Non Forêt,Non Forêt
345,5508,Non Forêt,Non Forêt
345,5509,Non Forêt,Non Forêt
345,5510,Non Forêt,Non Forêt
345,5511,Non Forêt,Non Forêt
345,5512,Non Forêt,Non Forêt
345,5513,Non Forêt,Non Forêt
346,5521,Non Forêt,Non Forêt
346,5522,Non Forêt,Non Forêt
346,5523,Non Forêt,Non Forêt
346,5524,Non Forêt,Non Forêt
346,5525,Non Forêt,Non Forêt
346,5526,Non Forêt,Non Forêt
346,5527,Non Forêt,Non Forêt
346,5528,Non Forêt,Non Forêt
346,5529,Non Forêt,Non Forêt
347,5537,Non Forêt,Non Forêt
347,5538,Forêt,Forêt
347,5539,Forêt,Forêt
347,5540,Non Forêt,Non Forêt
347,5541,Non Forêt,Forêt
347,5542,Forêt,Forêt
347,5543,Non Forêt,Non Forêt
347,5544,Non Forêt,Non Forêt
347,5545,Non Forêt,Non Forêt
348,5553,Non Forêt,Non Forêt
348,5554,Non Forêt,Non Forêt
348,5555,Non Forêt,Non Forêt
348,5556,Non Forêt,Non Forêt
348,5557,Non Forêt,Forêt
348,5558,Non Forêt,Non Forêt
348,5559,Non Forêt,Non Forêt
348,5560,Forêt,Forêt
348,5561,Forêt,Non Forêt
349,5569,Non Forêt,Non Forêt
349,5570,Non Forêt,Non Forêt
349,5571,Non Forêt,Non Forêt
349,5572,Non Forêt,Non Forêt
349,5573,Non Forêt,Non Forêt
349,5574,Non Forêt,Non Forêt
349,5575,Non Forêt,Non Forêt
349,5576,Forêt,Non Forêt
349,5577,Non Forêt,Non Forêt
350,5585,Non Forêt,Non Forêt
350,5586,Forêt,Non Forêt
350,5587,Non Forêt,Non Forêt
350,5588,Non Forêt,Non Forêt
350,5589,Forêt,Non Forêt
350,5590,Non Forêt,Non Forêt
350,5591,Non Forêt,Non Forêt
350,5592,Non Forêt,Non Forêt
350,5593,Non Forêt,Non Forêt
351,5601,Forêt,Non Forêt
351,5602,Non Forêt,Non Forêt
351,5603,Forêt,Non Forêt
351,5604,Non Forêt,Non Forêt
351,5605,Non Forêt,Non Forêt
351,5606,Forêt,Non Forêt
351,5607,Non Forêt,Non Forêt
351,5608,Non Forêt,Non Forêt
351,5609,Forêt,Forêt
352,5617,Non interprétable,Non Forêt
352,5618,Non interprétable,Non Forêt
352,5619,Non interprétable,Forêt
352,5620,Non interprétable,Forêt
352,5621,Non interprétable,Non Forêt
352,5622,Non interprétable,Non Forêt
352,5623,Non interprétable,Forêt
352,5624,Non interprétable,Non Forêt
352,5625,Non interprétable,Forêt
353,5633,Forêt,Non Forêt
353,5634,Forêt,Non Forêt
353,5635,Non Forêt,Non Forêt
353,5636,Forêt,Non Forêt
353,5637,Forêt,Non Forêt
353,5638,Forêt,Non Forêt
353,5639,Non Forêt,Forêt
353,5640,Forêt,Non Forêt
353,5641,Forêt,Non Forêt
354,5649,Forêt,Non Forêt
354,5650,Non Forêt,Non Forêt
354,5651,Forêt,Non Forêt
354,5652,Forêt,Non Forêt
354,5653,Forêt,Non Forêt
354,5654,Non Forêt,Non Forêt
354,5655,Forêt,Non Forêt
354,5656,Forêt,Non Forêt
354,5657,Non Forêt,Non Forêt
355,5665,Non Forêt,Non Forêt
355,5666,Non Forêt,Non Forêt
355,5667,Non Forêt,Non Forêt
355,5668,Non Forêt,Non Forêt
355,5669,Non Forêt,Non Forêt
355,5670,Non Forêt,Non Forêt
355,5671,Non Forêt,Non Forêt
355,5672,Non Forêt,Non Forêt
355,5673,Non Forêt,Non Forêt
356,5681,Forêt,Forêt
356,5682,Forêt,Forêt
356,5683,Forêt,Forêt
356,5684,Non Forêt,Non Forêt
356,5685,Non Forêt,Non Forêt
356,5686,Forêt,Non Forêt
356,5687,Non Forêt,Non Forêt
356,5688,Non Forêt,Non Forêt
356,5689,Non Forêt,Non Forêt
357,5697,Forêt,Non Forêt
357,5698,Forêt,Non Forêt
357,5699,Forêt,Non Forêt
357,5700,Forêt,Non Forêt
357,5701,Forêt,Non Forêt
357,5702,Forêt,Non Forêt
357,5703,Forêt,Non Forêt
357,5704,Forêt,Non Forêt
357,5705,Forêt,Non Forêt
358,5713,Forêt,Non Forêt
358,5714,Forêt,Non Forêt
358,5715,Forêt,Forêt
358,5716,Forêt,Non Forêt
358,5717,Forêt,Non Forêt
358,5718,Forêt,Non Forêt
358,5719,Forêt,Non Forêt
358,5720,Forêt,Non Forêt
358,5721,Forêt,Non Forêt
359,5729,Forêt,Forêt
359,5730,Forêt,Forêt
359,5731,Forêt,Forêt
359,5732,Forêt,Forêt
359,5733,Forêt,Non Forêt
359,5734,Forêt,Forêt
359,5735,Forêt,Non Forêt
359,5736,Forêt,Forêt
359,5737,Forêt,Forêt
360,5745,Forêt,Non Forêt
360,5746,Non Forêt,Non Forêt
360,5747,Non Forêt,Non Forêt
360,5748,Forêt,Forêt
360,5749,Forêt,Non Forêt
360,5750,Non Forêt,Non Forêt
360,5751,Forêt,Forêt
360,5752,Forêt,Non Forêt
360,5753,Forêt,Non Forêt
361,5761,Non Forêt,Non Forêt
361,5762,Non Forêt,Non Forêt
361,5763,Forêt,Forêt
361,5764,Non Forêt,Non Forêt
361,5765,Non Forêt,Non Forêt
361,5766,Non Forêt,Forêt
361,5767,Non Forêt,Non Forêt
361,5768,Non Forêt,Forêt
361,5769,Non Forêt,Forêt
362,5777,Non Forêt,Non Forêt
362,5778,Non Forêt,Non Forêt
362,5779,Non Forêt,Non Forêt
362,5780,Non Forêt,Non Forêt
362,5781,Forêt,Non Forêt
362,5782,Forêt,Forêt
362,5783,Non Forêt,Non Forêt
362,5784,Forêt,Non Forêt
362,5785,Forêt,Non Forêt
363,5793,Forêt,Non Forêt
363,5794,Non Forêt,Non Forêt
363,5795,Non Forêt,Non Forêt
363,5796,Forêt,Non Forêt
363,5797,Non Forêt,Non Forêt
363,5798,Non Forêt,Non Forêt
363,5799,Non Forêt,Non Forêt
363,5800,Non Forêt,Non Forêt
363,5801,Non Forêt,Non Forêt
364,5809,Forêt,Forêt
364,5810,Forêt,Non Forêt
364,5811,Non Forêt,Non Forêt
364,5812,Forêt,Forêt
364,5813,Forêt,Non Forêt
364,5814,Non Forêt,Non Forêt
364,5815,Forêt,Forêt
364,5816,Forêt,Non Forêt
364,5817,Forêt,Non Forêt
365,5825,Forêt,Non Forêt
365,5826,Forêt,Non Forêt
365,5827,Forêt,Non Forêt
365,5828,Forêt,Non Forêt
365,5829,Forêt,Non Forêt
365,5830,Forêt,Forêt
365,5831,Forêt,Non Forêt
365,5832,Forêt,Non Forêt
365,5833,Forêt,Non Forêt
366,5841,Forêt,Non Forêt
366,5842,Forêt,Non Forêt
366,5843,Forêt,
366,5844,Forêt,Forêt
366,5845,Forêt,Non Forêt
366,5846,Forêt,Non Forêt
366,5847,Forêt,Forêt
366,5848,Forêt,Forêt
366,5849,Forêt,Forêt
367,5857,Forêt,Forêt
367,5858,Forêt,Non Forêt
367,5859,Forêt,Non Forêt
367,5860,Forêt,Forêt
367,5861,Forêt,Non Forêt
367,5862,Forêt,Non Forêt
367,5863,Forêt,Forêt
367,5864,Forêt,Non Forêt
367,5865,Forêt,Forêt
368,5873,Non Forêt,Non Forêt
368,5874,Non Forêt,Non Forêt
368,5875,Non Forêt,Non Forêt
368,5876,Non Forêt,Non Forêt
368,5877,Non Forêt,Non Forêt
368,5878,Non Forêt,Non Forêt
368,5879,Non Forêt,Non Forêt
368,5880,Non Forêt,Non Forêt
368,5881,Non Forêt,Non Forêt
369,5889,Forêt,Non Forêt
369,5890,Forêt,Non Forêt
369,5891,Forêt,Non Forêt
369,5892,Forêt,Forêt
369,5893,Forêt,Non Forêt
369,5894,Forêt,Non Forêt
369,5895,Forêt,Forêt
369,5896,Forêt,Forêt
369,5897,Forêt,Forêt
370,5905,Non Forêt,Non Forêt
370,5906,Non Forêt,Non Forêt
370,5907,Non Forêt,Non Forêt
370,5908,Non Forêt,Non Forêt
370,5909,Non Forêt,Non Forêt
370,5910,Non Forêt,Non Forêt
370,5911,Non Forêt,Non Forêt
370,5912,Non Forêt,Non Forêt
370,5913,Non Forêt,Non Forêt
371,5921,Forêt,Non Forêt
371,5922,Forêt,Non Forêt
371,5923,Forêt,Non Forêt
371,5924,Forêt,Non Forêt
371,5925,Forêt,Non Forêt
371,5926,Forêt,Non Forêt
371,5927,Forêt,Non Forêt
371,5928,Forêt,Non Forêt
371,5929,Forêt,Non Forêt
372,5937,Forêt,Forêt
372,5938,Forêt,Non Forêt
372,5939,Forêt,Non Forêt
372,5940,Forêt,Forêt
372,5941,Forêt,Non Forêt
372,5942,Forêt,Non Forêt
372,5943,Forêt,Non Forêt
372,5944,Forêt,Non Forêt
372,5945,Forêt,Non Forêt
373,5953,Forêt,Non Forêt
373,5954,Forêt,Non Forêt
373,5955,Forêt,Forêt
373,5956,Non Forêt,Non Forêt
373,5957,Forêt,Forêt
373,5958,Forêt,Forêt
373,5959,Non Forêt,Non Forêt
373,5960,Forêt,Forêt
373,5961,Forêt,Forêt
374,5969,Non Forêt,Non Forêt
374,5970,Forêt,Forêt
374,5971,Forêt,Non Forêt
374,5972,Non Forêt,Non Forêt
374,5973,Non Forêt,Non Forêt
374,5974,Forêt,Forêt
374,5975,Non Forêt,Non Forêt
374,5976,Non Forêt,Non Forêt
374,5977,Non Forêt,Non Forêt
375,5985,Forêt,Forêt
375,5986,Forêt,Non Forêt
375,5987,Non Forêt,Non Forêt
375,5988,Forêt,Forêt
375,5989,Non Forêt,Non Forêt
375,5990,Non Forêt,Non Forêt
375,5991,Forêt,Non Forêt
375,5992,Non Forêt,Non Forêt
375,5993,Non Forêt,Non Forêt
376,6001,Non Forêt,Non Forêt
376,6002,Non Forêt,Non Forêt
376,6003,Non Forêt,Non Forêt
376,6004,Non Forêt,Non Forêt
376,6005,Non Forêt,Non Forêt
376,6006,Non Forêt,Non Forêt
376,6007,Non Forêt,Non Forêt
376,6008,Non Forêt,Non Forêt
376,6009,Non Forêt,Non Forêt
377,6017,Non interprétable,Non Forêt
377,6018,Non interprétable,Non Forêt
377,6019,Forêt,Non Forêt
377,6020,Forêt,Non Forêt
377,6021,Forêt,Non Forêt
377,6022,Non Forêt,Non Forêt
377,6023,Non Forêt,Non Forêt
377,6024,Non Forêt,Non Forêt
377,6025,Non Forêt,Non Forêt
378,6033,Forêt,Non Forêt
378,6034,Forêt,Non Forêt
378,6035,Forêt,Non Forêt
378,6036,Forêt,Non Forêt
378,6037,Forêt,Non Forêt
378,6038,Forêt,Non Forêt
378,6039,Forêt,Non Forêt
378,6040,Forêt,Forêt
378,6041,Forêt,Forêt
379,6049,Forêt,Forêt
379,6050,Forêt,Non Forêt
379,6051,Forêt,Non Forêt
379,6052,Forêt,Forêt
379,6053,Forêt,Non Forêt
379,6054,Non Forêt,Non Forêt
379,6055,Forêt,Forêt
379,6056,Forêt,Forêt
379,6057,Non Forêt,Non Forêt
380,6065,Non Forêt,Non Forêt
380,6066,Non Forêt,Non Forêt
380,6067,Non Forêt,Non Forêt
380,6068,Non Forêt,Non Forêt
380,6069,Non Forêt,Non Forêt
380,6070,Non Forêt,Non Forêt
380,6071,Non Forêt,Non Forêt
380,6072,Non Forêt,Non Forêt
380,6073,Non Forêt,Non Forêt
381,6081,Non Forêt,Non Forêt
381,6082,Non Forêt,Non Forêt
381,6083,Non Forêt,Forêt
381,6084,Non Forêt,Non Forêt
381,6085,Non Forêt,Non Forêt
381,6086,Non Forêt,Non Forêt
381,6087,Non Forêt,Non Forêt
381,6088,Forêt,Non Forêt
381,6089,Forêt,Non Forêt
382,6097,Forêt,Non Forêt
382,6098,Forêt,Non Forêt
382,6099,Forêt,Non Forêt
382,6100,Non Forêt,Non Forêt
382,6101,Forêt,Non Forêt
382,6102,Forêt,Non Forêt
382,6103,Non Forêt,Non Forêt
382,6104,Non Forêt,Non Forêt
382,6105,Forêt,Non Forêt
383,6113,Non Forêt,Non Forêt
383,6114,Non Forêt,Non Forêt
383,6115,Non Forêt,Non Forêt
383,6116,Non Forêt,Non Forêt
383,6117,Non Forêt,Non Forêt
383,6118,Non Forêt,Non Forêt
383,6119,Non Forêt,Non Forêt
383,6120,Non Forêt,Non Forêt
383,6121,Non Forêt,Non Forêt
384,6129,Non Forêt,
384,6130,Forêt,
384,6131,Forêt,
384,6132,Non Forêt,
384,6133,Forêt,
384,6134,Forêt,
384,6135,Non Forêt,
384,6136,Forêt,
384,6137,Forêt,
385,6145,Non Forêt,Non Forêt
385,6146,Non Forêt,Non Forêt
385,6147,Non Forêt,Non Forêt
385,6148,Non Forêt,Non Forêt
385,6149,Non Forêt,Non Forêt
385,6150,Non Forêt,Non Forêt
385,6151,Non Forêt,Non Forêt
385,6152,Non Forêt,Non Forêt
385,6153,Non Forêt,Non Forêt
386,6161,Non Forêt,Non Forêt
386,6162,Non Forêt,Non Forêt
386,6163,Non Forêt,Forêt
386,6164,Non Forêt,Non Forêt
386,6165,Non Forêt,Non Forêt
386,6166,Forêt,Forêt
386,6167,Non Forêt,Non Forêt
386,6168,Non Forêt,Non Forêt
386,6169,Forêt,Forêt
387,6177,Non Forêt,Non Forêt
387,6178,Non Forêt,Non Forêt
387,6179,Non Forêt,Forêt
387,6180,Non Forêt,Non Forêt
387,6181,Non Forêt,Non Forêt
387,6182,Non Forêt,Forêt
387,6183,Non Forêt,Non Forêt
387,6184,Non Forêt,Non Forêt
387,6185,Non Forêt,Non Forêt
388,6193,Non Forêt,Forêt
388,6194,Non Forêt,Forêt
388,6195,Non Forêt,Non Forêt
388,6196,Forêt,Forêt
388,6197,Forêt,Forêt
388,6198,Forêt,Forêt
388,6199,Non Forêt,Non Forêt
388,6200,Non Forêt,Non Forêt
388,6201,Non Forêt,Non Forêt
389,6209,Non Forêt,Forêt
389,6210,Non Forêt,Non Forêt
389,6211,Non Forêt,Non Forêt
389,6212,Forêt,Forêt
389,6213,Non Forêt,Non Forêt
389,6214,Non Forêt,Non Forêt
389,6215,Forêt,Forêt
389,6216,Non Forêt,Non Forêt
389,6217,Non Forêt,Non Forêt
390,6225,Forêt,Non Forêt
390,6226,Forêt,Non Forêt
390,6227,Forêt,Non Forêt
390,6228,Forêt,Non Forêt
390,6229,Forêt,Non Forêt
390,6230,Forêt,Forêt
390,6231,Forêt,Non Forêt
390,6232,Forêt,Forêt
390,6233,Forêt,Forêt
391,6241,Non Forêt,Non Forêt
391,6242,Forêt,Non Forêt
391,6243,Non Forêt,Non Forêt
391,6244,Non Forêt,Non Forêt
391,6245,Non Forêt,Non Forêt
391,6246,Forêt,Non Forêt
391,6247,Non Forêt,Non Forêt
391,6248,Non Forêt,Non Forêt
391,6249,Non Forêt,Non Forêt
392,6257,Forêt,Forêt
392,6258,Forêt,Forêt
392,6259,Forêt,Forêt
392,6260,Forêt,Non Forêt
392,6261,Forêt,Forêt
392,6262,Forêt,Forêt
392,6263,Non Forêt,Non Forêt
392,6264,Forêt,Non Forêt
392,6265,Forêt,Forêt
393,6273,Forêt,Non Forêt
393,6274,Forêt,Non Forêt
393,6275,Non Forêt,Non Forêt
393,6276,Forêt,Non Forêt
393,6277,Forêt,Non Forêt
393,6278,Non Forêt,Non Forêt
393,6279,Forêt,Non Forêt
393,6280,Non Forêt,Non Forêt
393,6281,Non Forêt,Non Forêt
394,6289,Forêt,Non interprétable
394,6290,Forêt,Non interprétable
394,6291,Forêt,Non interprétable
394,6292,Forêt,Forêt
394,6293,Forêt,Non interprétable
394,6294,Forêt,Non interprétable
394,6295,Forêt,Forêt
394,6296,Forêt,Non interprétable
394,6297,Forêt,Non interprétable
395,6305,Forêt,Non Forêt
395,6306,Forêt,Forêt
395,6307,Forêt,Forêt
395,6308,Non Forêt,Non Forêt
395,6309,Non Forêt,Non Forêt
395,6310,Forêt,Forêt
395,6311,Non Forêt,Non Forêt
395,6312,Non Forêt,Non Forêt
395,6313,Non Forêt,Non Forêt
396,6321,Forêt,Forêt
396,6322,Forêt,Non Forêt
396,6323,Non Forêt,Non interprétable
396,6324,Non Forêt,Non Forêt
396,6325,Forêt,Non Forêt
396,6326,Non Forêt,Non Forêt
396,6327,Non Forêt,Non Forêt
396,6328,Non Forêt,Non Forêt
396,6329,Forêt,Non Forêt
397,6337,Non Forêt,Non Forêt
397,6338,Non Forêt,Non Forêt
397,6339,Non Forêt,Non Forêt
397,6340,Non Forêt,Non Forêt
397,6341,Non Forêt,Non Forêt
397,6342,Non Forêt,Non Forêt
397,6343,Non Forêt,Non Forêt
397,6344,Non Forêt,Non Forêt
397,6345,Non Forêt,Non Forêt
398,6353,Non Forêt,Non Forêt
398,6354,Forêt,Non Forêt
398,6355,Forêt,Non Forêt
398,6356,Non Forêt,Non Forêt
398,6357,Non Forêt,Non Forêt
398,6358,Non Forêt,Non Forêt
398,6359,Non Forêt,Non Forêt
398,6360,Non Forêt,Non Forêt
398,6361,Non Forêt,Non Forêt
399,6369,Forêt,Forêt
399,6370,Non Forêt,Forêt
399,6371,Non Forêt,Non Forêt
399,6372,Forêt,Forêt
399,6373,Non Forêt,Non Forêt
399,6374,Non Forêt,Non Forêt
399,6375,Forêt,Forêt
399,6376,Non Forêt,Non Forêt
399,6377,Non Forêt,Non Forêt
400,6385,Forêt,Forêt
400,6386,Forêt,Forêt
400,6387,Forêt,Forêt
400,6388,Forêt,Non Forêt
400,6389,Forêt,Non Forêt
400,6390,Non Forêt,Non Forêt
400,6391,Non Forêt,Non Forêt
400,6392,Non Forêt,Non Forêt
400,6393,Non Forêt,Non Forêt
401,6401,Forêt,Non Forêt
401,6402,Forêt,Non Forêt
401,6403,Forêt,Non Forêt
401,6404,Forêt,Forêt
401,6405,Forêt,Non Forêt
401,6406,Forêt,Non Forêt
401,6407,Non Forêt,Non Forêt
401,6408,Non Forêt,Non Forêt
401,6409,Non Forêt,Non Forêt
402,6417,Forêt,Non Forêt
402,6418,Forêt,Non Forêt
402,6419,Non Forêt,Non Forêt
402,6420,Forêt,Non Forêt
402,6421,Forêt,Forêt
402,6422,Forêt,Non Forêt
402,6423,Non Forêt,Non Forêt
402,6424,Non Forêt,Non Forêt
402,6425,Forêt,Non Forêt
403,6433,Non Forêt,Non Forêt
403,6434,Non Forêt,Non Forêt
403,6435,Non Forêt,Non Forêt
403,6436,Non Forêt,Non Forêt
403,6437,Non Forêt,Forêt
403,6438,Forêt,Non Forêt
403,6439,Forêt,Non Forêt
403,6440,Forêt,Non interprétable
403,6441,Forêt,Non interprétable
404,6449,Non Forêt,Non Forêt
404,6450,Non Forêt,Non Forêt
404,6451,Forêt,Non Forêt
404,6452,Non Forêt,Non Forêt
404,6453,Non Forêt,Non Forêt
404,6454,Forêt,Non Forêt
404,6455,Forêt,Non Forêt
404,6456,Non Forêt,Non Forêt
404,6457,Non Forêt,Non Forêt
405,6465,Non Forêt,Non Forêt
405,6466,Non Forêt,Non Forêt
405,6467,Non Forêt,Non Forêt
405,6468,Non Forêt,Non Forêt
405,6469,Non Forêt,Non Forêt
405,6470,Non Forêt,Non Forêt
405,6471,Non Forêt,Non Forêt
405,6472,Non Forêt,Non Forêt
405,6473,Non Forêt,Non Forêt
406,6481,Non Forêt,Non Forêt
406,6482,Non Forêt,Non Forêt
406,6483,Forêt,Non Forêt
406,6484,Non Forêt,Non Forêt
406,6485,Forêt,Non Forêt
406,6486,Forêt,Forêt
406,6487,Forêt,Non Forêt
406,6488,Forêt,Forêt
406,6489,Forêt,Forêt
407,6497,Forêt,Non Forêt
407,6498,Non Forêt,Non Forêt
407,6499,Non Forêt,Non Forêt
407,6500,Forêt,Forêt
407,6501,Forêt,Forêt
407,6502,Forêt,Forêt
407,6503,Forêt,Forêt
407,6504,Forêt,Forêt
407,6505,Non Forêt,Non Forêt
408,6513,Non Forêt,Non Forêt
408,6514,Non Forêt,Non Forêt
408,6515,Forêt,Non Forêt
408,6516,Non Forêt,Non Forêt
408,6517,Forêt,Non Forêt
408,6518,Forêt,Non Forêt
408,6519,Forêt,Non Forêt
408,6520,Forêt,Non Forêt
408,6521,Forêt,Forêt
409,6529,Non Forêt,Non Forêt
409,6530,Non Forêt,Non Forêt
409,6531,Non Forêt,Non Forêt
409,6532,Forêt,Non Forêt
409,6533,Forêt,Forêt
409,6534,Forêt,Non Forêt
409,6535,Forêt,Non Forêt
409,6536,Forêt,Non Forêt
409,6537,Non Forêt,Non Forêt
410,6545,Forêt,Forêt
410,6546,Forêt,Forêt
410,6547,Forêt,Forêt
410,6548,Forêt,Forêt
410,6549,Forêt,Forêt
410,6550,Forêt,Forêt
410,6551,Forêt,Forêt
410,6552,Forêt,Forêt
410,6553,Forêt,Forêt
411,6561,Non Forêt,Non Forêt
411,6562,Non Forêt,Non Forêt
411,6563,Forêt,Non Forêt
411,6564,Non Forêt,Non Forêt
411,6565,Non Forêt,Non Forêt
411,6566,Non Forêt,Non Forêt
411,6567,Non Forêt,Non Forêt
411,6568,Non Forêt,Non Forêt
411,6569,Non Forêt,Non Forêt
412,6577,Non Forêt,Non Forêt
412,6578,Non Forêt,Non Forêt
412,6579,Non Forêt,Non Forêt
412,6580,Non Forêt,Non Forêt
412,6581,Non Forêt,Non Forêt
412,6582,Non Forêt,Non Forêt
412,6583,Non Forêt,Non Forêt
412,6584,Non Forêt,Non Forêt
412,6585,Non Forêt,Non Forêt
413,6593,Non Forêt,
413,6594,Non Forêt,
413,6595,Non Forêt,
413,6596,Forêt,
413,6597,Forêt,
413,6598,Forêt,
413,6599,Forêt,
413,6600,Forêt,
413,6601,Non Forêt,
414,6609,Non Forêt,Non Forêt
414,6610,Non Forêt,Non Forêt
414,6611,Non Forêt,Forêt
414,6612,Non Forêt,Non Forêt
414,6613,Non Forêt,Non Forêt
414,6614,Non Forêt,Forêt
414,6615,Non Forêt,Non Forêt
414,6616,Non Forêt,Non Forêt
414,6617,Non Forêt,Forêt
415,6625,Non Forêt,Non Forêt
415,6626,Non Forêt,Non Forêt
415,6627,Non Forêt,Non Forêt
415,6628,Non Forêt,Non Forêt
415,6629,Non Forêt,Non Forêt
415,6630,Non Forêt,Non Forêt
415,6631,Non Forêt,Non Forêt
415,6632,Non Forêt,Non Forêt
415,6633,Non Forêt,Non Forêt
416,6641,Non Forêt,Forêt
416,6642,Non Forêt,Forêt
416,6643,Non Forêt,Non Forêt
416,6644,Non Forêt,Forêt
416,6645,Non Forêt,Non Forêt
416,6646,Non Forêt,Non Forêt
416,6647,Non Forêt,Forêt
416,6648,Non Forêt,Non Forêt
416,6649,Non Forêt,Non Forêt
417,6657,Forêt,Forêt
417,6658,Forêt,
417,6659,Non Forêt,
417,6660,Forêt,Forêt
417,6661,Forêt,
417,6662,Non Forêt,
417,6663,Forêt,Forêt
417,6664,Forêt,Forêt
417,6665,Non Forêt,Non Forêt
418,6673,Non Forêt,Non Forêt
418,6674,Non Forêt,Non Forêt
418,6675,Non Forêt,Non Forêt
418,6676,Forêt,Non Forêt
418,6677,Forêt,Non Forêt
418,6678,Forêt,Non Forêt
418,6679,Non Forêt,Non Forêt
418,6680,Non Forêt,Non Forêt
418,6681,Forêt,Forêt
419,6689,Non Forêt,Non Forêt
419,6690,Forêt,Non Forêt
419,6691,Forêt,Forêt
419,6692,Non Forêt,Non Forêt
419,6693,Forêt,Non Forêt
419,6694,Forêt,Forêt
419,6695,Non Forêt,Non Forêt
419,6696,Forêt,Non Forêt
419,6697,Forêt,Forêt
420,6705,Forêt,Forêt
420,6706,Forêt,Forêt
420,6707,Forêt,Non Forêt
420,6708,Forêt,Forêt
420,6709,Forêt,Non Forêt
420,6710,Forêt,Non Forêt
420,6711,Forêt,Forêt
420,6712,Forêt,Forêt
420,6713,Forêt,Forêt
421,6721,Non Forêt,Non Forêt
421,6722,Non Forêt,Non Forêt
421,6723,Non Forêt,Non Forêt
421,6724,Non Forêt,Non Forêt
421,6725,Non Forêt,Non Forêt
421,6726,Forêt,Non Forêt
421,6727,Non Forêt,Non Forêt
421,6728,Non Forêt,Non Forêt
421,6729,Non Forêt,Non Forêt
422,6737,Non Forêt,Non Forêt
422,6738,Non Forêt,Non Forêt
422,6739,Non Forêt,Non Forêt
422,6740,Non Forêt,Non Forêt
422,6741,Forêt,Forêt
422,6742,Non Forêt,Non Forêt
422,6743,Non Forêt,Forêt
422,6744,Non Forêt,Non Forêt
422,6745,Non Forêt,Non Forêt
423,6753,Forêt,Non Forêt
423,6754,Non Forêt,Non Forêt
423,6755,Forêt,Forêt
423,6756,Forêt,Forêt
423,6757,Non Forêt,Non Forêt
423,6758,Forêt,Forêt
423,6759,Forêt,Forêt
423,6760,Forêt,Forêt
423,6761,Forêt,Forêt
424,6769,Non Forêt,Non Forêt
424,6770,Non Forêt,Non Forêt
424,6771,Non Forêt,Non Forêt
424,6772,Non Forêt,Non Forêt
424,6773,Non Forêt,Non Forêt
424,6774,Non Forêt,Non Forêt
424,6775,Non Forêt,Non Forêt
424,6776,Non Forêt,Non Forêt
424,6777,Non Forêt,Non Forêt
425,6785,Non Forêt,Non Forêt
425,6786,Non Forêt,Non Forêt
425,6787,Non Forêt,Non Forêt
425,6788,Non Forêt,Non Forêt
425,6789,Non Forêt,Non Forêt
425,6790,Non Forêt,Non Forêt
425,6791,Non Forêt,Non Forêt
425,6792,Non Forêt,Non Forêt
425,6793,Non Forêt,Non Forêt
426,6801,Non Forêt,Forêt
426,6802,Non Forêt,Non Forêt
426,6803,Non Forêt,Non Forêt
426,6804,Non Forêt,Forêt
426,6805,Non Forêt,Non Forêt
426,6806,Non Forêt,Non Forêt
426,6807,Non Forêt,Non Forêt
426,6808,Non Forêt,Non Forêt
426,6809,Non Forêt,Non Forêt
427,6817,Non Forêt,Non Forêt
427,6818,Non Forêt,Non Forêt
427,6819,Non Forêt,Forêt
427,6820,Non Forêt,Non Forêt
427,6821,Non Forêt,Non Forêt
427,6822,Forêt,Forêt
427,6823,Non Forêt,Forêt
427,6824,Forêt,Forêt
427,6825,Forêt,Forêt
428,6833,Forêt,Non Forêt
428,6834,Forêt,Non Forêt
428,6835,Forêt,Non Forêt
428,6836,Forêt,Forêt
428,6837,Non Forêt,Non Forêt
428,6838,Forêt,Non Forêt
428,6839,Forêt,Forêt
428,6840,Forêt,Non Forêt
428,6841,Forêt,Forêt
429,6849,Forêt,Non Forêt
429,6850,Forêt,Non Forêt
429,6851,Non Forêt,Non Forêt
429,6852,Forêt,Non Forêt
429,6853,Forêt,Non Forêt
429,6854,Non Forêt,Non Forêt
429,6855,Forêt,Non Forêt
429,6856,Non Forêt,Non Forêt
429,6857,Non Forêt,Non Forêt
430,6865,Non Forêt,Non Forêt
430,6866,Non Forêt,Non Forêt
430,6867,Non Forêt,Non Forêt
430,6868,Non Forêt,Forêt
430,6869,Non Forêt,Non Forêt
430,6870,Non Forêt,Non Forêt
430,6871,Non Forêt,Forêt
430,6872,Non Forêt,Non Forêt
430,6873,Non Forêt,Non Forêt
431,6881,Forêt,Forêt
431,6882,Forêt,Forêt
431,6883,Forêt,Non Forêt
431,6884,Forêt,Forêt
431,6885,Forêt,Non Forêt
431,6886,Forêt,Non Forêt
431,6887,Forêt,Non Forêt
431,6888,Forêt,Non Forêt
431,6889,Non Forêt,Non Forêt
432,6897,Forêt,Non Forêt
432,6898,Forêt,Non Forêt
432,6899,Forêt,Non Forêt
432,6900,Forêt,Forêt
432,6901,Forêt,Non Forêt
432,6902,Non Forêt,Non Forêt
432,6903,Forêt,Forêt
432,6904,Forêt,Forêt
432,6905,Forêt,Forêt
433,6913,Forêt,Forêt
433,6914,Forêt,Forêt
433,6915,Forêt,Non Forêt
433,6916,Forêt,Non Forêt
433,6917,Forêt,Non Forêt
433,6918,Forêt,Forêt
433,6919,Forêt,Forêt
433,6920,Non Forêt,Non Forêt
433,6921,Non Forêt,Non Forêt
434,6929,Non Forêt,Non Forêt
434,6930,Non Forêt,Non Forêt
434,6931,Non Forêt,Non Forêt
434,6932,Non Forêt,Non Forêt
434,6933,Non Forêt,Non Forêt
434,6934,Non Forêt,Non Forêt
434,6935,Forêt,Non Forêt
434,6936,Non Forêt,Non Forêt
434,6937,Non Forêt,Non Forêt
435,6945,Non Forêt,Non Forêt
435,6946,Non Forêt,Non Forêt
435,6947,Non Forêt,Non Forêt
435,6948,Non Forêt,Non Forêt
435,6949,Non Forêt,Non Forêt
435,6950,Non Forêt,Non Forêt
435,6951,Non Forêt,Non Forêt
435,6952,Non Forêt,Non Forêt
435,6953,Non Forêt,Non Forêt
436,6961,Non Forêt,Non Forêt
436,6962,Non Forêt,Non Forêt
436,6963,Non interprétable,Forêt
436,6964,Non Forêt,Non Forêt
436,6965,Non Forêt,Non Forêt
436,6966,Non interprétable,Forêt
436,6967,Forêt,Non Forêt
436,6968,Forêt,Non Forêt
436,6969,Forêt,Forêt
437,6977,Forêt,Forêt
437,6978,Forêt,Forêt
437,6979,Forêt,Forêt
437,6980,Non Forêt,Non Forêt
437,6981,Non Forêt,Non Forêt
437,6982,Non Forêt,Non Forêt
437,6983,Non Forêt,Non Forêt
437,6984,Non Forêt,Non Forêt
437,6985,Forêt,Forêt
438,6993,Forêt,Forêt
438,6994,Forêt,Forêt
438,6995,Forêt,Forêt
438,6996,Forêt,Forêt
438,6997,Forêt,Non Forêt
438,6998,Forêt,Non Forêt
438,6999,Non Forêt,Non Forêt
438,7000,Non Forêt,Non Forêt
438,7001,Non Forêt,Non Forêt
439,7009,Non Forêt,Non Forêt
439,7010,Non Forêt,Non Forêt
439,7011,Non interprétable,Forêt
439,7012,Non Forêt,Non Forêt
439,7013,Non Forêt,Non Forêt
439,7014,Non interprétable,Non Forêt
439,7015,Non interprétable,Non Forêt
439,7016,Non Forêt,Non Forêt
439,7017,Non interprétable,Non Forêt
440,7025,Forêt,
440,7026,Forêt,
440,7027,Forêt,
440,7028,Forêt,
440,7029,Forêt,
440,7030,Forêt,
440,7031,Forêt,
440,7032,Forêt,
440,7033,Forêt,
441,7041,Forêt,Non Forêt
441,7042,Forêt,Forêt
441,7043,Forêt,Forêt
441,7044,Forêt,Non Forêt
441,7045,Forêt,Forêt
441,7046,Forêt,Forêt
441,7047,Non interprétable,Non Forêt
441,7048,Forêt,Non Forêt
441,7049,Forêt,Forêt
442,7057,Forêt,Forêt
442,7058,Forêt,Forêt
442,7059,Forêt,Forêt
442,7060,Forêt,Forêt
442,7061,Forêt,Forêt
442,7062,Forêt,Forêt
442,7063,Forêt,Forêt
442,7064,Forêt,Forêt
442,7065,Forêt,Forêt
443,7073,Non Forêt,Non Forêt
443,7074,Non Forêt,Non Forêt
443,7075,Non interprétable,Non Forêt
443,7076,Non Forêt,Non Forêt
443,7077,Non Forêt,Non Forêt
443,7078,Non interprétable,Non Forêt
443,7079,Non Forêt,Non Forêt
443,7080,Non Forêt,Non Forêt
443,7081,Non Forêt,Non Forêt
444,7089,Forêt,Non Forêt
444,7090,Forêt,Non Forêt
444,7091,Forêt,Forêt
444,7092,Forêt,Non Forêt
444,7093,Forêt,Non Forêt
444,7094,Forêt,Forêt
444,7095,Non interprétable,Forêt
444,7096,Forêt,Forêt
444,7097,Forêt,Forêt
445,7105,Non interprétable,Non Forêt
445,7106,Non interprétable,Forêt
445,7107,Non interprétable,Forêt
445,7108,Non interprétable,Forêt
445,7109,Non interprétable,Non Forêt
445,7110,Non interprétable,Forêt
445,7111,Forêt,Forêt
445,7112,Non interprétable,Non Forêt
445,7113,Non interprétable,Forêt
446,7121,Forêt,Forêt
446,7122,Forêt,Forêt
446,7123,Forêt,Forêt
446,7124,Forêt,Forêt
446,7125,Forêt,Forêt
446,7126,Forêt,Forêt
446,7127,Forêt,Forêt
446,7128,Forêt,Forêt
446,7129,Forêt,Forêt
447,7137,Forêt,Forêt
447,7138,Non interprétable,Non Forêt
447,7139,Non Forêt,Non Forêt
447,7140,Forêt,Forêt
447,7141,Non Forêt,Non Forêt
447,7142,Forêt,Forêt
447,7143,Non Forêt,Non Forêt
447,7144,Non Forêt,Non Forêt
447,7145,Forêt,Forêt
448,7153,Forêt,Non Forêt
448,7154,Non interprétable,Non Forêt
448,7155,Forêt,Forêt
448,7156,Forêt,Non Forêt
448,7157,Non interprétable,Non Forêt
448,7158,Forêt,Forêt
448,7159,Forêt,Non Forêt
448,7160,Forêt,Non Forêt
448,7161,Forêt,Forêt
449,7169,Non Forêt,
449,7170,Non interprétable,Non Forêt
449,7171,Non Forêt,Non Forêt
449,7172,Non Forêt,
449,7173,Forêt,Forêt
449,7174,Forêt,Forêt
449,7175,Non Forêt,Non Forêt
449,7176,Non Forêt,Non Forêt
449,7177,Non Forêt,Forêt
450,7185,Forêt,Non Forêt
450,7186,Forêt,Non Forêt
450,7187,Forêt,Non Forêt
450,7188,Forêt,Non Forêt
450,7189,Forêt,Non Forêt
450,7190,Forêt,Non Forêt
450,7191,Forêt,Non Forêt
450,7192,Non interprétable,Non Forêt
450,7193,Non interprétable,Non Forêt
451,7201,Non Forêt,Non Forêt
451,7202,Non interprétable,Non Forêt
451,7203,Non Forêt,Non Forêt
451,7204,Non interprétable,Forêt
451,7205,Non interprétable,Non Forêt
451,7206,Non interprétable,Non Forêt
451,7207,Forêt,Forêt
451,7208,Forêt,Forêt
451,7209,Forêt,Forêt
452,7217,Non interprétable,Non Forêt
452,7218,Non interprétable,Non Forêt
452,7219,Non Forêt,Non Forêt
452,7220,Non interprétable,Non Forêt
452,7221,Non interprétable,Non Forêt
452,7222,Non interprétable,Forêt
452,7223,Non interprétable,Non Forêt
452,7224,Non Forêt,Non Forêt
452,7225,Non Forêt,Non Forêt
453,7233,Non Forêt,Non Forêt
453,7234,Non Forêt,Non Forêt
453,7235,Non Forêt,Non Forêt
453,7236,Non Forêt,Non Forêt
453,7237,Non Forêt,Non Forêt
453,7238,Forêt,Forêt
453,7239,Non interprétable,Non Forêt
453,7240,Forêt,Forêt
453,7241,Forêt,Forêt
454,7249,Forêt,Forêt
454,7250,Forêt,Non Forêt
454,7251,Forêt,Non Forêt
454,7252,Forêt,Forêt
454,7253,Forêt,Forêt
454,7254,Forêt,Forêt
454,7255,Forêt,Forêt
454,7256,Forêt,Forêt
454,7257,Forêt,Forêt
455,7265,Forêt,Non Forêt
455,7266,Non interprétable,Non Forêt
455,7267,Non interprétable,Non Forêt
455,7268,Forêt,Non Forêt
455,7269,Non interprétable,Non Forêt
455,7270,Non interprétable,Non Forêt
455,7271,Non interprétable,Non Forêt
455,7272,Non interprétable,Non Forêt
455,7273,Non interprétable,Non Forêt
456,7281,Non Forêt,Non Forêt
456,7282,Non Forêt,Non Forêt
456,7283,Non Forêt,Non Forêt
456,7284,Non Forêt,Non Forêt
456,7285,Non Forêt,Non Forêt
456,7286,Non Forêt,Non Forêt
456,7287,Non Forêt,Non Forêt
456,7288,Non Forêt,Non Forêt
456,7289,Non Forêt,Non Forêt
457,7297,Non Forêt,Non Forêt
457,7298,Non Forêt,Non Forêt
457,7299,Non Forêt,Non Forêt
457,7300,Non Forêt,Non Forêt
457,7301,Non Forêt,Non Forêt
457,7302,Non Forêt,Non Forêt
457,7303,Non Forêt,Non Forêt
457,7304,Non Forêt,Non Forêt
457,7305,Non Forêt,Non Forêt
458,7313,Forêt,Forêt
458,7314,Forêt,Forêt
458,7315,Forêt,Forêt
458,7316,Forêt,Forêt
458,7317,Forêt,Forêt
458,7318,Forêt,Non Forêt
458,7319,Forêt,Forêt
458,7320,Forêt,Forêt
458,7321,Non Forêt,Non Forêt
459,7329,Forêt,Non Forêt
459,7330,Non interprétable,Non Forêt
459,7331,Non interprétable,Non Forêt
459,7332,Non interprétable,Non Forêt
459,7333,Forêt,Non Forêt
459,7334,Non interprétable,Non Forêt
459,7335,Non Forêt,Non Forêt
459,7336,Forêt,Non Forêt
459,7337,Non interprétable,Non Forêt
460,7345,Non Forêt,Non Forêt
460,7346,Non Forêt,Non Forêt
460,7347,Non Forêt,Non Forêt
460,7348,Non Forêt,Non Forêt
460,7349,Non Forêt,Non Forêt
460,7350,Non Forêt,Non Forêt
460,7351,Non Forêt,Non Forêt
460,7352,Non Forêt,Non Forêt
460,7353,Non Forêt,Non Forêt
461,7361,Forêt,Non Forêt
461,7362,Forêt,Non Forêt
461,7363,Non Forêt,Non Forêt
461,7364,Forêt,Non Forêt
461,7365,Forêt,Non Forêt
461,7366,Non Forêt,Non Forêt
461,7367,Non Forêt,Forêt
461,7368,Non Forêt,Non Forêt
461,7369,Non Forêt,Non Forêt
462,7377,Non Forêt,Non Forêt
462,7378,Non Forêt,Non Forêt
462,7379,Non Forêt,Non Forêt
462,7380,Non Forêt,Non Forêt
462,7381,Non Forêt,Non Forêt
462,7382,Non Forêt,Non Forêt
462,7383,Non Forêt,Non Forêt
462,7384,Non Forêt,Non Forêt
462,7385,Non Forêt,Non Forêt
463,7393,Forêt,Forêt
463,7394,Non Forêt,Non Forêt
463,7395,Forêt,Non Forêt
463,7396,Forêt,Non Forêt
463,7397,Non Forêt,Non Forêt
463,7398,Non Forêt,Non Forêt
463,7399,Forêt,Non Forêt
463,7400,Non Forêt,Non Forêt
463,7401,Non Forêt,Non Forêt
464,7409,Forêt,Forêt
464,7410,Non interprétable,Forêt
464,7411,Forêt,Forêt
464,7412,Forêt,Forêt
464,7413,Forêt,Forêt
464,7414,Forêt,Forêt
464,7415,Forêt,Forêt
464,7416,Forêt,Forêt
464,7417,Forêt,Non Forêt
465,7425,Non interprétable,Forêt
465,7426,Non interprétable,Non Forêt
465,7427,Non interprétable,Non Forêt
465,7428,Non Forêt,Forêt
465,7429,Non Forêt,Non Forêt
465,7430,Non Forêt,Non Forêt
465,7431,Non Forêt,Non Forêt
465,7432,Non Forêt,Non Forêt
465,7433,Non Forêt,Non Forêt
466,7441,Non Forêt,Non Forêt
466,7442,Non Forêt,Non Forêt
466,7443,Non Forêt,Non Forêt
466,7444,Non Forêt,Non Forêt
466,7445,Non Forêt,Non Forêt
466,7446,Non Forêt,Non Forêt
466,7447,Forêt,Non Forêt
466,7448,Non Forêt,Non Forêt
466,7449,Non Forêt,Non Forêt
467,7457,Forêt,Forêt
467,7458,Non Forêt,Non Forêt
467,7459,Non Forêt,Non Forêt
467,7460,Forêt,Forêt
467,7461,Non Forêt,Non Forêt
467,7462,Non Forêt,Non Forêt
467,7463,Forêt,Forêt
467,7464,Non Forêt,Non Forêt
467,7465,Non Forêt,Non Forêt
468,7473,Non Forêt,Non Forêt
468,7474,Non Forêt,Forêt
468,7475,Non interprétable,Non Forêt
468,7476,Non Forêt,Forêt
468,7477,Non Forêt,Non Forêt
468,7478,Non Forêt,Non Forêt
468,7479,Non Forêt,Non Forêt
468,7480,Non interprétable,Non Forêt
468,7481,Forêt,Non Forêt
469,7489,Forêt,Forêt
469,7490,Forêt,Forêt
469,7491,Forêt,Forêt
469,7492,Forêt,Non Forêt
469,7493,Forêt,Forêt
469,7494,Forêt,Forêt
469,7495,Forêt,Forêt
469,7496,Forêt,Non Forêt
469,7497,Forêt,Non Forêt
470,7505,Forêt,Non Forêt
470,7506,Forêt,Non Forêt
470,7507,Forêt,Non Forêt
470,7508,Forêt,Non Forêt
470,7509,Forêt,Non Forêt
470,7510,Forêt,Non Forêt
470,7511,Forêt,Non Forêt
470,7512,Forêt,Non Forêt
470,7513,Forêt,Non Forêt
471,7521,Non Forêt,Non Forêt
471,7522,Non Forêt,Non Forêt
471,7523,Non Forêt,Non Forêt
471,7524,Non Forêt,Non Forêt
471,7525,Non Forêt,Non Forêt
471,7526,Non Forêt,Non Forêt
471,7527,Non Forêt,Non Forêt
471,7528,Non Forêt,Non Forêt
471,7529,Non Forêt,Non Forêt
472,7537,Non Forêt,Non Forêt
472,7538,Non Forêt,Non Forêt
472,7539,Non Forêt,Non Forêt
472,7540,Non Forêt,Non Forêt
472,7541,Non Forêt,Non Forêt
472,7542,Non Forêt,Non Forêt
472,7543,Non Forêt,Non Forêt
472,7544,Non Forêt,Non Forêt
472,7545,Non Forêt,Non Forêt
473,7553,Forêt,Non Forêt
473,7554,Non Forêt,Non Forêt
473,7555,Forêt,Non Forêt
473,7556,Non Forêt,Non Forêt
473,7557,Non Forêt,Non Forêt
473,7558,Non Forêt,Non Forêt
473,7559,Non Forêt,Non Forêt
473,7560,Non Forêt,Non Forêt
473,7561,Non Forêt,Non Forêt
474,7569,Non Forêt,Non Forêt
474,7570,Non Forêt,Non Forêt
474,7571,Non Forêt,Non Forêt
474,7572,Non Forêt,Non Forêt
474,7573,Non Forêt,Non Forêt
474,7574,Non Forêt,Non Forêt
474,7575,Non Forêt,Non Forêt
474,7576,Non Forêt,Non Forêt
474,7577,Non Forêt,Non Forêt
475,7585,Forêt,Non Forêt
475,7586,Forêt,Non Forêt
475,7587,Forêt,Non Forêt
475,7588,Non Forêt,Non Forêt
475,7589,Non Forêt,Non Forêt
475,7590,Non Forêt,Non Forêt
475,7591,Non Forêt,Non Forêt
475,7592,Forêt,Non Forêt
475,7593,Non Forêt,Non Forêt
476,7601,Forêt,Non Forêt
476,7602,Forêt,Forêt
476,7603,Forêt,Non Forêt
476,7604,Non Forêt,Non Forêt
476,7605,Non Forêt,Non Forêt
476,7606,Non Forêt,Non Forêt
476,7607,Non Forêt,Non Forêt
476,7608,Non Forêt,Non Forêt
476,7609,Non Forêt,Non Forêt
477,7617,Non Forêt,Non Forêt
477,7618,Non Forêt,Non Forêt
477,7619,Non Forêt,Non Forêt
477,7620,Non Forêt,Non Forêt
477,7621,Non Forêt,Non Forêt
477,7622,Non Forêt,Non Forêt
477,7623,Non Forêt,Non Forêt
477,7624,Non Forêt,Non Forêt
477,7625,Non Forêt,Non Forêt
478,7633,Non Forêt,Non Forêt
478,7634,Non Forêt,Non Forêt
478,7635,Non Forêt,Non Forêt
478,7636,Forêt,Non Forêt
478,7637,Forêt,Non Forêt
478,7638,Forêt,Non Forêt
478,7639,Forêt,Forêt
478,7640,Forêt,Non Forêt
478,7641,Forêt,Non Forêt
479,7649,Non Forêt,Non Forêt
479,7650,Non Forêt,Non Forêt
479,7651,Non Forêt,Non Forêt
479,7652,Non Forêt,Non Forêt
479,7653,Forêt,Non Forêt
479,7654,Forêt,Forêt
479,7655,Non Forêt,Non Forêt
479,7656,Non Forêt,Non Forêt
479,7657,Forêt,Non Forêt
480,7665,Non Forêt,Non Forêt
480,7666,Forêt,Non Forêt
480,7667,Forêt,Non Forêt
480,7668,Forêt,Non Forêt
480,7669,Forêt,Non Forêt
480,7670,Forêt,Non Forêt
480,7671,Forêt,Non Forêt
480,7672,Forêt,Forêt
480,7673,Forêt,Forêt
481,7681,Non Forêt,Non Forêt
481,7682,Non Forêt,Non Forêt
481,7683,Non Forêt,Non Forêt
481,7684,Non Forêt,Non Forêt
481,7685,Non Forêt,Non Forêt
481,7686,Forêt,Non Forêt
481,7687,Non Forêt,Forêt
481,7688,Forêt,Non Forêt
481,7689,Forêt,Non Forêt
482,7697,Non Forêt,Non Forêt
482,7698,Non Forêt,Non Forêt
482,7699,Non Forêt,Non Forêt
482,7700,Non Forêt,Non Forêt
482,7701,Non Forêt,Non Forêt
482,7702,Forêt,Forêt
482,7703,Non Forêt,Non Forêt
482,7704,Non Forêt,Non Forêt
482,7705,Forêt,Forêt
483,7713,Non Forêt,Non Forêt
483,7714,Non Forêt,Non Forêt
483,7715,Non Forêt,Non Forêt
483,7716,Forêt,Non Forêt
483,7717,Non Forêt,Non Forêt
483,7718,Non Forêt,Non Forêt
483,7719,Forêt,Non Forêt
483,7720,Non Forêt,Non Forêt
483,7721,Non Forêt,Non Forêt
484,7729,Forêt,Forêt
484,7730,Forêt,Forêt
484,7731,Non Forêt,Non Forêt
484,7732,Non Forêt,Forêt
484,7733,Forêt,Non Forêt
484,7734,Non Forêt,Non Forêt
484,7735,Non Forêt,Non Forêt
484,7736,Non Forêt,Non Forêt
484,7737,Forêt,Forêt
485,7745,Non Forêt,Forêt
485,7746,Non Forêt,Non Forêt
485,7747,Non Forêt,Non Forêt
485,7748,Non Forêt,Non Forêt
485,7749,Non Forêt,Non Forêt
485,7750,Non Forêt,Non Forêt
485,7751,Forêt,Forêt
485,7752,Non Forêt,Non Forêt
485,7753,Non Forêt,Non Forêt
486,7761,Non Forêt,Non Forêt
486,7762,Non Forêt,Non Forêt
486,7763,Non Forêt,Non Forêt
486,7764,Forêt,Non Forêt
486,7765,Non Forêt,Non Forêt
486,7766,Non Forêt,Non Forêt
486,7767,Forêt,Non Forêt
486,7768,Non Forêt,Non Forêt
486,7769,Non Forêt,Non Forêt
487,7777,Non Forêt,Non Forêt
487,7778,Forêt,Non Forêt
487,7779,Non Forêt,Non Forêt
487,7780,Non Forêt,Non Forêt
487,7781,Non Forêt,Non Forêt
487,7782,Non Forêt,Non Forêt
487,7783,Non Forêt,Non Forêt
487,7784,Non Forêt,Non Forêt
487,7785,Non Forêt,Non Forêt
488,7793,Non Forêt,Non Forêt
488,7794,Non Forêt,Non Forêt
488,7795,Non Forêt,Non Forêt
488,7796,Non Forêt,Non Forêt
488,7797,Non Forêt,Non Forêt
488,7798,Non Forêt,Non Forêt
488,7799,Non Forêt,Non Forêt
488,7800,Forêt,Non Forêt
488,7801,Forêt,Forêt
489,7809,Non Forêt,Non Forêt
489,7810,Forêt,Non Forêt
489,7811,Forêt,Non Forêt
489,7812,Non Forêt,Forêt
489,7813,Forêt,Forêt
489,7814,Forêt,Non Forêt
489,7815,Non Forêt,Non Forêt
489,7816,Forêt,Non Forêt
489,7817,Non Forêt,Non Forêt
490,7825,Non Forêt,Non Forêt
490,7826,Non Forêt,Non Forêt
490,7827,Forêt,Non Forêt
490,7828,Forêt,Forêt
490,7829,Non Forêt,Non Forêt
490,7830,Forêt,Forêt
490,7831,Non Forêt,Non Forêt
490,7832,Non Forêt,Non Forêt
490,7833,Forêt,Forêt
491,7841,Non Forêt,Non Forêt
491,7842,Non Forêt,Non Forêt
491,7843,Non Forêt,Non Forêt
491,7844,Non Forêt,Non Forêt
491,7845,Non Forêt,Non Forêt
491,7846,Non Forêt,Non Forêt
491,7847,Non Forêt,Non Forêt
491,7848,Non Forêt,Non Forêt
491,7849,Non Forêt,Non Forêt
492,7857,Non Forêt,Non Forêt
492,7858,Non Forêt,Non Forêt
492,7859,Non Forêt,Non Forêt
492,7860,Non Forêt,Non Forêt
492,7861,Non Forêt,Non Forêt
492,7862,Non Forêt,Non Forêt
492,7863,Non Forêt,Non Forêt
492,7864,Non Forêt,Non Forêt
492,7865,Non Forêt,Non Forêt
493,7873,Forêt,Forêt
493,7874,Forêt,Forêt
493,7875,Forêt,Non Forêt
493,7876,Forêt,Forêt
493,7877,Forêt,Non Forêt
493,7878,Forêt,Non Forêt
493,7879,Forêt,Forêt
493,7880,Forêt,Forêt
493,7881,Forêt,Non Forêt
494,7889,Non Forêt,Non Forêt
494,7890,Non Forêt,Non Forêt
494,7891,Non Forêt,Non Forêt
494,7892,Non Forêt,Non Forêt
494,7893,Forêt,Non Forêt
494,7894,Forêt,Non Forêt
494,7895,Non Forêt,Non Forêt
494,7896,Forêt,Non Forêt
494,7897,Forêt,Non Forêt
495,7905,Forêt,Forêt
495,7906,Non Forêt,Non Forêt
495,7907,Non Forêt,Non Forêt
495,7908,Forêt,Forêt
495,7909,Non Forêt,Forêt
495,7910,Non Forêt,Non Forêt
495,7911,Forêt,Forêt
495,7912,Non Forêt,Non Forêt
495,7913,Non Forêt,Non Forêt
496,7921,Non Forêt,Non Forêt
496,7922,Non Forêt,Non Forêt
496,7923,Non Forêt,Non Forêt
496,7924,Non Forêt,Non Forêt
496,7925,Non Forêt,Non Forêt
496,7926,Forêt,Forêt
496,7927,Non Forêt,Non Forêt
496,7928,Non Forêt,Non Forêt
496,7929,Non Forêt,Non Forêt
497,7937,Non Forêt,Forêt
497,7938,Forêt,Non Forêt
497,7939,Forêt,Non Forêt
497,7940,Forêt,Non Forêt
497,7941,Forêt,Non Forêt
497,7942,Non Forêt,Non Forêt
497,7943,Forêt,Non Forêt
497,7944,Non Forêt,Non Forêt
497,7945,Non Forêt,Non Forêt
498,7953,Non Forêt,Forêt
498,7954,Non Forêt,Forêt
498,7955,Non Forêt,Non Forêt
498,7956,Non Forêt,Forêt
498,7957,Non Forêt,Non Forêt
498,7958,Non Forêt,Non Forêt
498,7959,Non Forêt,Forêt
498,7960,Non Forêt,Non Forêt
498,7961,Non Forêt,Non Forêt
499,7969,Non Forêt,Forêt
499,7970,Forêt,Forêt
499,7971,Non Forêt,Non Forêt
499,7972,Forêt,Forêt
499,7973,Forêt,Forêt
499,7974,Forêt,Non Forêt
499,7975,Forêt,Forêt
499,7976,Non Forêt,Non Forêt
499,7977,Non Forêt,Non Forêt
500,7985,Non Forêt,Forêt
500,7986,Non Forêt,Non Forêt
500,7987,Non Forêt,Non Forêt
500,7988,Non Forêt,Forêt
500,7989,Forêt,Forêt
500,7990,Non Forêt,Non Forêt
500,7991,Non Forêt,Non Forêt
500,7992,Forêt,Forêt
500,7993,Non Forêt,Non Forêt
501,8001,Non Forêt,Non Forêt
501,8002,Non Forêt,Non Forêt
501,8003,Non Forêt,Non Forêt
501,8004,Non Forêt,Non Forêt
501,8005,Non Forêt,Non Forêt
501,8006,Non Forêt,Non Forêt
501,8007,Non Forêt,Non Forêt
501,8008,Non Forêt,Non Forêt
501,8009,Non Forêt,Non Forêt
502,8017,Non Forêt,Non Forêt
502,8018,Non Forêt,Non Forêt
502,8019,Non Forêt,Non Forêt
502,8020,Non Forêt,Non Forêt
502,8021,Non Forêt,Non Forêt
502,8022,Non Forêt,Non Forêt
502,8023,Non Forêt,Non Forêt
502,8024,Non Forêt,Non Forêt
502,8025,Non Forêt,Non Forêt
503,8033,Non Forêt,Non Forêt
503,8034,Non Forêt,Non Forêt
503,8035,Non Forêt,Non Forêt
503,8036,Non Forêt,Non Forêt
503,8037,Non Forêt,Non Forêt
503,8038,Non Forêt,Non Forêt
503,8039,Non Forêt,Non Forêt
503,8040,Non Forêt,Non Forêt
503,8041,Forêt,Non Forêt
504,8049,Non Forêt,Non Forêt
504,8050,Non Forêt,Non Forêt
504,8051,Non Forêt,Non Forêt
504,8052,Non Forêt,Non Forêt
504,8053,Non Forêt,Non Forêt
504,8054,Non Forêt,Non Forêt
504,8055,Non Forêt,Non Forêt
504,8056,Non Forêt,Non Forêt
504,8057,Non Forêt,Non Forêt
505,8065,Non Forêt,Non Forêt
505,8066,Non Forêt,Non Forêt
505,8067,Non Forêt,Non Forêt
505,8068,Non Forêt,Non Forêt
505,8069,Non Forêt,Non Forêt
505,8070,Forêt,Forêt
505,8071,Non Forêt,Non Forêt
505,8072,Non Forêt,Non Forêt
505,8073,Forêt,Non Forêt
506,8081,Non Forêt,Non Forêt
506,8082,Forêt,Non Forêt
506,8083,Forêt,Non Forêt
506,8084,Non Forêt,Non Forêt
506,8085,Forêt,Non Forêt
506,8086,Forêt,Non Forêt
506,8087,Non Forêt,Non Forêt
506,8088,Forêt,Non Forêt
506,8089,Forêt,Non Forêt
507,8097,Non Forêt,Non Forêt
507,8098,Forêt,Forêt
507,8099,Forêt,Forêt
507,8100,Non Forêt,Non Forêt
507,8101,Non Forêt,Non Forêt
507,8102,Forêt,Forêt
507,8103,Non Forêt,Non Forêt
507,8104,Non Forêt,Non Forêt
507,8105,Non Forêt,Non Forêt
508,8113,Forêt,Non Forêt
508,8114,Forêt,Non Forêt
508,8115,Non Forêt,Non Forêt
508,8116,Non Forêt,Non Forêt
508,8117,Non Forêt,Non Forêt
508,8118,Non Forêt,Non Forêt
508,8119,Non Forêt,Non Forêt
508,8120,Non Forêt,Non Forêt
508,8121,Non Forêt,Non Forêt
509,8129,Forêt,Forêt
509,8130,Non Forêt,Non Forêt
509,8131,Non Forêt,Non Forêt
509,8132,Forêt,Forêt
509,8133,Non Forêt,Non Forêt
509,8134,Non Forêt,Non Forêt
509,8135,Non Forêt,Non Forêt
509,8136,Forêt,Forêt
509,8137,Forêt,Forêt
510,8145,Non Forêt,Forêt
510,8146,Non Forêt,Non Forêt
510,8147,Non Forêt,Non Forêt
510,8148,Non Forêt,Forêt
510,8149,Non Forêt,Non Forêt
510,8150,Non Forêt,Non Forêt
510,8151,Non Forêt,Forêt
510,8152,Non Forêt,Non Forêt
510,8153,Non Forêt,Non Forêt
511,8161,Non Forêt,Non Forêt
511,8162,Non Forêt,Non Forêt
511,8163,Non Forêt,Non Forêt
511,8164,Non Forêt,Non Forêt
511,8165,Non Forêt,Non Forêt
511,8166,Non Forêt,Non Forêt
511,8167,Non Forêt,Non Forêt
511,8168,Non Forêt,Non Forêt
511,8169,Non Forêt,Non Forêt
512,8177,Forêt,Non Forêt
512,8178,Forêt,Non Forêt
512,8179,Forêt,Non Forêt
512,8180,Non Forêt,Non Forêt
512,8181,Non Forêt,Non Forêt
512,8182,Forêt,Non Forêt
512,8183,Non Forêt,Non Forêt
512,8184,Non Forêt,Non Forêt
512,8185,Forêt,Non Forêt
513,8193,Non Forêt,Non Forêt
513,8194,Non Forêt,Non Forêt
513,8195,Non Forêt,Non Forêt
513,8196,Forêt,Non Forêt
513,8197,Non Forêt,Non Forêt
513,8198,Non Forêt,Non Forêt
513,8199,Forêt,Non Forêt
513,8200,Forêt,Non Forêt
513,8201,Non Forêt,Forêt
514,8209,Non Forêt,Non Forêt
514,8210,Non Forêt,Forêt
514,8211,Forêt,Non Forêt
514,8212,Non Forêt,Forêt
514,8213,Non Forêt,Forêt
514,8214,Non Forêt,Forêt
514,8215,Forêt,Forêt
514,8216,Forêt,Forêt
514,8217,Forêt,Forêt
515,8225,Non Forêt,Forêt
515,8226,Non Forêt,Forêt
515,8227,Non Forêt,Non Forêt
515,8228,Non Forêt,Non Forêt
515,8229,Non Forêt,Non Forêt
515,8230,Non Forêt,Forêt
515,8231,Non Forêt,Non Forêt
515,8232,Non Forêt,Forêt
515,8233,Non Forêt,Forêt
516,8241,Non Forêt,Forêt
516,8242,Non Forêt,Forêt
516,8243,Non Forêt,Forêt
516,8244,Non Forêt,Forêt
516,8245,Non Forêt,Forêt
516,8246,Non Forêt,Forêt
516,8247,Non Forêt,Forêt
516,8248,Forêt,Forêt
516,8249,Non Forêt,Forêt
517,8257,Forêt,Forêt
517,8258,Non Forêt,Non Forêt
517,8259,Non Forêt,Non Forêt
517,8260,Forêt,Forêt
517,8261,Non Forêt,Non Forêt
517,8262,Non Forêt,Non Forêt
517,8263,Non Forêt,Non Forêt
517,8264,Forêt,Forêt
517,8265,Non Forêt,Non Forêt
518,8273,Non Forêt,Non Forêt
518,8274,Non Forêt,Non Forêt
518,8275,Non Forêt,Non Forêt
518,8276,Non Forêt,Non Forêt
518,8277,Non Forêt,Non Forêt
518,8278,Non Forêt,Forêt
518,8279,Non Forêt,Non Forêt
518,8280,Non Forêt,Non Forêt
518,8281,Non Forêt,Forêt
519,8289,Non Forêt,Non Forêt
519,8290,Non Forêt,Non Forêt
519,8291,Non Forêt,Non Forêt
519,8292,Non Forêt,Non Forêt
519,8293,Non Forêt,Non Forêt
519,8294,Non Forêt,Forêt
519,8295,Non Forêt,Non Forêt
519,8296,Non Forêt,Non Forêt
519,8297,Non Forêt,Non Forêt
520,8305,Non Forêt,Non Forêt
520,8306,Non Forêt,Non Forêt
520,8307,Non Forêt,Non Forêt
520,8308,Non Forêt,Non Forêt
520,8309,Non Forêt,Non Forêt
520,8310,Non Forêt,Non Forêt
520,8311,Non Forêt,Non Forêt
520,8312,Non Forêt,Non Forêt
520,8313,Non Forêt,Non Forêt
521,8321,Non Forêt,Non Forêt
521,8322,Non Forêt,Non Forêt
521,8323,Non Forêt,Non Forêt
521,8324,Non Forêt,Non Forêt
521,8325,Non Forêt,Non Forêt
521,8326,Non Forêt,Non Forêt
521,8327,Non Forêt,Non Forêt
521,8328,Forêt,Forêt
521,8329,Non Forêt,Non Forêt
522,8337,Forêt,Forêt
522,8338,Non Forêt,Forêt
522,8339,Non Forêt,Non Forêt
522,8340,Forêt,Forêt
522,8341,Non Forêt,Forêt
522,8342,Non Forêt,Non Forêt
522,8343,Forêt,Forêt
522,8344,Non Forêt,Forêt
522,8345,Non Forêt,Non Forêt
523,8353,Non Forêt,Non Forêt
523,8354,Non Forêt,Forêt
523,8355,Non Forêt,Forêt
523,8356,Non Forêt,Forêt
523,8357,Non Forêt,Forêt
523,8358,Non Forêt,Non interprétable
523,8359,Non Forêt,Non Forêt
523,8360,Non Forêt,Forêt
523,8361,Non Forêt,Forêt
524,8369,Non Forêt,Non Forêt
524,8370,Non Forêt,Non Forêt
524,8371,Non Forêt,Forêt
524,8372,Non Forêt,Non Forêt
524,8373,Forêt,Forêt
524,8374,Forêt,Forêt
524,8375,Non Forêt,Forêt
524,8376,Forêt,Forêt
524,8377,Non interprétable,Forêt
525,8385,Non Forêt,Non Forêt
525,8386,Non Forêt,Forêt
525,8387,Non Forêt,Forêt
525,8388,Non Forêt,Forêt
525,8389,Non Forêt,Non Forêt
525,8390,Non Forêt,Forêt
525,8391,Non Forêt,Forêt
525,8392,Non Forêt,Forêt
525,8393,Non Forêt,Forêt
526,8401,Non Forêt,Non Forêt
526,8402,Non Forêt,Non Forêt
526,8403,Non Forêt,Non Forêt
526,8404,Non Forêt,Non Forêt
526,8405,Non Forêt,Non Forêt
526,8406,Non Forêt,Non Forêt
526,8407,Non Forêt,Non Forêt
526,8408,Non Forêt,Forêt
526,8409,Non Forêt,Non Forêt
527,8417,Forêt,Non Forêt
527,8418,Forêt,Forêt
527,8419,Non Forêt,Non Forêt
527,8420,Forêt,Forêt
527,8421,Forêt,Non Forêt
527,8422,Forêt,Forêt
527,8423,Forêt,Forêt
527,8424,Forêt,Forêt
527,8425,Forêt,Forêt
528,8433,Non Forêt,Non Forêt
528,8434,Non Forêt,Non Forêt
528,8435,Forêt,Forêt
528,8436,Non Forêt,Non Forêt
528,8437,Non Forêt,Forêt
528,8438,Non Forêt,Forêt
528,8439,Non Forêt,Non Forêt
528,8440,Non Forêt,Forêt
528,8441,Non Forêt,Non Forêt
529,8449,Forêt,Forêt
529,8450,Forêt,Forêt
529,8451,Forêt,Forêt
529,8452,Forêt,Forêt
529,8453,Non Forêt,Forêt
529,8454,Forêt,Forêt
529,8455,Forêt,Forêt
529,8456,Forêt,Forêt
529,8457,Forêt,Forêt
530,8465,Non Forêt,Forêt
530,8466,Non Forêt,Forêt
530,8467,Non Forêt,Forêt
530,8468,Non Forêt,Forêt
530,8469,Non Forêt,Forêt
530,8470,Non Forêt,Forêt
530,8471,Non Forêt,Non interprétable
530,8472,Non Forêt,Non interprétable
530,8473,Non Forêt,Forêt
531,8481,Non Forêt,Non Forêt
531,8482,Non Forêt,Non Forêt
531,8483,Non Forêt,Non Forêt
531,8484,Non Forêt,Non Forêt
531,8485,Forêt,Non Forêt
531,8486,Non Forêt,Non Forêt
531,8487,Non Forêt,Non Forêt
531,8488,Non Forêt,Non Forêt
531,8489,Non Forêt,Non Forêt
532,8497,Non Forêt,Non Forêt
532,8498,Non Forêt,Non Forêt
532,8499,Non Forêt,Non Forêt
532,8500,Non Forêt,Non Forêt
532,8501,Non Forêt,Non Forêt
532,8502,Non Forêt,Non Forêt
532,8503,Non Forêt,Non Forêt
532,8504,Non Forêt,Non Forêt
532,8505,Non Forêt,Non Forêt
533,8513,Non Forêt,Non Forêt
533,8514,Non Forêt,Non Forêt
533,8515,Non Forêt,Non Forêt
533,8516,Non Forêt,Non Forêt
533,8517,Non Forêt,Non Forêt
533,8518,Non Forêt,Non Forêt
533,8519,Non Forêt,Non Forêt
533,8520,Forêt,Non Forêt
533,8521,Non Forêt,Forêt
534,8529,Non Forêt,Non Forêt
534,8530,Non Forêt,Non Forêt
534,8531,Non Forêt,Non Forêt
534,8532,Forêt,Forêt
534,8533,Forêt,Forêt
534,8534,Forêt,Forêt
534,8535,Forêt,Forêt
534,8536,Forêt,Forêt
534,8537,Forêt,Forêt
535,8545,Non Forêt,Non Forêt
535,8546,Non Forêt,Non Forêt
535,8547,Non Forêt,Non Forêt
535,8548,Non Forêt,Forêt
535,8549,Non Forêt,Non Forêt
535,8550,Non Forêt,Non Forêt
535,8551,Non Forêt,Forêt
535,8552,Non Forêt,Forêt
535,8553,Non Forêt,Non Forêt
536,8561,Non Forêt,Non Forêt
536,8562,Non Forêt,Non Forêt
536,8563,Non Forêt,Non Forêt
536,8564,Non Forêt,Non Forêt
536,8565,Non Forêt,Non Forêt
536,8566,Non Forêt,Non Forêt
536,8567,Non Forêt,Forêt
536,8568,Non Forêt,Non Forêt
536,8569,Non Forêt,Non Forêt
537,8577,Forêt,Forêt
537,8578,Non Forêt,Non Forêt
537,8579,Non Forêt,Non Forêt
537,8580,Non Forêt,Non Forêt
537,8581,Non Forêt,Non Forêt
537,8582,Non Forêt,Non Forêt
537,8583,Non Forêt,Non Forêt
537,8584,Non Forêt,Non Forêt
537,8585,Non Forêt,Non Forêt
538,8593,Non Forêt,Non Forêt
538,8594,Non Forêt,Non Forêt
538,8595,Non Forêt,Non Forêt
538,8596,Non Forêt,Non Forêt
538,8597,Forêt,Non Forêt
538,8598,Non Forêt,Forêt
538,8599,Forêt,Non Forêt
538,8600,Non Forêt,Non Forêt
538,8601,Non Forêt,Non Forêt
539,8609,Non Forêt,Forêt
539,8610,Non Forêt,Non Forêt
539,8611,Non Forêt,Non Forêt
539,8612,Non Forêt,Non Forêt
539,8613,Non Forêt,Non Forêt
539,8614,Non Forêt,Non Forêt
539,8615,Non Forêt,Non Forêt
539,8616,Non Forêt,Non Forêt
539,8617,Non Forêt,Non Forêt
540,8625,Non Forêt,Non Forêt
540,8626,Non Forêt,Non Forêt
540,8627,Non Forêt,Non Forêt
540,8628,Non Forêt,Non Forêt
540,8629,Non Forêt,Non Forêt
540,8630,Non Forêt,Non Forêt
540,8631,Non Forêt,Non Forêt
540,8632,Non Forêt,Forêt
540,8633,Non Forêt,Non Forêt
541,8641,Forêt,Forêt
541,8642,Forêt,Non Forêt
541,8643,Forêt,Non Forêt
541,8644,Forêt,Non Forêt
541,8645,Forêt,Non Forêt
541,8646,Non Forêt,Non Forêt
541,8647,Forêt,Forêt
541,8648,Non Forêt,Non Forêt
541,8649,Non Forêt,Non Forêt
542,8657,Non interprétable,Non Forêt
542,8658,Non interprétable,Non Forêt
542,8659,Non interprétable,Non Forêt
542,8660,Non Forêt,Non Forêt
542,8661,Non Forêt,Non Forêt
542,8662,Non Forêt,Non Forêt
542,8663,Non Forêt,Non Forêt
542,8664,Non Forêt,Non Forêt
542,8665,Non Forêt,Non Forêt
543,8673,Non Forêt,Non Forêt
543,8674,Forêt,Non Forêt
543,8675,Forêt,Non Forêt
543,8676,Non Forêt,Non Forêt
543,8677,Non Forêt,Non Forêt
543,8678,Forêt,Non Forêt
543,8679,Non Forêt,Non Forêt
543,8680,Non Forêt,Non Forêt
543,8681,Non Forêt,Non Forêt
544,8689,Non interprétable,Non Forêt
544,8690,Forêt,Forêt
544,8691,Forêt,Forêt
544,8692,Non interprétable,Non Forêt
544,8693,Forêt,Forêt
544,8694,Forêt,Forêt
544,8695,Non interprétable,Non Forêt
544,8696,Forêt,Forêt
544,8697,Forêt,Forêt
545,8705,Forêt,Forêt
545,8706,Forêt,Forêt
545,8707,Forêt,Forêt
545,8708,Forêt,Forêt
545,8709,Forêt,Forêt
545,8710,Forêt,Forêt
545,8711,Forêt,Forêt
545,8712,Forêt,Forêt
545,8713,Forêt,Forêt
546,8721,Non Forêt,Non Forêt
546,8722,Non Forêt,Forêt
546,8723,Forêt,Forêt
546,8724,Non Forêt,Non Forêt
546,8725,Non Forêt,Non Forêt
546,8726,Non Forêt,Non Forêt
546,8727,Non Forêt,Forêt
546,8728,Non Forêt,Forêt
546,8729,Non Forêt,Forêt
547,8737,Forêt,
547,8738,Forêt,
547,8739,Forêt,
547,8740,Non Forêt,
547,8741,Non Forêt,
547,8742,Forêt,
547,8743,Non Forêt,
547,8744,Non Forêt,
547,8745,Non Forêt,
548,8753,Non Forêt,Forêt
548,8754,Non Forêt,Non Forêt
548,8755,Non Forêt,Forêt
548,8756,Forêt,Forêt
548,8757,Non Forêt,Non Forêt
548,8758,Non Forêt,Non Forêt
548,8759,Forêt,Forêt
548,8760,Non Forêt,Non Forêt
548,8761,Non Forêt,Non Forêt
549,8769,Non Forêt,Non Forêt
549,8770,Non Forêt,Forêt
549,8771,Non Forêt,Non interprétable
549,8772,Non Forêt,Non interprétable
549,8773,Forêt,Forêt
549,8774,Forêt,Forêt
549,8775,Forêt,Non interprétable
549,8776,Forêt,Forêt
549,8777,Forêt,Forêt
550,8785,Forêt,Non Forêt
550,8786,Forêt,Non Forêt
550,8787,Forêt,Non Forêt
550,8788,Forêt,Non Forêt
550,8789,Non Forêt,Non Forêt
550,8790,Non Forêt,Non Forêt
550,8791,Non Forêt,Non Forêt
550,8792,Forêt,Non Forêt
550,8793,Non Forêt,Non Forêt
551,8801,Forêt,Forêt
551,8802,Forêt,Forêt
551,8803,Non Forêt,Forêt
551,8804,Forêt,Forêt
551,8805,Non Forêt,Forêt
551,8806,Non Forêt,Non Forêt
551,8807,Non Forêt,Forêt
551,8808,Non Forêt,Forêt
551,8809,Non Forêt,Forêt
552,8817,Non Forêt,Non Forêt
552,8818,Non Forêt,Non Forêt
552,8819,Non Forêt,Non Forêt
552,8820,Non Forêt,Non Forêt
552,8821,Non Forêt,Non Forêt
552,8822,Non Forêt,Non Forêt
552,8823,Non Forêt,Forêt
552,8824,Non Forêt,Forêt
552,8825,Non Forêt,Forêt
553,8833,Forêt,Forêt
553,8834,Forêt,Forêt
553,8835,Forêt,Forêt
553,8836,Forêt,Non Forêt
553,8837,Forêt,Non Forêt
553,8838,Forêt,Forêt
553,8839,Non Forêt,Forêt
553,8840,Non Forêt,Non Forêt
553,8841,Non Forêt,Non Forêt
554,8849,Forêt,Forêt
554,8850,Forêt,Non Forêt
554,8851,Non Forêt,Non Forêt
554,8852,Non Forêt,Non interprétable
554,8853,Non Forêt,Non Forêt
554,8854,Non Forêt,Non Forêt
554,8855,Non Forêt,Non interprétable
554,8856,Non Forêt,Non Forêt
554,8857,Non Forêt,Non Forêt
555,8865,Non Forêt,Non Forêt
555,8866,Forêt,Forêt
555,8867,Forêt,Forêt
555,8868,Non Forêt,Non Forêt
555,8869,Non Forêt,Non Forêt
555,8870,Forêt,Forêt
555,8871,Non Forêt,Non Forêt
555,8872,Non Forêt,Non Forêt
555,8873,Non Forêt,Non Forêt
556,8881,Forêt,Forêt
556,8882,Non interprétable,Non Forêt
556,8883,Non Forêt,Non Forêt
556,8884,Forêt,Non Forêt
556,8885,Non interprétable,Non Forêt
556,8886,Non Forêt,Non Forêt
556,8887,Forêt,Forêt
556,8888,Forêt,Non Forêt
556,8889,Non Forêt,Non Forêt
557,8897,Non Forêt,Non Forêt
557,8898,Non Forêt,Forêt
557,8899,Forêt,Forêt
557,8900,Non Forêt,Non Forêt
557,8901,Non Forêt,Non Forêt
557,8902,Forêt,Forêt
557,8903,Non Forêt,Forêt
557,8904,Non Forêt,Non Forêt
557,8905,Non Forêt,Forêt
558,8913,Forêt,Forêt
558,8914,Forêt,Forêt
558,8915,Forêt,Forêt
558,8916,Forêt,Forêt
558,8917,Forêt,Forêt
558,8918,Forêt,Forêt
558,8919,Forêt,Forêt
558,8920,Forêt,Forêt
558,8921,Forêt,Forêt
559,8929,Non interprétable,Non Forêt
559,8930,Non interprétable,Non Forêt
559,8931,Non interprétable,Non Forêt
559,8932,Non interprétable,Non Forêt
559,8933,Non interprétable,Non Forêt
559,8934,Non interprétable,Non Forêt
559,8935,Non interprétable,Non Forêt
559,8936,Non interprétable,Non Forêt
559,8937,Non interprétable,Non Forêt
560,8945,Non Forêt,Non Forêt
560,8946,Non Forêt,Non Forêt
560,8947,Non Forêt,Non Forêt
560,8948,Non Forêt,Non Forêt
560,8949,Non Forêt,Non Forêt
560,8950,Forêt,Forêt
560,8951,Non Forêt,Non Forêt
560,8952,Forêt,Forêt
560,8953,Forêt,Forêt
561,8961,Non Forêt,Forêt
561,8962,Non Forêt,Forêt
561,8963,Non Forêt,Forêt
561,8964,Non Forêt,Non Forêt
561,8965,Non Forêt,Non Forêt
561,8966,Non Forêt,Non Forêt
561,8967,Non Forêt,Non Forêt
561,8968,Non Forêt,Non Forêt
561,8969,Non Forêt,Forêt
562,8977,Non Forêt,Forêt
562,8978,Non Forêt,Non Forêt
562,8979,Non Forêt,Non Forêt
562,8980,Non Forêt,Non Forêt
562,8981,Forêt,Forêt
562,8982,Non interprétable,
562,8983,Non Forêt,Forêt
562,8984,Forêt,Forêt
562,8985,Forêt,
563,8993,Forêt,Forêt
563,8994,Forêt,Forêt
563,8995,Forêt,Forêt
563,8996,Forêt,Forêt
563,8997,Non interprétable,Forêt
563,8998,Non interprétable,Forêt
563,8999,Forêt,Forêt
563,9000,Forêt,Forêt
563,9001,Forêt,Forêt
564,9009,Non Forêt,Non Forêt
564,9010,Non Forêt,Non Forêt
564,9011,Non Forêt,Forêt
564,9012,Non Forêt,Forêt
564,9013,Non Forêt,Non Forêt
564,9014,Non Forêt,Forêt
564,9015,Non Forêt,Forêt
564,9016,Non Forêt,Non Forêt
564,9017,Forêt,Forêt
565,9025,Non Forêt,Non Forêt
565,9026,Non Forêt,Non Forêt
565,9027,Non Forêt,Non Forêt
565,9028,Non Forêt,Non Forêt
565,9029,Non Forêt,Non Forêt
565,9030,Non Forêt,Non Forêt
565,9031,Non Forêt,Non Forêt
565,9032,Non Forêt,Non Forêt
565,9033,Non Forêt,Non Forêt
566,9041,Forêt,Forêt
566,9042,Forêt,Forêt
566,9043,Forêt,Forêt
566,9044,Forêt,Forêt
566,9045,Forêt,Forêt
566,9046,Non Forêt,Forêt
566,9047,Non Forêt,Non Forêt
566,9048,Non Forêt,Non Forêt
566,9049,Non Forêt,Non Forêt
567,9057,Non Forêt,Non Forêt
567,9058,Non Forêt,Non Forêt
567,9059,Non Forêt,Non Forêt
567,9060,Non Forêt,Non Forêt
567,9061,Non Forêt,Non Forêt
567,9062,Non Forêt,Forêt
567,9063,Non Forêt,Non Forêt
567,9064,Non Forêt,Non Forêt
567,9065,Non Forêt,Non Forêt
568,9073,Forêt,Forêt
568,9074,Forêt,Forêt
568,9075,Forêt,Forêt
568,9076,Forêt,Forêt
568,9077,Forêt,Forêt
568,9078,Forêt,Forêt
568,9079,Forêt,Forêt
568,9080,Forêt,Forêt
568,9081,Forêt,Forêt
569,9089,Non Forêt,Non Forêt
569,9090,Forêt,Forêt
569,9091,Forêt,Forêt
569,9092,Non Forêt,Non Forêt
569,9093,Forêt,Forêt
569,9094,Forêt,Forêt
569,9095,Non Forêt,Non Forêt
569,9096,Forêt,Forêt
569,9097,Non Forêt,Non Forêt
570,9105,Non Forêt,Non Forêt
570,9106,Non Forêt,Non Forêt
570,9107,Non Forêt,Non Forêt
570,9108,Non Forêt,Non Forêt
570,9109,Non Forêt,Non Forêt
570,9110,Non Forêt,Non Forêt
570,9111,Non Forêt,Non Forêt
570,9112,Non Forêt,Non Forêt
570,9113,Non Forêt,Non Forêt
571,9121,Non Forêt,Forêt
571,9122,Non Forêt,Forêt
571,9123,Non interprétable,Non Forêt
571,9124,Non interprétable,Forêt
571,9125,Non interprétable,Forêt
571,9126,Non Forêt,Forêt
571,9127,Non interprétable,Forêt
571,9128,Non interprétable,Forêt
571,9129,Forêt,Forêt
572,9137,Non Forêt,Forêt
572,9138,Non Forêt,Forêt
572,9139,Non Forêt,Forêt
572,9140,Non Forêt,Forêt
572,9141,Non Forêt,Non Forêt
572,9142,Non Forêt,Non Forêt
572,9143,Forêt,Forêt
572,9144,Non Forêt,Non Forêt
572,9145,Non Forêt,Forêt
573,9153,Non Forêt,Non Forêt
573,9154,Forêt,Forêt
573,9155,Forêt,Forêt
573,9156,Forêt,Non Forêt
573,9157,Forêt,Forêt
573,9158,Forêt,Non Forêt
573,9159,Forêt,Non Forêt
573,9160,Forêt,Non Forêt
573,9161,Forêt,Forêt
574,9169,Forêt,Forêt
574,9170,Forêt,Forêt
574,9171,Forêt,Forêt
574,9172,Forêt,Forêt
574,9173,Forêt,Forêt
574,9174,Forêt,Forêt
574,9175,Forêt,Forêt
574,9176,Forêt,Forêt
574,9177,Forêt,Forêt
575,9185,Non Forêt,Non Forêt
575,9186,Non Forêt,Non Forêt
575,9187,Non Forêt,Non Forêt
575,9188,Non Forêt,Non Forêt
575,9189,Non Forêt,Non Forêt
575,9190,Non Forêt,Forêt
575,9191,Non Forêt,Forêt
575,9192,Non Forêt,Forêt
575,9193,Forêt,Forêt
576,9201,Forêt,Forêt
576,9202,Non Forêt,Forêt
576,9203,Forêt,Non Forêt
576,9204,Forêt,Non Forêt
576,9205,Non Forêt,Non Forêt
576,9206,Non Forêt,Non Forêt
576,9207,Non Forêt,Forêt
576,9208,Forêt,Forêt
576,9209,Forêt,Forêt
577,9217,Non Forêt,Forêt
577,9218,Non Forêt,Forêt
577,9219,Non Forêt,Forêt
577,9220,Non Forêt,Forêt
577,9221,Non Forêt,Forêt
577,9222,Non interprétable,Forêt
577,9223,Non Forêt,Forêt
577,9224,Forêt,Forêt
577,9225,Non Forêt,Forêt
578,9233,Non Forêt,Non Forêt
578,9234,Non Forêt,Non Forêt
578,9235,Non Forêt,Non Forêt
578,9236,Forêt,Forêt
578,9237,Forêt,Forêt
578,9238,Forêt,Forêt
578,9239,Forêt,Forêt
578,9240,Forêt,Forêt
578,9241,Forêt,Non Forêt
579,9249,Forêt,Forêt
579,9250,Forêt,Forêt
579,9251,Forêt,Non Forêt
579,9252,Forêt,Forêt
579,9253,Forêt,Forêt
579,9254,Non interprétable,Forêt
579,9255,Non interprétable,Forêt
579,9256,Forêt,Forêt
579,9257,Forêt,Forêt
580,9265,Non Forêt,Non Forêt
580,9266,Non Forêt,Non Forêt
580,9267,Non Forêt,Non Forêt
580,9268,Non Forêt,Non Forêt
580,9269,Non Forêt,Non Forêt
580,9270,Non Forêt,Non Forêt
580,9271,Non Forêt,Non Forêt
580,9272,Non Forêt,Forêt
580,9273,Non Forêt,Forêt
581,9281,Forêt,Forêt
581,9282,Non Forêt,
581,9283,Forêt,Forêt
581,9284,Forêt,Forêt
581,9285,Non Forêt,
581,9286,Forêt,Forêt
581,9287,Forêt,Forêt
581,9288,Forêt,
581,9289,Forêt,Forêt
582,9297,Non Forêt,Non Forêt
582,9298,Non Forêt,Non Forêt
582,9299,Non Forêt,Non Forêt
582,9300,Non Forêt,Non Forêt
582,9301,Non Forêt,Non Forêt
582,9302,Non Forêt,Non Forêt
582,9303,Non Forêt,Non Forêt
582,9304,Non Forêt,Forêt
582,9305,Non Forêt,Forêt
583,9313,Forêt,Non Forêt
583,9314,Forêt,Non Forêt
583,9315,Non Forêt,Non Forêt
583,9316,Forêt,Non Forêt
583,9317,Forêt,Non Forêt
583,9318,Non Forêt,Non Forêt
583,9319,Forêt,Forêt
583,9320,Forêt,Non Forêt
583,9321,Non Forêt,Non Forêt
584,9329,Non Forêt,Non Forêt
584,9330,Forêt,Non Forêt
584,9331,Forêt,Forêt
584,9332,Non Forêt,Non Forêt
584,9333,Non Forêt,Non Forêt
584,9334,Non Forêt,Non Forêt
584,9335,Non Forêt,Non Forêt
584,9336,Non Forêt,Non Forêt
584,9337,Non Forêt,Non Forêt
585,9345,Non Forêt,Non Forêt
585,9346,Forêt,Non Forêt
585,9347,Forêt,Forêt
585,9348,Non Forêt,Non Forêt
585,9349,Non Forêt,Non Forêt
585,9350,Non Forêt,Non Forêt
585,9351,Non Forêt,Non Forêt
585,9352,Forêt,Non Forêt
585,9353,Forêt,Non Forêt
586,9361,Non Forêt,Non Forêt
586,9362,Non Forêt,Non Forêt
586,9363,Non Forêt,Non Forêt
586,9364,Non Forêt,Forêt
586,9365,Non Forêt,Non Forêt
586,9366,Non Forêt,Non Forêt
586,9367,Non Forêt,Forêt
586,9368,Non Forêt,Non Forêt
586,9369,Non Forêt,Non Forêt
587,9377,Non Forêt,Non Forêt
587,9378,Non Forêt,Non Forêt
587,9379,Non Forêt,Non Forêt
587,9380,Non Forêt,Non Forêt
587,9381,Non Forêt,Non Forêt
587,9382,Non Forêt,Non Forêt
587,9383,Non Forêt,Non Forêt
587,9384,Non Forêt,Non Forêt
587,9385,Non Forêt,Non Forêt
588,9393,Non Forêt,Non Forêt
588,9394,Non interprétable,Non Forêt
588,9395,Non interprétable,Non Forêt
588,9396,Non interprétable,Non Forêt
588,9397,Non interprétable,Forêt
588,9398,Non interprétable,Non Forêt
588,9399,Non interprétable,Non Forêt
588,9400,Non Forêt,Non Forêt
588,9401,Non Forêt,Non Forêt
589,9409,Non interprétable,Forêt
589,9410,Non Forêt,Non Forêt
589,9411,Non Forêt,Non Forêt
589,9412,Non Forêt,Non Forêt
589,9413,Non Forêt,Non Forêt
589,9414,Non interprétable,Non Forêt
589,9415,Non Forêt,Non Forêt
589,9416,Non interprétable,Non Forêt
589,9417,Non interprétable,Non Forêt
590,9425,Non Forêt,Non Forêt
590,9426,Non Forêt,Non Forêt
590,9427,Non Forêt,Non Forêt
590,9428,Non Forêt,Non Forêt
590,9429,Non Forêt,Non Forêt
590,9430,Non Forêt,Forêt
590,9431,Non Forêt,Non Forêt
590,9432,Non Forêt,Non Forêt
590,9433,Non Forêt,Non Forêt
591,9441,Non Forêt,Forêt
591,9442,Forêt,Forêt
591,9443,Forêt,Forêt
591,9444,Non Forêt,Non Forêt
591,9445,Non Forêt,Forêt
591,9446,Forêt,Forêt
591,9447,Non Forêt,Non Forêt
591,9448,Non Forêt,Non Forêt
591,9449,Non Forêt,Non Forêt
592,9457,Forêt,Forêt
592,9458,Non Forêt,Non Forêt
592,9459,Non Forêt,Non Forêt
592,9460,Non Forêt,Non Forêt
592,9461,Non Forêt,Non Forêt
592,9462,Non Forêt,Non Forêt
592,9463,Non Forêt,Non Forêt
592,9464,Non Forêt,Non Forêt
592,9465,Non Forêt,Non Forêt
593,9473,Forêt,Forêt
593,9474,Forêt,Forêt
593,9475,Forêt,Forêt
593,9476,Forêt,Forêt
593,9477,Forêt,Forêt
593,9478,Forêt,Forêt
593,9479,Forêt,Forêt
593,9480,Forêt,Forêt
593,9481,Forêt,Forêt
594,9489,Non Forêt,Forêt
594,9490,Non Forêt,Forêt
594,9491,Non Forêt,Forêt
594,9492,Non Forêt,Forêt
594,9493,Non Forêt,Forêt
594,9494,Non Forêt,Forêt
594,9495,Non Forêt,Forêt
594,9496,Non Forêt,Forêt
594,9497,Non Forêt,Forêt
595,9505,Non Forêt,Forêt
595,9506,Non Forêt,Non Forêt
595,9507,Non Forêt,Non Forêt
595,9508,Non Forêt,Forêt
595,9509,Non Forêt,Non Forêt
595,9510,Non Forêt,Forêt
595,9511,Non Forêt,Forêt
595,9512,Non Forêt,Forêt
595,9513,Non Forêt,Forêt
596,9521,Forêt,Forêt
596,9522,Forêt,Forêt
596,9523,Forêt,Forêt
596,9524,Forêt,Forêt
596,9525,Forêt,Forêt
596,9526,Forêt,Forêt
596,9527,Forêt,Forêt
596,9528,Forêt,Forêt
596,9529,Forêt,Forêt
597,9537,Forêt,Forêt
597,9538,Forêt,Forêt
597,9539,Forêt,Forêt
597,9540,Forêt,Forêt
597,9541,Forêt,Forêt
597,9542,Forêt,Forêt
597,9543,Non Forêt,Forêt
597,9544,Forêt,Forêt
597,9545,Forêt,Forêt
598,9553,Non Forêt,Non Forêt
598,9554,Non Forêt,Forêt
598,9555,Non Forêt,Forêt
598,9556,Non Forêt,Non Forêt
598,9557,Non Forêt,Non Forêt
598,9558,Non Forêt,Non Forêt
598,9559,Non Forêt,Non Forêt
598,9560,Non Forêt,Non Forêt
598,9561,Non Forêt,Non Forêt
599,9569,Non Forêt,Non Forêt
599,9570,Non Forêt,Non Forêt
599,9571,Non Forêt,Non Forêt
599,9572,Forêt,Forêt
599,9573,Non Forêt,Non Forêt
599,9574,Non Forêt,Non Forêt
599,9575,Forêt,Forêt
599,9576,Non Forêt,Non Forêt
599,9577,Non Forêt,Non Forêt
600,9585,Non Forêt,Non Forêt
600,9586,Non Forêt,Non Forêt
600,9587,Non Forêt,Non Forêt
600,9588,Non Forêt,Non Forêt
600,9589,Non Forêt,Non Forêt
600,9590,Non Forêt,Non Forêt
600,9591,Non Forêt,Non Forêt
600,9592,Non Forêt,Non Forêt
600,9593,Non Forêt,Non Forêt
601,9601,Non Forêt,Non Forêt
601,9602,Non Forêt,Forêt
601,9603,Non Forêt,Forêt
601,9604,Non Forêt,Non Forêt
601,9605,Non Forêt,Forêt
601,9606,Non Forêt,Non Forêt
601,9607,Non Forêt,Non Forêt
601,9608,Non Forêt,Non Forêt
601,9609,Non Forêt,Non Forêt
602,9617,Forêt,Forêt
602,9618,Forêt,Forêt
602,9619,Forêt,Forêt
602,9620,Forêt,Forêt
602,9621,Forêt,Forêt
602,9622,Forêt,Forêt
602,9623,Non Forêt,Forêt
602,9624,Forêt,Forêt
602,9625,Forêt,Forêt
603,9633,Non Forêt,Forêt
603,9634,Forêt,Forêt
603,9635,Forêt,Forêt
603,9636,Forêt,Forêt
603,9637,Non interprétable,Forêt
603,9638,Forêt,Forêt
603,9639,Non interprétable,Forêt
603,9640,Non Forêt,Forêt
603,9641,Forêt,Forêt
604,9649,Forêt,Forêt
604,9650,Forêt,Forêt
604,9651,Forêt,Forêt
604,9652,Forêt,Forêt
604,9653,Non interprétable,Forêt
604,9654,Non Forêt,Non Forêt
604,9655,Non interprétable,Forêt
604,9656,Forêt,Forêt
604,9657,Forêt,Forêt
605,9665,Non interprétable,Forêt
605,9666,Non interprétable,Non Forêt
605,9667,Non Forêt,Non Forêt
605,9668,Non Forêt,Non Forêt
605,9669,Non Forêt,Non Forêt
605,9670,Non Forêt,Non Forêt
605,9671,Non Forêt,Non Forêt
605,9672,Non Forêt,Non Forêt
605,9673,Non Forêt,Non Forêt
606,9681,Non Forêt,Non Forêt
606,9682,Non Forêt,Non Forêt
606,9683,Non Forêt,Non Forêt
606,9684,Non Forêt,Non Forêt
606,9685,Non Forêt,Non Forêt
606,9686,Forêt,Forêt
606,9687,Non Forêt,Non Forêt
606,9688,Non Forêt,Non Forêt
606,9689,Forêt,Forêt
607,9697,Non Forêt,Non Forêt
607,9698,Non Forêt,Forêt
607,9699,Non Forêt,Forêt
607,9700,Non Forêt,Forêt
607,9701,Non Forêt,Forêt
607,9702,Non Forêt,Forêt
607,9703,Non Forêt,Non Forêt
607,9704,Non Forêt,Forêt
607,9705,Non Forêt,Forêt
608,9713,Forêt,Forêt
608,9714,Forêt,Forêt
608,9715,Non Forêt,Forêt
608,9716,Non Forêt,Non Forêt
608,9717,Non Forêt,Non Forêt
608,9718,Non Forêt,Forêt
608,9719,Non Forêt,Forêt
608,9720,Non Forêt,Non Forêt
608,9721,Non Forêt,Forêt
609,9729,Non Forêt,Forêt
609,9730,Non Forêt,Non Forêt
609,9731,Non Forêt,Forêt
609,9732,Non Forêt,Forêt
609,9733,Non Forêt,Forêt
609,9734,Non Forêt,Forêt
609,9735,Forêt,Forêt
609,9736,Forêt,Forêt
609,9737,Non Forêt,Forêt
610,9745,Non Forêt,Non Forêt
610,9746,Non Forêt,Non Forêt
610,9747,Non Forêt,Non Forêt
610,9748,Non Forêt,Non Forêt
610,9749,Non Forêt,Non Forêt
610,9750,Non Forêt,Non Forêt
610,9751,Non Forêt,Non Forêt
610,9752,Non Forêt,Non Forêt
610,9753,Non Forêt,Forêt
611,9761,Non Forêt,Forêt
611,9762,Non Forêt,Forêt
611,9763,Non Forêt,Forêt
611,9764,Non Forêt,Forêt
611,9765,Forêt,Forêt
611,9766,Non Forêt,Forêt
611,9767,Non Forêt,Forêt
611,9768,Non Forêt,Non Forêt
611,9769,Non Forêt,Forêt
612,9777,Non Forêt,Forêt
612,9778,Non Forêt,Forêt
612,9779,Forêt,Forêt
612,9780,Non Forêt,Forêt
612,9781,Non Forêt,Forêt
612,9782,Non Forêt,Non Forêt
612,9783,Non Forêt,Non Forêt
612,9784,Non Forêt,Non Forêt
612,9785,Non Forêt,Non Forêt
613,9793,Non Forêt,Non Forêt
613,9794,Non interprétable,Non Forêt
613,9795,Forêt,Forêt
613,9796,Non Forêt,Non Forêt
613,9797,Non interprétable,Non Forêt
613,9798,Non interprétable,Forêt
613,9799,Non Forêt,Non Forêt
613,9800,Non interprétable,Non Forêt
613,9801,Non interprétable,Forêt
614,9809,Non Forêt,Non Forêt
614,9810,Non Forêt,Non Forêt
614,9811,Non Forêt,Forêt
614,9812,Non Forêt,Non Forêt
614,9813,Non Forêt,Non Forêt
614,9814,Non Forêt,Forêt
614,9815,Non Forêt,Non Forêt
614,9816,Non Forêt,Non Forêt
614,9817,Non Forêt,Non Forêt
615,9825,Forêt,Non Forêt
615,9826,Forêt,Non Forêt
615,9827,Non Forêt,Non Forêt
615,9828,Forêt,Non Forêt
615,9829,Forêt,Non Forêt
615,9830,Non interprétable,Forêt
615,9831,Forêt,Non Forêt
615,9832,Non interprétable,Forêt
615,9833,Non interprétable,Forêt
616,9841,Non Forêt,Forêt
616,9842,Non Forêt,Forêt
616,9843,Forêt,Forêt
616,9844,Non Forêt,Non Forêt
616,9845,Non Forêt,Forêt
616,9846,Forêt,Forêt
616,9847,Non Forêt,Non Forêt
616,9848,Forêt,Non Forêt
616,9849,Non Forêt,Non Forêt
617,9857,Non Forêt,Non Forêt
617,9858,Non Forêt,Non Forêt
617,9859,Non Forêt,Non Forêt
617,9860,Non Forêt,Non Forêt
617,9861,Non Forêt,Non Forêt
617,9862,Non Forêt,Non Forêt
617,9863,Non Forêt,Non Forêt
617,9864,Non Forêt,Non Forêt
617,9865,Non Forêt,Non Forêt
618,9873,Forêt,Forêt
618,9874,Non Forêt,Non Forêt
618,9875,Non Forêt,Non Forêt
618,9876,Forêt,Forêt
618,9877,Non Forêt,Non Forêt
618,9878,Non Forêt,Non Forêt
618,9879,Non Forêt,Non Forêt
618,9880,Non Forêt,Non Forêt
618,9881,Non Forêt,Non Forêt
619,9889,Forêt,Forêt
619,9890,Forêt,Forêt
619,9891,Forêt,Non Forêt
619,9892,Non Forêt,Non Forêt
619,9893,Non Forêt,Non Forêt
619,9894,Non interprétable,Non Forêt
619,9895,Non Forêt,Non Forêt
619,9896,Non Forêt,Non Forêt
619,9897,Non Forêt,Non Forêt
620,9905,Non Forêt,Non Forêt
620,9906,Non Forêt,Non Forêt
620,9907,Non Forêt,Non Forêt
620,9908,Non Forêt,Forêt
620,9909,Non Forêt,Non Forêt
620,9910,Non Forêt,Non Forêt
620,9911,Non Forêt,Forêt
620,9912,Non Forêt,Non Forêt
620,9913,Non Forêt,Non Forêt
621,9921,Forêt,Non Forêt
621,9922,Non Forêt,Non Forêt
621,9923,Forêt,Non Forêt
621,9924,Forêt,Forêt
621,9925,Forêt,Forêt
621,9926,Forêt,Forêt
621,9927,Non Forêt,Non Forêt
621,9928,Non Forêt,Non Forêt
621,9929,Forêt,Forêt
622,9937,Non Forêt,Non Forêt
622,9938,Non Forêt,Non Forêt
622,9939,Non Forêt,Non Forêt
622,9940,Non Forêt,Non Forêt
622,9941,Non Forêt,Non Forêt
622,9942,Non Forêt,Non Forêt
622,9943,Non Forêt,Non Forêt
622,9944,Non Forêt,Non Forêt
622,9945,Non Forêt,Non Forêt
623,9953,Non Forêt,Non Forêt
623,9954,Non Forêt,Forêt
623,9955,Non Forêt,Forêt
623,9956,Non Forêt,Forêt
623,9957,Non Forêt,Non Forêt
623,9958,Non Forêt,Non Forêt
623,9959,Non Forêt,Forêt
623,9960,Non Forêt,Non Forêt
623,9961,Non Forêt,Non Forêt
624,9969,Non interprétable,Forêt
624,9970,Forêt,Forêt
624,9971,Forêt,Non Forêt
624,9972,Forêt,Forêt
624,9973,Non Forêt,Non Forêt
624,9974,Non interprétable,Forêt
624,9975,Forêt,Forêt
624,9976,Forêt,Non Forêt
624,9977,Non Forêt,Non Forêt
625,9985,Forêt,Forêt
625,9986,Forêt,Forêt
625,9987,Forêt,Forêt
625,9988,Forêt,Forêt
625,9989,Forêt,Forêt
625,9990,Forêt,Forêt
625,9991,Forêt,Forêt
625,9992,Forêt,Forêt
625,9993,Forêt,Forêt
626,10001,Non Forêt,Non Forêt
626,10002,Non Forêt,Non Forêt
626,10003,Non Forêt,Non Forêt
626,10004,Forêt,Forêt
626,10005,Non Forêt,Non Forêt
626,10006,Non Forêt,Non Forêt
626,10007,Forêt,Forêt
626,10008,Forêt,Forêt
626,10009,Forêt,Forêt
627,10017,Non Forêt,Non Forêt
627,10018,Forêt,Forêt
627,10019,Forêt,Forêt
627,10020,Forêt,Forêt
627,10021,Non Forêt,Non Forêt
627,10022,Non Forêt,Forêt
627,10023,Forêt,Forêt
627,10024,Forêt,Forêt
627,10025,Forêt,Forêt
628,10033,Forêt,Forêt
628,10034,Forêt,Non Forêt
628,10035,Non Forêt,Non Forêt
628,10036,Forêt,Non Forêt
628,10037,Non Forêt,Non Forêt
628,10038,Non Forêt,Non Forêt
628,10039,Non Forêt,Non Forêt
628,10040,Non Forêt,Non Forêt
628,10041,Non Forêt,Non Forêt
629,10049,Non Forêt,Non Forêt
629,10050,Forêt,Forêt
629,10051,Forêt,Forêt
629,10052,Forêt,Non Forêt
629,10053,Forêt,Forêt
629,10054,Forêt,Forêt
629,10055,Forêt,Forêt
629,10056,Non Forêt,Forêt
629,10057,Non Forêt,Non Forêt
630,10065,Forêt,Forêt
630,10066,Forêt,Forêt
630,10067,Non Forêt,Forêt
630,10068,Forêt,Forêt
630,10069,Non Forêt,Non Forêt
630,10070,Forêt,Forêt
630,10071,Forêt,Forêt
630,10072,Forêt,Forêt
630,10073,Forêt,Forêt
631,10081,Forêt,Non Forêt
631,10082,Forêt,Non Forêt
631,10083,Non Forêt,Non Forêt
631,10084,Forêt,Non Forêt
631,10085,Forêt,Forêt
631,10086,Forêt,Forêt
631,10087,Forêt,Forêt
631,10088,Non Forêt,Non Forêt
631,10089,Forêt,Non Forêt
632,10097,Non interprétable,Forêt
632,10098,Non Forêt,Forêt
632,10099,Non Forêt,Forêt
632,10100,Non interprétable,Forêt
632,10101,Non Forêt,Forêt
632,10102,Non Forêt,Forêt
632,10103,Non interprétable,Forêt
632,10104,Non Forêt,Non Forêt
632,10105,Non Forêt,Non Forêt
633,10113,Non Forêt,Forêt
633,10114,Forêt,Forêt
633,10115,Forêt,Forêt
633,10116,Non Forêt,Forêt
633,10117,Non Forêt,Non Forêt
633,10118,Forêt,Forêt
633,10119,Non Forêt,Non Forêt
633,10120,Non Forêt,Non Forêt
633,10121,Non Forêt,Non Forêt
634,10129,Non Forêt,Non Forêt
634,10130,Non Forêt,Forêt
634,10131,Forêt,Forêt
634,10132,Non Forêt,Non Forêt
634,10133,Non Forêt,Forêt
634,10134,Forêt,Forêt
634,10135,Forêt,Forêt
634,10136,Forêt,Non Forêt
634,10137,Forêt,Forêt
635,10145,Forêt,Forêt
635,10146,Non Forêt,Non Forêt
635,10147,Non Forêt,Non Forêt
635,10148,Forêt,Forêt
635,10149,Forêt,Non Forêt
635,10150,Non Forêt,Non Forêt
635,10151,Forêt,Forêt
635,10152,Forêt,Non Forêt
635,10153,Non Forêt,Non Forêt
636,10161,Non Forêt,Non Forêt
636,10162,Non Forêt,Non Forêt
636,10163,Forêt,Forêt
636,10164,Non Forêt,Non Forêt
636,10165,Forêt,Non Forêt
636,10166,Forêt,Forêt
636,10167,Non Forêt,Non Forêt
636,10168,Non Forêt,Non Forêt
636,10169,Forêt,Forêt
637,10177,Non Forêt,Non Forêt
637,10178,Forêt,Non Forêt
637,10179,Forêt,Non Forêt
637,10180,Forêt,Forêt
637,10181,Forêt,Non Forêt
637,10182,Non Forêt,Non Forêt
637,10183,Forêt,Forêt
637,10184,Non Forêt,Non Forêt
637,10185,Non Forêt,Non Forêt
638,10193,Forêt,Non Forêt
638,10194,Non Forêt,Forêt
638,10195,Forêt,Forêt
638,10196,Non Forêt,Non Forêt
638,10197,Non Forêt,Non Forêt
638,10198,Forêt,Non Forêt
638,10199,Forêt,Forêt
638,10200,Forêt,Forêt
638,10201,Non Forêt,Non Forêt
639,10209,Forêt,Forêt
639,10210,Forêt,Forêt
639,10211,Forêt,Forêt
639,10212,Forêt,Forêt
639,10213,Forêt,Forêt
639,10214,Forêt,Forêt
639,10215,Forêt,Forêt
639,10216,Forêt,Forêt
639,10217,Forêt,Forêt
640,10225,Forêt,Non Forêt
640,10226,Non interprétable,Non Forêt
640,10227,Non interprétable,Forêt
640,10228,Forêt,Non Forêt
640,10229,Non interprétable,Non Forêt
640,10230,Non interprétable,Forêt
640,10231,Forêt,Forêt
640,10232,Non interprétable,Forêt
640,10233,Non interprétable,Forêt
641,10241,Non Forêt,Forêt
641,10242,Forêt,Forêt
641,10243,Forêt,Forêt
641,10244,Non Forêt,Forêt
641,10245,Non Forêt,Forêt
641,10246,Forêt,Forêt
641,10247,Non Forêt,Forêt
641,10248,Forêt,Forêt
641,10249,Forêt,Forêt
642,10257,Forêt,Forêt
642,10258,Forêt,Non Forêt
642,10259,Non Forêt,Non Forêt
642,10260,Forêt,Non Forêt
642,10261,Forêt,Non Forêt
642,10262,Non Forêt,Non Forêt
642,10263,Forêt,Non Forêt
642,10264,Forêt,Non Forêt
642,10265,Non Forêt,Non Forêt
643,10273,Non Forêt,Non Forêt
643,10274,Non Forêt,Forêt
643,10275,Non Forêt,Non Forêt
643,10276,Forêt,Forêt
643,10277,Non Forêt,Forêt
643,10278,Forêt,Forêt
643,10279,Forêt,Forêt
643,10280,Non Forêt,Forêt
643,10281,Forêt,Forêt
644,10289,Forêt,Forêt
644,10290,Forêt,Forêt
644,10291,Forêt,Forêt
644,10292,Non Forêt,Forêt
644,10293,Non Forêt,Forêt
644,10294,Forêt,Forêt
644,10295,Non Forêt,Non Forêt
644,10296,Non Forêt,Forêt
644,10297,Forêt,Forêt
645,10305,Non Forêt,Forêt
645,10306,Non Forêt,Forêt
645,10307,Non Forêt,Forêt
645,10308,Forêt,Forêt
645,10309,Forêt,Forêt
645,10310,Non Forêt,Forêt
645,10311,Non Forêt,Forêt
645,10312,Non Forêt,Forêt
645,10313,Forêt,Forêt
646,10321,Forêt,Non Forêt
646,10322,Forêt,Non Forêt
646,10323,Forêt,Forêt
646,10324,Non Forêt,Non Forêt
646,10325,Forêt,Non Forêt
646,10326,Non Forêt,Non Forêt
646,10327,Non Forêt,Non Forêt
646,10328,Forêt,Non Forêt
646,10329,Non Forêt,Non Forêt
647,10337,Forêt,Non Forêt
647,10338,Non Forêt,Non Forêt
647,10339,Non Forêt,Non Forêt
647,10340,Non Forêt,Non Forêt
647,10341,Non Forêt,Non Forêt
647,10342,Non Forêt,Non Forêt
647,10343,Non Forêt,Non Forêt
647,10344,Non Forêt,Non Forêt
647,10345,Forêt,Forêt
648,10353,Forêt,Forêt
648,10354,Forêt,Forêt
648,10355,Forêt,Forêt
648,10356,Forêt,Forêt
648,10357,Non Forêt,Forêt
648,10358,Non Forêt,Non Forêt
648,10359,Forêt,Forêt
648,10360,Non Forêt,Non Forêt
648,10361,Non Forêt,Forêt
649,10369,Forêt,Forêt
649,10370,Forêt,Forêt
649,10371,Forêt,Forêt
649,10372,Forêt,Non Forêt
649,10373,Non Forêt,Forêt
649,10374,Forêt,Forêt
649,10375,Non Forêt,Non Forêt
649,10376,Non Forêt,Non Forêt
649,10377,Forêt,Forêt
650,10385,Forêt,Forêt
650,10386,Forêt,Forêt
650,10387,Forêt,Forêt
650,10388,Forêt,Forêt
650,10389,Non Forêt,Non Forêt
650,10390,Forêt,Forêt
650,10391,Non Forêt,Forêt
650,10392,Non Forêt,Non Forêt
650,10393,Non Forêt,Forêt
651,10401,Non Forêt,Non Forêt
651,10402,Non Forêt,Non Forêt
651,10403,Non Forêt,Forêt
651,10404,Non Forêt,Forêt
651,10405,Non Forêt,Forêt
651,10406,Forêt,Non Forêt
651,10407,Forêt,Forêt
651,10408,Forêt,Non Forêt
651,10409,Non Forêt,Non Forêt
652,10417,Forêt,Non Forêt
652,10418,Forêt,Non Forêt
652,10419,Forêt,Non Forêt
652,10420,Forêt,Non Forêt
652,10421,Forêt,Non Forêt
652,10422,Forêt,Non Forêt
652,10423,Forêt,Non Forêt
652,10424,Forêt,Non Forêt
652,10425,Forêt,Non Forêt
653,10433,Non Forêt,Non Forêt
653,10434,Non Forêt,Non Forêt
653,10435,Non Forêt,Forêt
653,10436,Non Forêt,Forêt
653,10437,Non Forêt,Forêt
653,10438,Non Forêt,Forêt
653,10439,Non Forêt,Non Forêt
653,10440,Non Forêt,Forêt
653,10441,Forêt,Forêt
654,10449,Non Forêt,Non Forêt
654,10450,Non Forêt,Non Forêt
654,10451,Non Forêt,Forêt
654,10452,Non Forêt,Non Forêt
654,10453,Non Forêt,Forêt
654,10454,Non Forêt,Forêt
654,10455,Non Forêt,Non Forêt
654,10456,Non Forêt,Forêt
654,10457,Non Forêt,Forêt
655,10465,Non Forêt,Non Forêt
655,10466,Forêt,Forêt
655,10467,Forêt,Forêt
655,10468,Non Forêt,Non Forêt
655,10469,Forêt,Forêt
655,10470,Non Forêt,Non Forêt
655,10471,Non Forêt,Forêt
655,10472,Forêt,Forêt
655,10473,Non Forêt,Non Forêt
656,10481,Forêt,Forêt
656,10482,Forêt,Forêt
656,10483,Forêt,Forêt
656,10484,Forêt,Forêt
656,10485,Forêt,Forêt
656,10486,Forêt,Forêt
656,10487,Forêt,Forêt
656,10488,Forêt,Forêt
656,10489,Forêt,Forêt
657,10497,Forêt,Forêt
657,10498,Non Forêt,Non Forêt
657,10499,Non Forêt,Non Forêt
657,10500,Non Forêt,Non Forêt
657,10501,Non Forêt,Forêt
657,10502,Non Forêt,Forêt
657,10503,Non Forêt,Forêt
657,10504,Non Forêt,Forêt
657,10505,Non Forêt,Forêt
658,10513,Non interprétable,Forêt
658,10514,Non interprétable,Forêt
658,10515,Non Forêt,Non Forêt
658,10516,Non interprétable,Forêt
658,10517,Non interprétable,Forêt
658,10518,Non Forêt,Non Forêt
658,10519,Non interprétable,Forêt
658,10520,Non interprétable,Forêt
658,10521,Non Forêt,Non Forêt
659,10529,Non Forêt,Forêt
659,10530,Non Forêt,Forêt
659,10531,Non Forêt,Forêt
659,10532,Non Forêt,Forêt
659,10533,Non Forêt,Forêt
659,10534,Non Forêt,Forêt
659,10535,Non Forêt,Forêt
659,10536,Non Forêt,Forêt
659,10537,Non Forêt,Forêt
660,10545,Non Forêt,Forêt
660,10546,Non Forêt,Forêt
660,10547,Non Forêt,Forêt
660,10548,Non Forêt,Forêt
660,10549,Non Forêt,Forêt
660,10550,Non Forêt,Forêt
660,10551,Non Forêt,Forêt
660,10552,Non Forêt,Forêt
660,10553,Non Forêt,Forêt
661,10561,Non Forêt,Forêt
661,10562,Non Forêt,Forêt
661,10563,Non Forêt,Forêt
661,10564,Non Forêt,Forêt
661,10565,Non Forêt,Forêt
661,10566,Non Forêt,Forêt
661,10567,Non Forêt,Forêt
661,10568,Non Forêt,Forêt
661,10569,Non Forêt,Forêt
662,10577,Non Forêt,Forêt
662,10578,Non Forêt,Forêt
662,10579,Non Forêt,Forêt
662,10580,Non Forêt,Forêt
662,10581,Non Forêt,Forêt
662,10582,Non Forêt,Forêt
662,10583,Non Forêt,Forêt
662,10584,Non Forêt,Forêt
662,10585,Non Forêt,Forêt
663,10593,Forêt,Forêt
663,10594,Forêt,Forêt
663,10595,Forêt,Forêt
663,10596,Forêt,Forêt
663,10597,Forêt,Forêt
663,10598,Forêt,Forêt
663,10599,Forêt,Forêt
663,10600,Forêt,Forêt
663,10601,Forêt,Forêt
664,10609,Non Forêt,Non Forêt
664,10610,Non Forêt,Non Forêt
664,10611,Non Forêt,Forêt
664,10612,Non Forêt,Non Forêt
664,10613,Non Forêt,Non Forêt
664,10614,Non Forêt,Non Forêt
664,10615,Non Forêt,Non Forêt
664,10616,Non Forêt,Non Forêt
664,10617,Non Forêt,Non Forêt
665,10625,Non Forêt,Forêt
665,10626,Non Forêt,Forêt
665,10627,Non Forêt,Forêt
665,10628,Non Forêt,Forêt
665,10629,Non Forêt,Forêt
665,10630,Non Forêt,Non Forêt
665,10631,Non Forêt,Forêt
665,10632,Non Forêt,Forêt
665,10633,Non Forêt,Forêt
666,10641,Forêt,Forêt
666,10642,Forêt,Forêt
666,10643,Forêt,Forêt
666,10644,Forêt,Forêt
666,10645,Forêt,Forêt
666,10646,Forêt,Forêt
666,10647,Forêt,Forêt
666,10648,Forêt,Forêt
666,10649,Non Forêt,Non Forêt
667,10657,Non Forêt,Forêt
667,10658,Non Forêt,Non Forêt
667,10659,Non Forêt,Forêt
667,10660,Non Forêt,Non Forêt
667,10661,Non Forêt,Non Forêt
667,10662,Forêt,Forêt
667,10663,Non Forêt,Non Forêt
667,10664,Forêt,Forêt
667,10665,Forêt,Forêt
668,10673,Non Forêt,Forêt
668,10674,Non Forêt,Forêt
668,10675,Non Forêt,Forêt
668,10676,Non Forêt,Forêt
668,10677,Non Forêt,Forêt
668,10678,Non Forêt,Forêt
668,10679,Forêt,Forêt
668,10680,Forêt,Forêt
668,10681,Non Forêt,Forêt
669,10689,Non interprétable,Non Forêt
669,10690,Non interprétable,Non Forêt
669,10691,Non interprétable,Forêt
669,10692,Forêt,Forêt
669,10693,Non interprétable,Forêt
669,10694,Non interprétable,Non Forêt
669,10695,Forêt,Forêt
669,10696,Forêt,Forêt
669,10697,Non interprétable,Forêt
670,10705,Non Forêt,Forêt
670,10706,Non Forêt,Non Forêt
670,10707,Non Forêt,Non Forêt
670,10708,Non Forêt,Forêt
670,10709,Non Forêt,Non Forêt
670,10710,Non Forêt,Non Forêt
670,10711,Non Forêt,Forêt
670,10712,Non Forêt,Forêt
670,10713,Non Forêt,Non Forêt
671,10721,Non Forêt,Non Forêt
671,10722,Non Forêt,Non Forêt
671,10723,Non Forêt,Forêt
671,10724,Forêt,Non Forêt
671,10725,Non Forêt,Non Forêt
671,10726,Non Forêt,Non Forêt
671,10727,Forêt,Non Forêt
671,10728,Forêt,Forêt
671,10729,Non Forêt,Non Forêt
672,10737,Forêt,Non Forêt
672,10738,Non Forêt,Non Forêt
672,10739,Non Forêt,Non Forêt
672,10740,Forêt,Non Forêt
672,10741,Non Forêt,Non Forêt
672,10742,Non Forêt,Non Forêt
672,10743,Forêt,Non Forêt
672,10744,Non Forêt,Non Forêt
672,10745,Non Forêt,Non Forêt
673,10753,Non Forêt,Non Forêt
673,10754,Forêt,Forêt
673,10755,Forêt,Forêt
673,10756,Non Forêt,Non Forêt
673,10757,Non Forêt,Non Forêt
673,10758,Non Forêt,Non Forêt
673,10759,Non Forêt,Non Forêt
673,10760,Non Forêt,Non Forêt
673,10761,Non Forêt,Non Forêt
674,10769,Non Forêt,Non Forêt
674,10770,Non Forêt,Non Forêt
674,10771,Forêt,Non Forêt
674,10772,Non Forêt,Non Forêt
674,10773,Non Forêt,Non Forêt
674,10774,Non Forêt,Non Forêt
674,10775,Non Forêt,Non Forêt
674,10776,Non Forêt,Non Forêt
674,10777,Non Forêt,Non Forêt
675,10785,Non Forêt,Non Forêt
675,10786,Non Forêt,Forêt
675,10787,Non Forêt,Forêt
675,10788,Non Forêt,Non Forêt
675,10789,Non Forêt,Forêt
675,10790,Non Forêt,Forêt
675,10791,Non Forêt,Forêt
675,10792,Non Forêt,Forêt
675,10793,Forêt,Forêt
676,10801,Forêt,Forêt
676,10802,Forêt,Forêt
676,10803,Forêt,Forêt
676,10804,Forêt,Non Forêt
676,10805,Forêt,Non Forêt
676,10806,Forêt,Non Forêt
676,10807,Forêt,Non Forêt
676,10808,Forêt,Forêt
676,10809,Forêt,Non Forêt
677,10817,Non Forêt,Forêt
677,10818,Non Forêt,Forêt
677,10819,Non Forêt,Non Forêt
677,10820,Non Forêt,Forêt
677,10821,Non Forêt,Forêt
677,10822,Non Forêt,Forêt
677,10823,Non Forêt,Forêt
677,10824,Non Forêt,Forêt
677,10825,Forêt,Forêt
678,10833,Non Forêt,Forêt
678,10834,Non Forêt,Non Forêt
678,10835,Non Forêt,Forêt
678,10836,Non Forêt,Forêt
678,10837,Non Forêt,Non Forêt
678,10838,Non Forêt,Non Forêt
678,10839,Non Forêt,Non Forêt
678,10840,Non Forêt,Non Forêt
678,10841,Non Forêt,Non Forêt
679,10849,Non Forêt,Non Forêt
679,10850,Non Forêt,Non Forêt
679,10851,Forêt,Non Forêt
679,10852,Non Forêt,Forêt
679,10853,Non Forêt,Non Forêt
679,10854,Non Forêt,Non Forêt
679,10855,Non Forêt,Forêt
679,10856,Non Forêt,Non Forêt
679,10857,Non Forêt,Non Forêt
680,10865,Non Forêt,Forêt
680,10866,Non Forêt,Non Forêt
680,10867,Non Forêt,Non Forêt
680,10868,Non Forêt,Forêt
680,10869,Non Forêt,Non Forêt
680,10870,Forêt,Forêt
680,10871,Non Forêt,Forêt
680,10872,Non Forêt,Forêt
680,10873,Non Forêt,Forêt
681,10881,Forêt,Non Forêt
681,10882,Non Forêt,Non Forêt
681,10883,Forêt,Forêt
681,10884,Forêt,Non Forêt
681,10885,Forêt,Non Forêt
681,10886,Forêt,Forêt
681,10887,Forêt,Forêt
681,10888,Forêt,Forêt
681,10889,Forêt,Forêt
682,10897,Non Forêt,Forêt
682,10898,Non Forêt,Forêt
682,10899,Forêt,Non Forêt
682,10900,Forêt,Forêt
682,10901,Non Forêt,Forêt
682,10902,Forêt,Forêt
682,10903,Forêt,
682,10904,Forêt,
682,10905,Forêt,Forêt
683,10913,Non Forêt,Forêt
683,10914,Non Forêt,Forêt
683,10915,Non Forêt,Forêt
683,10916,Non Forêt,Forêt
683,10917,Non Forêt,Forêt
683,10918,Non Forêt,Forêt
683,10919,Non Forêt,Forêt
683,10920,Non Forêt,Forêt
683,10921,Non Forêt,Forêt
684,10929,Non Forêt,Non Forêt
684,10930,Non Forêt,Forêt
684,10931,Forêt,Forêt
684,10932,Non Forêt,Non Forêt
684,10933,Non Forêt,Forêt
684,10934,Non Forêt,Forêt
684,10935,Non Forêt,Forêt
684,10936,Non Forêt,Forêt
684,10937,Non Forêt,Forêt
685,10945,Non Forêt,Forêt
685,10946,Non Forêt,Forêt
685,10947,Non Forêt,Forêt
685,10948,Non Forêt,Forêt
685,10949,Non Forêt,Forêt
685,10950,Non Forêt,Forêt
685,10951,Non Forêt,Forêt
685,10952,Non Forêt,Forêt
685,10953,Forêt,Forêt
686,10961,Forêt,Forêt
686,10962,Forêt,Forêt
686,10963,Forêt,Forêt
686,10964,Forêt,Forêt
686,10965,Forêt,Forêt
686,10966,Forêt,Forêt
686,10967,Forêt,Forêt
686,10968,Forêt,Forêt
686,10969,Forêt,Forêt
687,10977,Forêt,Forêt
687,10978,Forêt,Non Forêt
687,10979,Forêt,Forêt
687,10980,Forêt,Forêt
687,10981,Forêt,Non Forêt
687,10982,Forêt,Non Forêt
687,10983,Forêt,Forêt
687,10984,Forêt,Non Forêt
687,10985,Forêt,Forêt
688,10993,Forêt,Forêt
688,10994,Forêt,Non Forêt
688,10995,Non Forêt,Non Forêt
688,10996,Non Forêt,Non Forêt
688,10997,Non Forêt,Non Forêt
688,10998,Forêt,Forêt
688,10999,Non Forêt,Non Forêt
688,11000,Non Forêt,Non Forêt
688,11001,Forêt,Forêt
689,11009,Non Forêt,Non Forêt
689,11010,Non Forêt,Non Forêt
689,11011,Forêt,Forêt
689,11012,Forêt,Forêt
689,11013,Forêt,Forêt
689,11014,Forêt,Forêt
689,11015,Non Forêt,Forêt
689,11016,Forêt,Forêt
689,11017,Forêt,Forêt
690,11025,Non Forêt,Non Forêt
690,11026,Non Forêt,Forêt
690,11027,Non Forêt,Forêt
690,11028,Non Forêt,Non Forêt
690,11029,Non Forêt,Non Forêt
690,11030,Non Forêt,Forêt
690,11031,Non Forêt,Non Forêt
690,11032,Non Forêt,Forêt
690,11033,Non Forêt,Forêt
691,11041,Non Forêt,Non Forêt
691,11042,Non Forêt,Non Forêt
691,11043,Forêt,Non Forêt
691,11044,Forêt,Non Forêt
691,11045,Non Forêt,Non Forêt
691,11046,Non Forêt,Non Forêt
691,11047,Non Forêt,Forêt
691,11048,Forêt,Forêt
691,11049,Non Forêt,Non Forêt
692,11057,Forêt,Non Forêt
692,11058,Non Forêt,Non Forêt
692,11059,Non Forêt,Non Forêt
692,11060,Non Forêt,Non Forêt
692,11061,Non Forêt,Non Forêt
692,11062,Non Forêt,Non Forêt
692,11063,Forêt,Forêt
692,11064,Forêt,Forêt
692,11065,Non Forêt,Non Forêt
693,11073,Non Forêt,Forêt
693,11074,Non Forêt,Forêt
693,11075,Non Forêt,Forêt
693,11076,Non Forêt,Forêt
693,11077,Non Forêt,Forêt
693,11078,Non Forêt,Forêt
693,11079,Non Forêt,Forêt
693,11080,Non Forêt,Forêt
693,11081,Non Forêt,Forêt
694,11089,Non Forêt,Non Forêt
694,11090,Forêt,Non Forêt
694,11091,Non Forêt,Non Forêt
694,11092,Non Forêt,Non Forêt
694,11093,Non Forêt,Non Forêt
694,11094,Forêt,Non Forêt
694,11095,Non Forêt,Non Forêt
694,11096,Non Forêt,Non Forêt
694,11097,Non Forêt,Non Forêt
695,11105,Forêt,Non Forêt
695,11106,Non Forêt,Non Forêt
695,11107,Non Forêt,Non Forêt
695,11108,Forêt,Non Forêt
695,11109,Non Forêt,Non Forêt
695,11110,Non Forêt,Non Forêt
695,11111,Non Forêt,Non Forêt
695,11112,Non Forêt,Non Forêt
695,11113,Non Forêt,Non Forêt
696,11121,Non Forêt,Non Forêt
696,11122,Forêt,Non Forêt
696,11123,Non Forêt,Forêt
696,11124,Non Forêt,Non Forêt
696,11125,Non Forêt,Forêt
696,11126,Non Forêt,Non Forêt
696,11127,Non Forêt,Non Forêt
696,11128,Non Forêt,Forêt
696,11129,Non Forêt,Forêt
697,11137,Non Forêt,Non Forêt
697,11138,Forêt,Non Forêt
697,11139,Forêt,Non Forêt
697,11140,Non Forêt,Non Forêt
697,11141,Non Forêt,Non Forêt
697,11142,Non Forêt,Non Forêt
697,11143,Non Forêt,Non Forêt
697,11144,Non Forêt,Non Forêt
697,11145,Non Forêt,Non Forêt
698,11153,Non Forêt,Non Forêt
698,11154,Non Forêt,Non Forêt
698,11155,Non Forêt,Non Forêt
698,11156,Non Forêt,Non Forêt
698,11157,Non Forêt,Non Forêt
698,11158,Non Forêt,Non Forêt
698,11159,Non Forêt,Non Forêt
698,11160,Non Forêt,Non Forêt
698,11161,Non Forêt,Non Forêt
699,11169,Non Forêt,Non Forêt
699,11170,Non Forêt,Non Forêt
699,11171,Non Forêt,Non Forêt
699,11172,Forêt,Forêt
699,11173,Non Forêt,Non Forêt
699,11174,Non Forêt,Non Forêt
699,11175,Forêt,Forêt
699,11176,Forêt,Forêt
699,11177,Forêt,Forêt
700,11185,Forêt,Forêt
700,11186,Forêt,Forêt
700,11187,Forêt,Forêt
700,11188,Non Forêt,Non Forêt
700,11189,Non Forêt,Non Forêt
700,11190,Forêt,Non Forêt
700,11191,Non Forêt,Forêt
700,11192,Forêt,Forêt
700,11193,Forêt,Non Forêt
701,11201,Forêt,Forêt
701,11202,Non Forêt,Non Forêt
701,11203,Non Forêt,Non Forêt
701,11204,Forêt,Non Forêt
701,11205,Forêt,Non Forêt
701,11206,Non Forêt,Non Forêt
701,11207,Forêt,Forêt
701,11208,Forêt,Forêt
701,11209,Forêt,Forêt
702,11217,Forêt,Forêt
702,11218,Forêt,Forêt
702,11219,Forêt,Forêt
702,11220,Forêt,Forêt
702,11221,Forêt,Forêt
702,11222,Forêt,Forêt
702,11223,Forêt,
702,11224,Forêt,Forêt
702,11225,Non Forêt,Forêt
703,11233,Non Forêt,Non Forêt
703,11234,Non Forêt,Forêt
703,11235,Non Forêt,Forêt
703,11236,Non Forêt,Non Forêt
703,11237,Non Forêt,Forêt
703,11238,Non Forêt,Forêt
703,11239,Non Forêt,Non Forêt
703,11240,Non Forêt,Forêt
703,11241,Non Forêt,Forêt
704,11249,Non Forêt,Non Forêt
704,11250,Non Forêt,Forêt
704,11251,Non Forêt,Non Forêt
704,11252,Non Forêt,Non Forêt
704,11253,Non Forêt,Forêt
704,11254,Non Forêt,Forêt
704,11255,Non Forêt,Non Forêt
704,11256,Non Forêt,Forêt
704,11257,Forêt,Forêt
705,11265,Non Forêt,Non Forêt
705,11266,Non Forêt,Non Forêt
705,11267,Non Forêt,Non Forêt
705,11268,Non Forêt,Non Forêt
705,11269,Non Forêt,Non Forêt
705,11270,Non Forêt,Non Forêt
705,11271,Non Forêt,Non Forêt
705,11272,Non Forêt,Non Forêt
705,11273,Non Forêt,Non Forêt
706,11281,Forêt,Non Forêt
706,11282,Non Forêt,Non Forêt
706,11283,Forêt,Forêt
706,11284,Forêt,Forêt
706,11285,Forêt,Non Forêt
706,11286,Forêt,Non Forêt
706,11287,Forêt,Forêt
706,11288,Forêt,Forêt
706,11289,Forêt,Forêt
707,11297,Non Forêt,Non Forêt
707,11298,Forêt,Non Forêt
707,11299,Non Forêt,Non Forêt
707,11300,Forêt,Non Forêt
707,11301,Forêt,Non Forêt
707,11302,Non Forêt,Non Forêt
707,11303,Forêt,Non Forêt
707,11304,Forêt,Non Forêt
707,11305,Non Forêt,Non Forêt
708,11313,Non Forêt,Non Forêt
708,11314,Non Forêt,Non Forêt
708,11315,Forêt,Forêt
708,11316,Non Forêt,Non Forêt
708,11317,Non Forêt,Non Forêt
708,11318,Forêt,Forêt
708,11319,Non Forêt,Non Forêt
708,11320,Non Forêt,Non Forêt
708,11321,Forêt,Non Forêt
709,11329,Non interprétable,Non Forêt
709,11330,Non interprétable,Non Forêt
709,11331,Non interprétable,Non Forêt
709,11332,Forêt,Non Forêt
709,11333,Non interprétable,Non Forêt
709,11334,Non interprétable,Non Forêt
709,11335,Forêt,Non Forêt
709,11336,Non interprétable,Non Forêt
709,11337,Non interprétable,Non Forêt
710,11345,Non Forêt,Non Forêt
710,11346,Non Forêt,Forêt
710,11347,Non Forêt,Non Forêt
710,11348,Non Forêt,Non Forêt
710,11349,Non Forêt,Non Forêt
710,11350,Non Forêt,Forêt
710,11351,Non Forêt,Non Forêt
710,11352,Non Forêt,Non Forêt
710,11353,Non Forêt,Non Forêt
711,11361,Forêt,Forêt
711,11362,Forêt,Forêt
711,11363,Forêt,Forêt
711,11364,Forêt,Forêt
711,11365,Forêt,Forêt
711,11366,Forêt,Forêt
711,11367,Forêt,Forêt
711,11368,Forêt,Forêt
711,11369,Forêt,Forêt
712,11377,Non Forêt,Non Forêt
712,11378,Non Forêt,Forêt
712,11379,Forêt,Non Forêt
712,11380,Forêt,Non Forêt
712,11381,Non Forêt,Non Forêt
712,11382,Non Forêt,Non Forêt
712,11383,Non Forêt,Non Forêt
712,11384,Non Forêt,Non Forêt
712,11385,Non Forêt,Non Forêt
713,11393,Forêt,Forêt
713,11394,Forêt,Non Forêt
713,11395,Forêt,Non Forêt
713,11396,Forêt,Forêt
713,11397,Non Forêt,Non Forêt
713,11398,Non Forêt,Non Forêt
713,11399,Non Forêt,
713,11400,Non Forêt,Non Forêt
713,11401,Non Forêt,Non Forêt
714,11409,Forêt,Forêt
714,11410,Forêt,Forêt
714,11411,Non Forêt,Non Forêt
714,11412,Forêt,Forêt
714,11413,Forêt,Forêt
714,11414,Non Forêt,Non Forêt
714,11415,Non Forêt,Non Forêt
714,11416,Non Forêt,Forêt
714,11417,Forêt,Forêt
715,11425,Non Forêt,Non Forêt
715,11426,Forêt,Forêt
715,11427,Non Forêt,Non Forêt
715,11428,Non Forêt,Non Forêt
715,11429,Forêt,Non Forêt
715,11430,Non Forêt,Non Forêt
715,11431,Non Forêt,Non Forêt
715,11432,Forêt,Forêt
715,11433,Non Forêt,Non Forêt
716,11441,Non interprétable,Non Forêt
716,11442,Non Forêt,Non Forêt
716,11443,Non Forêt,Non Forêt
716,11444,Non Forêt,Forêt
716,11445,Non Forêt,Forêt
716,11446,Non Forêt,Forêt
716,11447,Non interprétable,Forêt
716,11448,Forêt,Forêt
716,11449,Forêt,Forêt
717,11457,Non Forêt,Non Forêt
717,11458,Non Forêt,Non Forêt
717,11459,Forêt,Forêt
717,11460,Non Forêt,Non Forêt
717,11461,Non Forêt,Non Forêt
717,11462,Non Forêt,Non Forêt
717,11463,Forêt,Non Forêt
717,11464,Non Forêt,Non Forêt
717,11465,Non Forêt,Non Forêt
718,11473,Non Forêt,Forêt
718,11474,Forêt,Forêt
718,11475,Forêt,Forêt
718,11476,Forêt,Forêt
718,11477,Non Forêt,Forêt
718,11478,Forêt,Forêt
718,11479,Forêt,Forêt
718,11480,Forêt,Forêt
718,11481,Forêt,Forêt
719,11489,Non Forêt,Non Forêt
719,11490,Non Forêt,Non Forêt
719,11491,Forêt,Non Forêt
719,11492,Non Forêt,Non Forêt
719,11493,Non Forêt,Non Forêt
719,11494,Non Forêt,Forêt
719,11495,Non Forêt,Non Forêt
719,11496,Non Forêt,Non Forêt
719,11497,Non Forêt,Non Forêt
720,11505,Non Forêt,Forêt
720,11506,Non Forêt,
720,11507,Non Forêt,Non Forêt
720,11508,Forêt,Forêt
720,11509,Non Forêt,
720,11510,Non Forêt,Non Forêt
720,11511,Forêt,Forêt
720,11512,Forêt,
720,11513,Non Forêt,Non Forêt
721,11521,Non Forêt,Non Forêt
721,11522,Non Forêt,Non Forêt
721,11523,Non Forêt,Non Forêt
721,11524,Non Forêt,Non Forêt
721,11525,Non Forêt,Non Forêt
721,11526,Non Forêt,Non Forêt
721,11527,Non Forêt,Non Forêt
721,11528,Non Forêt,Non Forêt
721,11529,Non Forêt,Non Forêt
722,11537,Non Forêt,Forêt
722,11538,Non Forêt,Forêt
722,11539,Non Forêt,Forêt
722,11540,Non Forêt,Forêt
722,11541,Non Forêt,Forêt
722,11542,Non Forêt,Forêt
722,11543,Non Forêt,Forêt
722,11544,Non Forêt,Non Forêt
722,11545,Forêt,Non Forêt
723,11553,Forêt,Forêt
723,11554,Forêt,Non Forêt
723,11555,Non Forêt,Forêt
723,11556,Non Forêt,Forêt
723,11557,Forêt,Non Forêt
723,11558,Non Forêt,Forêt
723,11559,Non Forêt,Non Forêt
723,11560,Non Forêt,Non Forêt
723,11561,Non Forêt,Forêt
724,11569,Non Forêt,Non Forêt
724,11570,Non Forêt,Forêt
724,11571,Non Forêt,Non Forêt
724,11572,Forêt,Forêt
724,11573,Non Forêt,Non Forêt
724,11574,Non Forêt,Non Forêt
724,11575,Non Forêt,Forêt
724,11576,Non Forêt,Non Forêt
724,11577,Non Forêt,Non Forêt
725,11585,Non Forêt,Non Forêt
725,11586,Non Forêt,Non Forêt
725,11587,Non Forêt,Non Forêt
725,11588,Non Forêt,Non Forêt
725,11589,Non Forêt,Non Forêt
725,11590,Non Forêt,Non Forêt
725,11591,Forêt,Non Forêt
725,11592,Non Forêt,Non Forêt
725,11593,Non Forêt,Non Forêt
726,11601,Non Forêt,Non Forêt
726,11602,Forêt,Non Forêt
726,11603,Forêt,Forêt
726,11604,Non Forêt,Non Forêt
726,11605,Non Forêt,Non Forêt
726,11606,Forêt,Forêt
726,11607,Non Forêt,Forêt
726,11608,Non Forêt,Forêt
726,11609,Forêt,Non Forêt
727,11617,Forêt,Non Forêt
727,11618,Forêt,Non Forêt
727,11619,Forêt,Non Forêt
727,11620,Non Forêt,Non Forêt
727,11621,Forêt,Non Forêt
727,11622,Non Forêt,Non Forêt
727,11623,Forêt,Non Forêt
727,11624,Non Forêt,Non Forêt
727,11625,Non Forêt,Non Forêt
728,11633,Forêt,Non Forêt
728,11634,Forêt,Non Forêt
728,11635,Forêt,Forêt
728,11636,Forêt,Forêt
728,11637,Forêt,Non Forêt
728,11638,Forêt,Non Forêt
728,11639,Forêt,Forêt
728,11640,Forêt,Non Forêt
728,11641,Forêt,Non Forêt
729,11649,Non Forêt,Non Forêt
729,11650,Non Forêt,Non Forêt
729,11651,Non Forêt,Non Forêt
729,11652,Non Forêt,Non Forêt
729,11653,Non Forêt,Non Forêt
729,11654,Non Forêt,Non Forêt
729,11655,Non Forêt,Non Forêt
729,11656,Non Forêt,Non Forêt
729,11657,Non Forêt,Non Forêt
730,11665,Forêt,Forêt
730,11666,Non Forêt,Forêt
730,11667,Forêt,Forêt
730,11668,Non Forêt,Forêt
730,11669,Non Forêt,Forêt
730,11670,Forêt,Forêt
730,11671,Non Forêt,Forêt
730,11672,Non Forêt,Forêt
730,11673,Non Forêt,Forêt
731,11681,Forêt,Forêt
731,11682,Non Forêt,Forêt
731,11683,Non Forêt,Non Forêt
731,11684,Non Forêt,Non Forêt
731,11685,Non Forêt,Non Forêt
731,11686,Non Forêt,Non Forêt
731,11687,Non Forêt,Non Forêt
731,11688,Non Forêt,Non Forêt
731,11689,Non Forêt,Non Forêt
732,11697,Non Forêt,Non Forêt
732,11698,Non Forêt,Non Forêt
732,11699,Non Forêt,Non Forêt
732,11700,Non Forêt,Non Forêt
732,11701,Non Forêt,Non Forêt
732,11702,Non Forêt,Non Forêt
732,11703,Non Forêt,Non Forêt
732,11704,Non Forêt,Non Forêt
732,11705,Non Forêt,Non Forêt
733,11713,Non Forêt,Non Forêt
733,11714,Non Forêt,Non Forêt
733,11715,Non Forêt,Non Forêt
733,11716,Non Forêt,Non Forêt
733,11717,Non Forêt,Non Forêt
733,11718,Non Forêt,Non Forêt
733,11719,Non Forêt,Non Forêt
733,11720,Non Forêt,Non Forêt
733,11721,Non Forêt,Non Forêt
734,11729,Non Forêt,Non Forêt
734,11730,Non Forêt,Non Forêt
734,11731,Non Forêt,Non Forêt
734,11732,Non Forêt,Non Forêt
734,11733,Non Forêt,Non Forêt
734,11734,Non Forêt,Non Forêt
734,11735,Non Forêt,Non Forêt
734,11736,Non Forêt,Non Forêt
734,11737,Non Forêt,Non Forêt
735,11745,Forêt,Forêt
735,11746,Forêt,Forêt
735,11747,Forêt,Forêt
735,11748,Forêt,Forêt
735,11749,Forêt,Forêt
735,11750,Forêt,Forêt
735,11751,Forêt,Forêt
735,11752,Forêt,Forêt
735,11753,Forêt,Forêt
736,11761,Forêt,Non Forêt
736,11762,Non Forêt,Non Forêt
736,11763,Non Forêt,Non Forêt
736,11764,Forêt,Forêt
736,11765,Forêt,Forêt
736,11766,Forêt,Non Forêt
736,11767,Forêt,Forêt
736,11768,Forêt,Forêt
736,11769,Forêt,Forêt
737,11777,Forêt,Forêt
737,11778,Forêt,Forêt
737,11779,Forêt,Forêt
737,11780,Forêt,Forêt
737,11781,Forêt,Forêt
737,11782,Forêt,Forêt
737,11783,Forêt,Forêt
737,11784,Forêt,Forêt
737,11785,Forêt,Forêt
738,11793,Non Forêt,Forêt
738,11794,Non Forêt,Forêt
738,11795,Non Forêt,Forêt
738,11796,Non Forêt,Forêt
738,11797,Forêt,Forêt
738,11798,Forêt,Forêt
738,11799,Non Forêt,Forêt
738,11800,Non Forêt,Forêt
738,11801,Forêt,Forêt
739,11809,Non Forêt,Non Forêt
739,11810,Non Forêt,Non Forêt
739,11811,Non Forêt,Non Forêt
739,11812,Non Forêt,Non Forêt
739,11813,Non Forêt,Non Forêt
739,11814,Non Forêt,Non Forêt
739,11815,Non Forêt,Non Forêt
739,11816,Non Forêt,Non Forêt
739,11817,Non Forêt,Non Forêt
740,11825,Forêt,Forêt
740,11826,Non Forêt,Forêt
740,11827,Forêt,Forêt
740,11828,Forêt,Forêt
740,11829,Non Forêt,Forêt
740,11830,Forêt,Forêt
740,11831,Forêt,Forêt
740,11832,Forêt,Forêt
740,11833,Forêt,Forêt
741,11841,Forêt,Forêt
741,11842,Non Forêt,Forêt
741,11843,Forêt,Non Forêt
741,11844,Forêt,Forêt
741,11845,Non Forêt,Forêt
741,11846,Forêt,Forêt
741,11847,Forêt,Forêt
741,11848,Forêt,Forêt
741,11849,Non Forêt,Forêt
742,11857,Non Forêt,Non Forêt
742,11858,Non Forêt,Non Forêt
742,11859,Non Forêt,Non Forêt
742,11860,Non Forêt,Non Forêt
742,11861,Non Forêt,Non Forêt
742,11862,Non Forêt,Non Forêt
742,11863,Non Forêt,Non Forêt
742,11864,Non Forêt,Non Forêt
742,11865,Non Forêt,Non Forêt
743,11873,Non Forêt,Non Forêt
743,11874,Non Forêt,Non Forêt
743,11875,Non Forêt,Non Forêt
743,11876,Non Forêt,Non Forêt
743,11877,Non Forêt,Non Forêt
743,11878,Non Forêt,Non Forêt
743,11879,Non Forêt,Non Forêt
743,11880,Non Forêt,Non Forêt
743,11881,Non Forêt,Non Forêt
744,11889,Non Forêt,Forêt
744,11890,Non Forêt,Non Forêt
744,11891,Non Forêt,Non Forêt
744,11892,Non Forêt,Non Forêt
744,11893,Non Forêt,Non Forêt
744,11894,Non Forêt,Non Forêt
744,11895,Non Forêt,Non Forêt
744,11896,Non Forêt,Non Forêt
744,11897,Non Forêt,Forêt
745,11905,Forêt,Forêt
745,11906,Forêt,Forêt
745,11907,Forêt,Non Forêt
745,11908,Forêt,Forêt
745,11909,Forêt,Forêt
745,11910,Non Forêt,Non Forêt
745,11911,Non Forêt,
745,11912,Forêt,
745,11913,Non Forêt,Non Forêt
746,11921,Non Forêt,Forêt
746,11922,Non Forêt,Non Forêt
746,11923,Non Forêt,Non Forêt
746,11924,Non Forêt,Forêt
746,11925,Non Forêt,Forêt
746,11926,Non Forêt,Forêt
746,11927,Non Forêt,Non Forêt
746,11928,Non Forêt,Non Forêt
746,11929,Non Forêt,Non Forêt
747,11937,Forêt,Forêt
747,11938,Forêt,Forêt
747,11939,Forêt,Forêt
747,11940,Forêt,Forêt
747,11941,Forêt,Forêt
747,11942,Forêt,Forêt
747,11943,Forêt,Forêt
747,11944,Forêt,Forêt
747,11945,Forêt,Forêt
748,11953,Forêt,Forêt
748,11954,Forêt,Forêt
748,11955,Forêt,Forêt
748,11956,Forêt,Forêt
748,11957,Forêt,Forêt
748,11958,Forêt,Forêt
748,11959,Forêt,Forêt
748,11960,Forêt,Forêt
748,11961,Forêt,Forêt
749,11969,Forêt,Non Forêt
749,11970,Forêt,Non Forêt
749,11971,Forêt,Non Forêt
749,11972,Forêt,Non Forêt
749,11973,Forêt,Non Forêt
749,11974,Forêt,Non Forêt
749,11975,Forêt,Non Forêt
749,11976,Forêt,Non Forêt
749,11977,Forêt,Non Forêt
750,11985,Non Forêt,Forêt
750,11986,Non Forêt,Forêt
750,11987,Non Forêt,Forêt
750,11988,Non Forêt,Forêt
750,11989,Non Forêt,Forêt
750,11990,Non Forêt,Forêt
750,11991,Non Forêt,Forêt
750,11992,Non Forêt,Forêt
750,11993,Non Forêt,Forêt
751,12001,Forêt,Forêt
751,12002,Forêt,Forêt
751,12003,Forêt,Forêt
751,12004,Forêt,Forêt
751,12005,Forêt,Forêt
751,12006,Forêt,Forêt
751,12007,Forêt,Forêt
751,12008,Forêt,Forêt
751,12009,Forêt,Forêt
752,12017,Non interprétable,Non Forêt
752,12018,Non interprétable,Non Forêt
752,12019,Non Forêt,Non Forêt
752,12020,Non interprétable,Non Forêt
752,12021,Non interprétable,Non Forêt
752,12022,Non Forêt,Non Forêt
752,12023,Non interprétable,Non Forêt
752,12024,Non interprétable,Non Forêt
752,12025,Non Forêt,Non Forêt
753,12033,Forêt,Forêt
753,12034,Forêt,Forêt
753,12035,Forêt,Forêt
753,12036,Forêt,Forêt
753,12037,Forêt,Forêt
753,12038,Forêt,Forêt
753,12039,Forêt,Forêt
753,12040,Forêt,Forêt
753,12041,Forêt,Forêt
754,12049,Non Forêt,Non Forêt
754,12050,Non Forêt,Non Forêt
754,12051,Non Forêt,Non Forêt
754,12052,Non Forêt,Non Forêt
754,12053,Non Forêt,Non Forêt
754,12054,Non Forêt,Non Forêt
754,12055,Non Forêt,Non Forêt
754,12056,Non Forêt,Non Forêt
754,12057,Non Forêt,Non Forêt
755,12065,Forêt,Non Forêt
755,12066,Forêt,Non Forêt
755,12067,Non Forêt,Non Forêt
755,12068,Forêt,Non Forêt
755,12069,Forêt,Non Forêt
755,12070,Non Forêt,Non Forêt
755,12071,Non Forêt,Forêt
755,12072,Non Forêt,Non Forêt
755,12073,Non Forêt,Non Forêt
756,12081,Forêt,Forêt
756,12082,Non Forêt,Non Forêt
756,12083,Non Forêt,Non Forêt
756,12084,Non Forêt,Non Forêt
756,12085,Forêt,Forêt
756,12086,Non Forêt,Non Forêt
756,12087,Non Forêt,Non Forêt
756,12088,Non Forêt,Non Forêt
756,12089,Non Forêt,Non Forêt
757,12097,Forêt,Non Forêt
757,12098,Non Forêt,Non Forêt
757,12099,Non Forêt,Non Forêt
757,12100,Non Forêt,Non Forêt
757,12101,Non Forêt,Non Forêt
757,12102,Non Forêt,Non Forêt
757,12103,Non Forêt,Non Forêt
757,12104,Non Forêt,Non Forêt
757,12105,Non Forêt,Non Forêt
758,12113,Non interprétable,Non Forêt
758,12114,Non interprétable,Non Forêt
758,12115,Non Forêt,Non Forêt
758,12116,Non Forêt,Non Forêt
758,12117,Non Forêt,Non Forêt
758,12118,Non Forêt,Non Forêt
758,12119,Non Forêt,Non Forêt
758,12120,Non Forêt,Non Forêt
758,12121,Non Forêt,Non Forêt
759,12129,Non Forêt,Non Forêt
759,12130,Non Forêt,Non Forêt
759,12131,Non Forêt,Non Forêt
759,12132,Non Forêt,Forêt
759,12133,Non Forêt,Non Forêt
759,12134,Non Forêt,Non Forêt
759,12135,Non Forêt,Forêt
759,12136,Non Forêt,Non Forêt
759,12137,Non Forêt,Non Forêt
760,12145,Non Forêt,Forêt
760,12146,Non Forêt,Forêt
760,12147,Non Forêt,Forêt
760,12148,Non Forêt,Forêt
760,12149,Non Forêt,Forêt
760,12150,Non Forêt,Forêt
760,12151,Non Forêt,Forêt
760,12152,Non Forêt,Forêt
760,12153,Non Forêt,Forêt
761,12161,Non Forêt,Non Forêt
761,12162,Non Forêt,Non Forêt
761,12163,Non Forêt,Non Forêt
761,12164,Non Forêt,Non Forêt
761,12165,Non Forêt,Non Forêt
761,12166,Non Forêt,Non Forêt
761,12167,Non Forêt,Non Forêt
761,12168,Non Forêt,Non Forêt
761,12169,Non Forêt,Non Forêt
762,12177,Non Forêt,Non Forêt
762,12178,Non Forêt,Non Forêt
762,12179,Non Forêt,Non Forêt
762,12180,Non Forêt,Forêt
762,12181,Non Forêt,Non Forêt
762,12182,Non Forêt,Non Forêt
762,12183,Non Forêt,Non Forêt
762,12184,Non Forêt,Non Forêt
762,12185,Non Forêt,Non Forêt
763,12193,Non Forêt,Non Forêt
763,12194,Non Forêt,Non Forêt
763,12195,Non Forêt,Non Forêt
763,12196,Non Forêt,Non Forêt
763,12197,Non Forêt,Non Forêt
763,12198,Non Forêt,Non Forêt
763,12199,Non Forêt,Non Forêt
763,12200,Non Forêt,Non Forêt
763,12201,Non Forêt,Non Forêt
764,12209,Non Forêt,Non Forêt
764,12210,Non Forêt,Non Forêt
764,12211,Non Forêt,Non Forêt
764,12212,Non Forêt,Non Forêt
764,12213,Non Forêt,Non Forêt
764,12214,Non Forêt,Non Forêt
764,12215,Non Forêt,Non Forêt
764,12216,Non Forêt,Non Forêt
764,12217,Non Forêt,Non Forêt
765,12225,Non Forêt,Non Forêt
765,12226,Non Forêt,Non Forêt
765,12227,Non Forêt,Non Forêt
765,12228,Non Forêt,Non Forêt
765,12229,Non Forêt,Non Forêt
765,12230,Non Forêt,Non Forêt
765,12231,Non Forêt,Non Forêt
765,12232,Non Forêt,Non Forêt
765,12233,Non Forêt,Non Forêt
766,12241,Non Forêt,Non Forêt
766,12242,Non Forêt,Non Forêt
766,12243,Non Forêt,Non Forêt
766,12244,Non Forêt,Non Forêt
766,12245,Non Forêt,Non Forêt
766,12246,Forêt,Forêt
766,12247,Non Forêt,Non Forêt
766,12248,Non Forêt,Non Forêt
766,12249,Non Forêt,Non Forêt
767,12257,Non Forêt,Forêt
767,12258,Non Forêt,Non Forêt
767,12259,Non Forêt,Non Forêt
767,12260,Non Forêt,Non Forêt
767,12261,Non Forêt,Forêt
767,12262,Non Forêt,Forêt
767,12263,Non Forêt,Forêt
767,12264,Non Forêt,Forêt
767,12265,Non Forêt,Non Forêt
768,12273,Non Forêt,Forêt
768,12274,Non Forêt,Forêt
768,12275,Non Forêt,Non Forêt
768,12276,Non Forêt,Non Forêt
768,12277,Non Forêt,Non Forêt
768,12278,Non Forêt,Non Forêt
768,12279,Non Forêt,Non Forêt
768,12280,Non Forêt,Non Forêt
768,12281,Non Forêt,Non Forêt
769,12289,Non Forêt,Non Forêt
769,12290,Non Forêt,Non Forêt
769,12291,Non Forêt,Non Forêt
769,12292,Non Forêt,Non Forêt
769,12293,Non Forêt,Non Forêt
769,12294,Non Forêt,Non Forêt
769,12295,Non Forêt,Non Forêt
769,12296,Non Forêt,Non Forêt
769,12297,Forêt,Forêt
770,12305,Non Forêt,Non Forêt
770,12306,Forêt,Non Forêt
770,12307,Non Forêt,Non Forêt
770,12308,Non Forêt,Non Forêt
770,12309,Forêt,Non Forêt
770,12310,Forêt,Non Forêt
770,12311,Forêt,Non Forêt
770,12312,Non Forêt,Non Forêt
770,12313,Non Forêt,Non Forêt
771,12321,Non Forêt,Non Forêt
771,12322,Non Forêt,Non Forêt
771,12323,Non Forêt,Non Forêt
771,12324,Non Forêt,Non Forêt
771,12325,Non Forêt,Forêt
771,12326,Non Forêt,Non Forêt
771,12327,Non Forêt,Non Forêt
771,12328,Non Forêt,Non Forêt
771,12329,Non Forêt,Non Forêt
772,12337,Non Forêt,Non Forêt
772,12338,Non Forêt,Non Forêt
772,12339,Forêt,Forêt
772,12340,Non Forêt,Non Forêt
772,12341,Forêt,Non Forêt
772,12342,Non Forêt,Non Forêt
772,12343,Non Forêt,Non Forêt
772,12344,Non Forêt,Non Forêt
772,12345,Non Forêt,Non Forêt
773,12353,Non Forêt,Non Forêt
773,12354,Non Forêt,Non Forêt
773,12355,Non Forêt,Non Forêt
773,12356,Forêt,Forêt
773,12357,Forêt,Forêt
773,12358,Non Forêt,Forêt
773,12359,Non Forêt,Forêt
773,12360,Non Forêt,Forêt
773,12361,Non Forêt,Forêt
774,12369,Non Forêt,Non Forêt
774,12370,Non Forêt,Non Forêt
774,12371,Non Forêt,Non Forêt
774,12372,Non Forêt,Non Forêt
774,12373,Non Forêt,Non Forêt
774,12374,Non Forêt,Non Forêt
774,12375,Non Forêt,Non Forêt
774,12376,Non Forêt,Non Forêt
774,12377,Non Forêt,Non Forêt
775,12385,Non Forêt,Non Forêt
775,12386,Non Forêt,Non Forêt
775,12387,Non Forêt,Non Forêt
775,12388,Non Forêt,Non Forêt
775,12389,Non Forêt,Forêt
775,12390,Non Forêt,Forêt
775,12391,Non Forêt,Forêt
775,12392,Non Forêt,Forêt
775,12393,Non Forêt,Forêt
776,12401,Forêt,Non Forêt
776,12402,Forêt,Non Forêt
776,12403,Forêt,Non Forêt
776,12404,Forêt,Non Forêt
776,12405,Non Forêt,Non Forêt
776,12406,Forêt,Non Forêt
776,12407,Forêt,Non Forêt
776,12408,Forêt,Non Forêt
776,12409,Non Forêt,Non Forêt
777,12417,Non Forêt,Non Forêt
777,12418,Non Forêt,Non Forêt
777,12419,Non Forêt,Non Forêt
777,12420,Non Forêt,Non Forêt
777,12421,Non Forêt,Non Forêt
777,12422,Non Forêt,Non Forêt
777,12423,Non Forêt,Non Forêt
777,12424,Non Forêt,Non Forêt
777,12425,Non Forêt,Non Forêt
778,12433,Non Forêt,Forêt
778,12434,Non Forêt,Forêt
778,12435,Non Forêt,Non Forêt
778,12436,Non Forêt,Forêt
778,12437,Non Forêt,Non Forêt
778,12438,Non Forêt,Non Forêt
778,12439,Forêt,Forêt
778,12440,Forêt,Forêt
778,12441,Non Forêt,Forêt
779,12449,Non Forêt,Non Forêt
779,12450,Non Forêt,Non Forêt
779,12451,Non Forêt,Non Forêt
779,12452,Non Forêt,Non Forêt
779,12453,Non Forêt,Non Forêt
779,12454,Non Forêt,Non Forêt
779,12455,Non Forêt,Non Forêt
779,12456,Non Forêt,Non Forêt
779,12457,Non Forêt,Non Forêt
780,12465,Non Forêt,Non Forêt
780,12466,Non Forêt,Non Forêt
780,12467,Non Forêt,Non Forêt
780,12468,Non Forêt,Non Forêt
780,12469,Non Forêt,Non Forêt
780,12470,Non Forêt,Non Forêt
780,12471,Non Forêt,Non Forêt
780,12472,Non Forêt,Non Forêt
780,12473,Non Forêt,Non Forêt
781,12481,Non Forêt,Non Forêt
781,12482,Non Forêt,Non Forêt
781,12483,Non Forêt,Non Forêt
781,12484,Non Forêt,Non Forêt
781,12485,Non Forêt,Non Forêt
781,12486,Non Forêt,Non Forêt
781,12487,Non Forêt,Non Forêt
781,12488,Non Forêt,Non Forêt
781,12489,Non Forêt,Non Forêt
782,12497,Non Forêt,Non Forêt
782,12498,Non Forêt,Non Forêt
782,12499,Non Forêt,Non Forêt
782,12500,Non Forêt,Non Forêt
782,12501,Non Forêt,Non Forêt
782,12502,Non Forêt,Non Forêt
782,12503,Non Forêt,Non Forêt
782,12504,Non Forêt,Non Forêt
782,12505,Non Forêt,Non Forêt
783,12513,Non Forêt,Non Forêt
783,12514,Non Forêt,Non Forêt
783,12515,Non Forêt,Non Forêt
783,12516,Non Forêt,Non Forêt
783,12517,Non Forêt,Non Forêt
783,12518,Non Forêt,Non Forêt
783,12519,Non Forêt,Non Forêt
783,12520,Non Forêt,Non Forêt
783,12521,Non Forêt,Non Forêt
784,12529,Forêt,Forêt
784,12530,Forêt,Forêt
784,12531,Non Forêt,Non Forêt
784,12532,Forêt,Forêt
784,12533,Forêt,Forêt
784,12534,Forêt,Forêt
784,12535,Forêt,Forêt
784,12536,Forêt,Non Forêt
784,12537,Forêt,Non Forêt
785,12545,Forêt,Non Forêt
785,12546,Forêt,Non Forêt
785,12547,Forêt,Non Forêt
785,12548,Non Forêt,Non Forêt
785,12549,Non Forêt,Non Forêt
785,12550,Forêt,Non Forêt
785,12551,Non Forêt,Non Forêt
785,12552,Non Forêt,Non Forêt
785,12553,Non Forêt,Non Forêt
786,12561,Non Forêt,Non Forêt
786,12562,Non Forêt,Non Forêt
786,12563,Non Forêt,Non Forêt
786,12564,Non Forêt,Non Forêt
786,12565,Non Forêt,Non Forêt
786,12566,Non Forêt,Non Forêt
786,12567,Non Forêt,Non Forêt
786,12568,Non Forêt,Non Forêt
786,12569,Non Forêt,Non Forêt
787,12577,Non Forêt,Non Forêt
787,12578,Non Forêt,Non Forêt
787,12579,Non Forêt,Forêt
787,12580,Non Forêt,Non Forêt
787,12581,Non Forêt,Non Forêt
787,12582,Non Forêt,Non Forêt
787,12583,Non Forêt,Non Forêt
787,12584,Non Forêt,Non Forêt
787,12585,Non Forêt,Non Forêt
788,12593,Forêt,Forêt
788,12594,Non Forêt,Forêt
788,12595,Non Forêt,Non Forêt
788,12596,Non interprétable,Non Forêt
788,12597,Non Forêt,Non Forêt
788,12598,Non Forêt,Non Forêt
788,12599,Non interprétable,Non Forêt
788,12600,Non Forêt,Non Forêt
788,12601,Non Forêt,Non Forêt
789,12609,Non Forêt,Non Forêt
789,12610,Non Forêt,Non Forêt
789,12611,Non Forêt,Non Forêt
789,12612,Non Forêt,Non Forêt
789,12613,Non Forêt,Non Forêt
789,12614,Forêt,Forêt
789,12615,Non Forêt,Non Forêt
789,12616,Non Forêt,Non Forêt
789,12617,Forêt,Forêt
790,12625,Non Forêt,Non Forêt
790,12626,Non Forêt,Forêt
790,12627,Non Forêt,Non Forêt
790,12628,Non Forêt,Forêt
790,12629,Non Forêt,Forêt
790,12630,Non Forêt,Forêt
790,12631,Forêt,Forêt
790,12632,Forêt,Forêt
790,12633,Forêt,Forêt
791,12641,Forêt,Non Forêt
791,12642,Non Forêt,Forêt
791,12643,Non Forêt,Forêt
791,12644,Forêt,Non Forêt
791,12645,Non Forêt,Forêt
791,12646,Non Forêt,Forêt
791,12647,Non Forêt,Forêt
791,12648,Forêt,Forêt
791,12649,Forêt,Forêt
792,12657,Non Forêt,Forêt
792,12658,Non Forêt,Forêt
792,12659,Non Forêt,Non Forêt
792,12660,Non Forêt,Forêt
792,12661,Non Forêt,Forêt
792,12662,Non Forêt,Forêt
792,12663,Non Forêt,Forêt
792,12664,Non Forêt,Forêt
792,12665,Non Forêt,Non Forêt
793,12673,Non Forêt,Forêt
793,12674,Forêt,Non Forêt
793,12675,Forêt,Forêt
793,12676,Non Forêt,Non Forêt
793,12677,Non Forêt,Forêt
793,12678,Forêt,Forêt
793,12679,Non Forêt,Forêt
793,12680,Non Forêt,Non Forêt
793,12681,Non Forêt,Forêt
794,12689,Non Forêt,Non Forêt
794,12690,Non Forêt,Non Forêt
794,12691,Non Forêt,Non Forêt
794,12692,Non Forêt,Non Forêt
794,12693,Non Forêt,Non Forêt
794,12694,Non Forêt,Forêt
794,12695,Non Forêt,Non Forêt
794,12696,Non Forêt,Non Forêt
794,12697,Forêt,Forêt
795,12705,Non Forêt,Non Forêt
795,12706,Non Forêt,Non Forêt
795,12707,Non Forêt,Non Forêt
795,12708,Non Forêt,Non Forêt
795,12709,Non Forêt,Non Forêt
795,12710,Forêt,Forêt
795,12711,Non Forêt,Non Forêt
795,12712,Non Forêt,Forêt
795,12713,Forêt,Forêt
796,12721,Non Forêt,Non Forêt
796,12722,Non Forêt,Non Forêt
796,12723,Non Forêt,Non Forêt
796,12724,Non Forêt,Non Forêt
796,12725,Non Forêt,Non Forêt
796,12726,Forêt,Forêt
796,12727,Non Forêt,Non Forêt
796,12728,Non Forêt,Non Forêt
796,12729,Forêt,Forêt
797,12737,Non Forêt,Non Forêt
797,12738,Forêt,Forêt
797,12739,Forêt,Non Forêt
797,12740,Non Forêt,Non Forêt
797,12741,Non Forêt,Forêt
797,12742,Non Forêt,Non Forêt
797,12743,Non Forêt,Forêt
797,12744,Non Forêt,Forêt
797,12745,Non Forêt,Forêt
798,12753,Non Forêt,Non Forêt
798,12754,Non Forêt,Non Forêt
798,12755,Non Forêt,Forêt
798,12756,Non Forêt,Non Forêt
798,12757,Non Forêt,Forêt
798,12758,Non Forêt,Non Forêt
798,12759,Non Forêt,Non Forêt
798,12760,Non Forêt,Non Forêt
798,12761,Non Forêt,Non Forêt
799,12769,Non Forêt,Non Forêt
799,12770,Non Forêt,Non Forêt
799,12771,Non Forêt,Non Forêt
799,12772,Non Forêt,Forêt
799,12773,Non Forêt,Forêt
799,12774,Non Forêt,Forêt
799,12775,Non Forêt,Non Forêt
799,12776,Non Forêt,Forêt
799,12777,Forêt,Forêt
800,12785,Non Forêt,Non Forêt
800,12786,Non Forêt,Non Forêt
800,12787,Non Forêt,Non Forêt
800,12788,Non Forêt,Non Forêt
800,12789,Forêt,Non Forêt
800,12790,Non Forêt,Non Forêt
800,12791,Non Forêt,Non Forêt
800,12792,Non Forêt,Non Forêt
800,12793,Non Forêt,Non Forêt
801,12801,Non Forêt,Forêt
801,12802,Non Forêt,Forêt
801,12803,Non Forêt,Non Forêt
801,12804,Non Forêt,Forêt
801,12805,Non Forêt,Non Forêt
801,12806,Non Forêt,Non Forêt
801,12807,Forêt,Forêt
801,12808,Non Forêt,Non Forêt
801,12809,Non Forêt,Non Forêt
802,12817,Forêt,Non Forêt
802,12818,Non Forêt,Non Forêt
802,12819,Non Forêt,Non Forêt
802,12820,Non Forêt,Non Forêt
802,12821,Non Forêt,Non Forêt
802,12822,Non Forêt,Non Forêt
802,12823,Non Forêt,Non Forêt
802,12824,Non Forêt,Non Forêt
802,12825,Non Forêt,Non Forêt
803,12833,Non Forêt,Non Forêt
803,12834,Non Forêt,Non Forêt
803,12835,Non Forêt,Non Forêt
803,12836,Non Forêt,Non Forêt
803,12837,Non Forêt,Non Forêt
803,12838,Non Forêt,Non Forêt
803,12839,Non Forêt,Non Forêt
803,12840,Non Forêt,Non Forêt
803,12841,Non Forêt,Non Forêt
804,12849,Forêt,Forêt
804,12850,Forêt,Forêt
804,12851,Forêt,Forêt
804,12852,Forêt,Forêt
804,12853,Forêt,Forêt
804,12854,Forêt,Forêt
804,12855,Forêt,Forêt
804,12856,Forêt,Forêt
804,12857,Forêt,Forêt
805,12865,Forêt,Forêt
805,12866,Forêt,
805,12867,Forêt,
805,12868,Forêt,Forêt
805,12869,Forêt,Forêt
805,12870,Forêt,Forêt
805,12871,Forêt,Non Forêt
805,12872,Forêt,Forêt
805,12873,Non Forêt,Non Forêt
806,12881,Non Forêt,Non Forêt
806,12882,Non Forêt,Non Forêt
806,12883,Non Forêt,Non Forêt
806,12884,Non Forêt,Non Forêt
806,12885,Non Forêt,Non Forêt
806,12886,Non Forêt,Non Forêt
806,12887,Non Forêt,Non Forêt
806,12888,Non Forêt,Non Forêt
806,12889,Non Forêt,Non Forêt
807,12897,Non Forêt,Non Forêt
807,12898,Non Forêt,Forêt
807,12899,Forêt,Forêt
807,12900,Non Forêt,Forêt
807,12901,Non Forêt,Non Forêt
807,12902,Non Forêt,Forêt
807,12903,Non Forêt,Forêt
807,12904,Non Forêt,Non Forêt
807,12905,Non Forêt,Non Forêt
808,12913,Forêt,Forêt
808,12914,Non Forêt,Non Forêt
808,12915,Non Forêt,Non Forêt
808,12916,Forêt,Forêt
808,12917,Non Forêt,Non Forêt
808,12918,Non Forêt,Non Forêt
808,12919,Forêt,Non Forêt
808,12920,Non Forêt,
808,12921,Non Forêt,
809,12929,Non Forêt,Non Forêt
809,12930,Non Forêt,Non Forêt
809,12931,Non Forêt,Non Forêt
809,12932,Forêt,Forêt
809,12933,Forêt,Forêt
809,12934,Non Forêt,Forêt
809,12935,Forêt,Non Forêt
809,12936,Forêt,Non Forêt
809,12937,Non Forêt,Non Forêt
810,12945,Non Forêt,Non Forêt
810,12946,Non Forêt,Non Forêt
810,12947,Non Forêt,Non Forêt
810,12948,Non Forêt,Non Forêt
810,12949,Non Forêt,Non Forêt
810,12950,Non Forêt,Non Forêt
810,12951,Non Forêt,Non Forêt
810,12952,Non Forêt,Non Forêt
810,12953,Non Forêt,Non Forêt
811,12961,Non Forêt,Non Forêt
811,12962,Non Forêt,Forêt
811,12963,Forêt,Non Forêt
811,12964,Non Forêt,Non Forêt
811,12965,Non Forêt,Non Forêt
811,12966,Non Forêt,Non Forêt
811,12967,Non Forêt,Non Forêt
811,12968,Non Forêt,Non Forêt
811,12969,Non Forêt,Non Forêt
812,12977,Non Forêt,Forêt
812,12978,Non Forêt,Non Forêt
812,12979,Non Forêt,Non Forêt
812,12980,Forêt,Forêt
812,12981,Non Forêt,Non Forêt
812,12982,Forêt,Non Forêt
812,12983,Forêt,Forêt
812,12984,Forêt,Forêt
812,12985,Forêt,Forêt
813,12993,Non Forêt,Non Forêt
813,12994,Non Forêt,Non Forêt
813,12995,Non Forêt,Non Forêt
813,12996,Non Forêt,Non Forêt
813,12997,Non Forêt,Non Forêt
813,12998,Non Forêt,Non Forêt
813,12999,Non Forêt,Non Forêt
813,13000,Non Forêt,Non Forêt
813,13001,Non Forêt,Non Forêt
814,13009,Non Forêt,Non Forêt
814,13010,Non Forêt,Non Forêt
814,13011,Non Forêt,Forêt
814,13012,Forêt,Non Forêt
814,13013,Non Forêt,Non Forêt
814,13014,Non Forêt,Forêt
814,13015,Non Forêt,Non Forêt
814,13016,Non Forêt,Non Forêt
814,13017,Non Forêt,Non Forêt
815,13025,Forêt,Forêt
815,13026,Forêt,Forêt
815,13027,Non Forêt,Non Forêt
815,13028,Forêt,Forêt
815,13029,Forêt,Forêt
815,13030,Non Forêt,Non Forêt
815,13031,Forêt,Non Forêt
815,13032,Non Forêt,Non Forêt
815,13033,Non Forêt,Non Forêt
816,13041,Non Forêt,Non Forêt
816,13042,Non Forêt,Non Forêt
816,13043,Non Forêt,Non Forêt
816,13044,Non Forêt,Forêt
816,13045,Non Forêt,Non Forêt
816,13046,Non Forêt,Non Forêt
816,13047,Non Forêt,Forêt
816,13048,Non Forêt,Non Forêt
816,13049,Non Forêt,Non Forêt
817,13057,Non Forêt,Non Forêt
817,13058,Non Forêt,Non Forêt
817,13059,Non Forêt,Non Forêt
817,13060,Non Forêt,Non Forêt
817,13061,Non Forêt,Non Forêt
817,13062,Non Forêt,Non Forêt
817,13063,Non Forêt,Non Forêt
817,13064,Non Forêt,Non Forêt
817,13065,Non Forêt,Non Forêt
818,13073,Non interprétable,Non Forêt
818,13074,Non interprétable,Non Forêt
818,13075,Non interprétable,Non Forêt
818,13076,Non interprétable,Non Forêt
818,13077,Non interprétable,Non Forêt
818,13078,Non interprétable,Forêt
818,13079,Non interprétable,Non Forêt
818,13080,Non interprétable,Forêt
818,13081,Non interprétable,Forêt
819,13089,Forêt,Forêt
819,13090,Forêt,Forêt
819,13091,Forêt,Forêt
819,13092,Forêt,Forêt
819,13093,Forêt,Non Forêt
819,13094,Non Forêt,Non Forêt
819,13095,Forêt,Forêt
819,13096,Non Forêt,Non Forêt
819,13097,Non Forêt,Non Forêt
820,13105,Non Forêt,Non Forêt
820,13106,Non Forêt,Non Forêt
820,13107,Non Forêt,Non Forêt
820,13108,Non Forêt,Non Forêt
820,13109,Non Forêt,Non Forêt
820,13110,Non Forêt,Non Forêt
820,13111,Non Forêt,Non Forêt
820,13112,Non Forêt,Non Forêt
820,13113,Non Forêt,Non Forêt
821,13121,Non Forêt,Non Forêt
821,13122,Non Forêt,Non Forêt
821,13123,Non Forêt,Non Forêt
821,13124,Non Forêt,Non Forêt
821,13125,Non Forêt,Non Forêt
821,13126,Non Forêt,Non Forêt
821,13127,Non Forêt,Non Forêt
821,13128,Non Forêt,Non Forêt
821,13129,Non Forêt,Non Forêt
822,13137,Non Forêt,Non Forêt
822,13138,Non Forêt,Non Forêt
822,13139,Non Forêt,Non Forêt
822,13140,Non Forêt,Non Forêt
822,13141,Non Forêt,Non Forêt
822,13142,Non Forêt,Non Forêt
822,13143,Non Forêt,Non Forêt
822,13144,Non Forêt,Non Forêt
822,13145,Non Forêt,Non Forêt
823,13153,Forêt,Forêt
823,13154,Forêt,Forêt
823,13155,Forêt,Forêt
823,13156,Forêt,Forêt
823,13157,Forêt,Forêt
823,13158,Forêt,Forêt
823,13159,Non Forêt,Forêt
823,13160,Non Forêt,Forêt
823,13161,Non Forêt,Forêt
824,13169,Non Forêt,Non Forêt
824,13170,Non Forêt,Non Forêt
824,13171,Non Forêt,Non Forêt
824,13172,Non Forêt,Non Forêt
824,13173,Non Forêt,Non Forêt
824,13174,Non Forêt,Non Forêt
824,13175,Forêt,Forêt
824,13176,Non Forêt,Forêt
824,13177,Forêt,Forêt
825,13185,Forêt,Forêt
825,13186,Non Forêt,Non Forêt
825,13187,Non Forêt,Non Forêt
825,13188,Non Forêt,Forêt
825,13189,Non Forêt,Non Forêt
825,13190,Non Forêt,Non Forêt
825,13191,Non Forêt,Non Forêt
825,13192,Non Forêt,Non Forêt
825,13193,Non Forêt,Non Forêt
826,13201,Non Forêt,Non Forêt
826,13202,Non Forêt,Non Forêt
826,13203,Non Forêt,Non Forêt
826,13204,Non Forêt,Non Forêt
826,13205,Non Forêt,Non Forêt
826,13206,Non Forêt,Non Forêt
826,13207,Forêt,Non Forêt
826,13208,Non Forêt,Non Forêt
826,13209,Non Forêt,Non Forêt
827,13217,Non Forêt,Non Forêt
827,13218,Non Forêt,Non Forêt
827,13219,Non Forêt,Non Forêt
827,13220,Non Forêt,Non Forêt
827,13221,Non Forêt,Non Forêt
827,13222,Non Forêt,Non Forêt
827,13223,Non Forêt,Non Forêt
827,13224,Non Forêt,Non Forêt
827,13225,Non Forêt,Non Forêt
828,13233,Non Forêt,Non Forêt
828,13234,Forêt,Forêt
828,13235,Non interprétable,Forêt
828,13236,Forêt,Forêt
828,13237,Non Forêt,Non Forêt
828,13238,Non Forêt,Non Forêt
828,13239,Non Forêt,Non Forêt
828,13240,Non Forêt,Non Forêt
828,13241,Non Forêt,Non Forêt
829,13249,Forêt,Forêt
829,13250,Forêt,Forêt
829,13251,Forêt,Forêt
829,13252,Forêt,Forêt
829,13253,Non interprétable,Forêt
829,13254,Non interprétable,Forêt
829,13255,Forêt,Forêt
829,13256,Non interprétable,Non Forêt
829,13257,Forêt,Forêt
830,13265,Non interprétable,Non Forêt
830,13266,Non Forêt,Non Forêt
830,13267,Non Forêt,Non Forêt
830,13268,Non interprétable,Non Forêt
830,13269,Non Forêt,Non Forêt
830,13270,Non Forêt,Non Forêt
830,13271,Non interprétable,Non Forêt
830,13272,Non interprétable,Non Forêt
830,13273,Non Forêt,Non Forêt
831,13281,Non Forêt,Non Forêt
831,13282,Non Forêt,Non Forêt
831,13283,Non Forêt,Non Forêt
831,13284,Non Forêt,Non Forêt
831,13285,Non Forêt,Non Forêt
831,13286,Non Forêt,Non Forêt
831,13287,Non Forêt,Non Forêt
831,13288,Non Forêt,Non Forêt
831,13289,Non Forêt,Non Forêt
832,13297,Non Forêt,Non Forêt
832,13298,Non interprétable,Non Forêt
832,13299,Non Forêt,Non Forêt
832,13300,Non interprétable,Non Forêt
832,13301,Non Forêt,Non Forêt
832,13302,Non Forêt,Non Forêt
832,13303,Non interprétable,Non Forêt
832,13304,Non Forêt,Non Forêt
832,13305,Non Forêt,Non Forêt
833,13313,Non Forêt,Non Forêt
833,13314,Non Forêt,Non Forêt
833,13315,Non Forêt,Non Forêt
833,13316,Non Forêt,Non Forêt
833,13317,Non Forêt,Non Forêt
833,13318,Non Forêt,Non Forêt
833,13319,Forêt,Forêt
833,13320,Non interprétable,Forêt
833,13321,Non interprétable,Forêt
834,13329,Non interprétable,Non Forêt
834,13330,Non interprétable,Non Forêt
834,13331,Non interprétable,Non Forêt
834,13332,Forêt,Forêt
834,13333,Forêt,Non Forêt
834,13334,Non interprétable,Forêt
834,13335,Forêt,Forêt
834,13336,Forêt,Forêt
834,13337,Forêt,Forêt
835,13345,Non Forêt,Non Forêt
835,13346,Forêt,Forêt
835,13347,Non Forêt,Non Forêt
835,13348,Non interprétable,Forêt
835,13349,Non Forêt,Non Forêt
835,13350,Non interprétable,Non Forêt
835,13351,Non Forêt,Non Forêt
835,13352,Non Forêt,Non Forêt
835,13353,Forêt,Forêt
836,13361,Non Forêt,Non Forêt
836,13362,Non Forêt,Non Forêt
836,13363,Non interprétable,Non Forêt
836,13364,Non Forêt,Non Forêt
836,13365,Non interprétable,Forêt
836,13366,Non interprétable,Non Forêt
836,13367,Non interprétable,Non Forêt
836,13368,Forêt,Non Forêt
836,13369,Non interprétable,Non Forêt
837,13377,Non Forêt,Non Forêt
837,13378,Non Forêt,Non Forêt
837,13379,Non Forêt,Non Forêt
837,13380,Non Forêt,Non Forêt
837,13381,Non Forêt,Non Forêt
837,13382,Non Forêt,Non Forêt
837,13383,Non Forêt,Forêt
837,13384,Non Forêt,Forêt
837,13385,Non Forêt,Non Forêt
838,13393,Non Forêt,Forêt
838,13394,Non Forêt,Non Forêt
838,13395,Non Forêt,Non Forêt
838,13396,Non Forêt,Forêt
838,13397,Non Forêt,Forêt
838,13398,Non Forêt,Forêt
838,13399,Non Forêt,Forêt
838,13400,Non Forêt,Forêt
838,13401,Non Forêt,Forêt
839,13409,Non interprétable,Non Forêt
839,13410,Non interprétable,Non Forêt
839,13411,Non interprétable,Non Forêt
839,13412,Non interprétable,Non Forêt
839,13413,Non interprétable,Non Forêt
839,13414,Non interprétable,Non Forêt
839,13415,Non interprétable,Non Forêt
839,13416,Non Forêt,Non Forêt
839,13417,Non Forêt,Non Forêt
840,13425,Forêt,Non Forêt
840,13426,Non interprétable,Non Forêt
840,13427,Non Forêt,Non Forêt
840,13428,Non interprétable,Non Forêt
840,13429,Non interprétable,Non Forêt
840,13430,Non Forêt,Non Forêt
840,13431,Non interprétable,Non Forêt
840,13432,Non Forêt,Non Forêt
840,13433,Non Forêt,Non Forêt
841,13441,Non Forêt,Non Forêt
841,13442,Non Forêt,Non Forêt
841,13443,Non interprétable,Non Forêt
841,13444,Forêt,Forêt
841,13445,Non interprétable,Non Forêt
841,13446,Non interprétable,Non Forêt
841,13447,Non Forêt,Non Forêt
841,13448,Non interprétable,Non Forêt
841,13449,Forêt,Non Forêt
842,13457,Non interprétable,Non Forêt
842,13458,Non Forêt,Non Forêt
842,13459,Non interprétable,Non Forêt
842,13460,Forêt,Forêt
842,13461,Non Forêt,Non Forêt
842,13462,Forêt,Forêt
842,13463,Non interprétable,Non Forêt
842,13464,Non interprétable,Non Forêt
842,13465,Forêt,Forêt
843,13473,Non Forêt,Non Forêt
843,13474,Non interprétable,Non Forêt
843,13475,Non interprétable,Non Forêt
843,13476,Non Forêt,Non Forêt
843,13477,Non Forêt,Non Forêt
843,13478,Non interprétable,Non Forêt
843,13479,Non Forêt,Non Forêt
843,13480,Non Forêt,Non Forêt
843,13481,Non interprétable,Non Forêt
844,13489,Non interprétable,Non Forêt
844,13490,Non Forêt,Non Forêt
844,13491,Non Forêt,Non Forêt
844,13492,Non interprétable,Non Forêt
844,13493,Non interprétable,Non Forêt
844,13494,Non Forêt,Non Forêt
844,13495,Non interprétable,Forêt
844,13496,Non interprétable,Non Forêt
844,13497,Non interprétable,Non Forêt
845,13505,Non Forêt,Non Forêt
845,13506,Non Forêt,Non Forêt
845,13507,Non interprétable,Non Forêt
845,13508,Non Forêt,Non Forêt
845,13509,Non Forêt,Non Forêt
845,13510,Non Forêt,Non Forêt
845,13511,Non Forêt,Non Forêt
845,13512,Non Forêt,Non Forêt
845,13513,Non Forêt,Non Forêt
846,13521,Non interprétable,Non Forêt
846,13522,Non interprétable,Non Forêt
846,13523,Non Forêt,Non Forêt
846,13524,Forêt,Non Forêt
846,13525,Non Forêt,Non Forêt
846,13526,Non Forêt,Non Forêt
846,13527,Forêt,Forêt
846,13528,Non interprétable,Non Forêt
846,13529,Non Forêt,Non Forêt
847,13537,Non interprétable,Non Forêt
847,13538,Non interprétable,Forêt
847,13539,Forêt,Forêt
847,13540,Non Forêt,Non Forêt
847,13541,Non Forêt,Non Forêt
847,13542,Non interprétable,Non Forêt
847,13543,Non Forêt,Non Forêt
847,13544,Non Forêt,Non Forêt
847,13545,Non Forêt,Non Forêt
848,13553,Non Forêt,Non Forêt
848,13554,Non interprétable,Non Forêt
848,13555,Non Forêt,Non Forêt
848,13556,Non Forêt,Non Forêt
848,13557,Non Forêt,Non Forêt
848,13558,Non Forêt,Non Forêt
848,13559,Non Forêt,Non Forêt
848,13560,Non interprétable,Non Forêt
848,13561,Forêt,Forêt
849,13569,Forêt,Forêt
849,13570,Forêt,Non Forêt
849,13571,Forêt,Forêt
849,13572,Forêt,Non Forêt
849,13573,Forêt,Non Forêt
849,13574,Forêt,Non Forêt
849,13575,Non Forêt,Non Forêt
849,13576,Non Forêt,Non Forêt
849,13577,Forêt,Non Forêt
850,13585,Non Forêt,Non Forêt
850,13586,Forêt,Non Forêt
850,13587,Forêt,Forêt
850,13588,Forêt,Non Forêt
850,13589,Non Forêt,Non Forêt
850,13590,Forêt,Forêt
850,13591,Forêt,Non Forêt
850,13592,Forêt,Non Forêt
850,13593,Forêt,Forêt
