plotid,sampleid,Classification_MAJ,Classification_2010
1,1,Non Forêt,Non Forêt
1,2,Non Forêt,Non Forêt
1,3,Non Forêt,Non Forêt
1,4,Non Forêt,Non Forêt
1,5,Non Forêt,Non Forêt
1,6,Forêt,Forêt
1,7,Forêt,Forêt
1,8,Forêt,Forêt
1,9,Forêt,Forêt
2,17,Non Forêt,Non Forêt
2,18,Non Forêt,Forêt
2,19,Forêt,Forêt
2,20,Non Forêt,Non Forêt
2,21,Non Forêt,Non Forêt
2,22,Forêt,Forêt
2,23,Non Forêt,Non Forêt
2,24,Non Forêt,Non Forêt
2,25,Forêt,Forêt
3,33,Forêt,Forêt
3,34,Non Forêt,Forêt
3,35,Non Forêt,Forêt
3,36,Forêt,Forêt
3,37,Forêt,Forêt
3,38,Forêt,Forêt
3,39,Non Forêt,Forêt
3,40,Non Forêt,Forêt
3,41,Forêt,Forêt
4,49,Non Forêt,Non Forêt
4,50,Non Forêt,Non Forêt
4,51,Non Forêt,Non Forêt
4,52,Non Forêt,Non Forêt
4,53,Non Forêt,Non Forêt
4,54,Non Forêt,Non Forêt
4,55,Non Forêt,Non Forêt
4,56,Non Forêt,Non Forêt
4,57,Non Forêt,Non Forêt
5,65,Forêt,Forêt
5,66,Non Forêt,Forêt
5,67,Non Forêt,Non Forêt
5,68,Non Forêt,Non Forêt
5,69,Non Forêt,Non Forêt
5,70,Non Forêt,Non Forêt
5,71,Non Forêt,Non Forêt
5,72,Non Forêt,Non Forêt
5,73,Non Forêt,Non Forêt
6,81,Non Forêt,Non Forêt
6,82,Non Forêt,Non Forêt
6,83,Non Forêt,Non Forêt
6,84,Non Forêt,Non Forêt
6,85,Non Forêt,Non Forêt
6,86,Non Forêt,Non Forêt
6,87,Non Forêt,Non Forêt
6,88,Non Forêt,Non Forêt
6,89,Non Forêt,Non Forêt
7,97,Non Forêt,Forêt
7,98,Non Forêt,Non Forêt
7,99,Non Forêt,Non Forêt
7,100,Forêt,Non Forêt
7,101,Forêt,Forêt
7,102,Non Forêt,Forêt
7,103,Non Forêt,Non Forêt
7,104,Non Forêt,Forêt
7,105,Forêt,Forêt
8,113,Non Forêt,Non Forêt
8,114,Non Forêt,Non Forêt
8,115,Non Forêt,Non Forêt
8,116,Non Forêt,Non Forêt
8,117,Non Forêt,Non Forêt
8,118,Non Forêt,Non Forêt
8,119,Non Forêt,Non Forêt
8,120,Non Forêt,Non Forêt
8,121,Non Forêt,Non Forêt
9,129,Forêt,Forêt
9,130,Non Forêt,Non Forêt
9,131,Non Forêt,Non Forêt
9,132,Forêt,Forêt
9,133,Non Forêt,Non Forêt
9,134,Non Forêt,Non Forêt
9,135,Non Forêt,Non Forêt
9,136,Non Forêt,Forêt
9,137,Non Forêt,Non Forêt
10,145,Non Forêt,Non Forêt
10,146,Forêt,Forêt
10,147,Forêt,Forêt
10,148,Non Forêt,Non Forêt
10,149,Non Forêt,Non Forêt
10,150,Non Forêt,Non Forêt
10,151,Non Forêt,Non Forêt
10,152,Non Forêt,Non Forêt
10,153,Non Forêt,Non Forêt
11,161,Non Forêt,Non Forêt
11,162,Forêt,Forêt
11,163,Forêt,Forêt
11,164,Non Forêt,Non Forêt
11,165,Forêt,Forêt
11,166,Forêt,Forêt
11,167,Non Forêt,Non Forêt
11,168,Forêt,Forêt
11,169,Forêt,Non Forêt
12,177,Non Forêt,Non Forêt
12,178,Non Forêt,Non Forêt
12,179,Non Forêt,Non Forêt
12,180,Non Forêt,Non Forêt
12,181,Non Forêt,Non Forêt
12,182,Non Forêt,Non Forêt
12,183,Non Forêt,Non Forêt
12,184,Non Forêt,Non Forêt
12,185,Non Forêt,Non Forêt
13,193,Non Forêt,Non Forêt
13,194,Non Forêt,Non Forêt
13,195,Non Forêt,Non Forêt
13,196,Non Forêt,Non Forêt
13,197,Non Forêt,Non Forêt
13,198,Non Forêt,Non Forêt
13,199,Non Forêt,Non Forêt
13,200,Non Forêt,Non Forêt
13,201,Non Forêt,Non Forêt
14,209,Non Forêt,Non Forêt
14,210,Non Forêt,Non Forêt
14,211,Non Forêt,Forêt
14,212,Non Forêt,Non Forêt
14,213,Non Forêt,Non Forêt
14,214,Non Forêt,Non Forêt
14,215,Non Forêt,Non Forêt
14,216,Non Forêt,Non Forêt
14,217,Non Forêt,Non Forêt
15,225,Non Forêt,Forêt
15,226,Non Forêt,Forêt
15,227,Forêt,Forêt
15,228,Non Forêt,Non Forêt
15,229,Forêt,Forêt
15,230,Non Forêt,Forêt
15,231,Non Forêt,Forêt
15,232,Non Forêt,Non Forêt
15,233,Non Forêt,Non Forêt
16,241,Non Forêt,Forêt
16,242,Forêt,Forêt
16,243,Non Forêt,Forêt
16,244,Non Forêt,Non Forêt
16,245,Non Forêt,Non Forêt
16,246,Non Forêt,Non Forêt
16,247,Non Forêt,Non Forêt
16,248,Non Forêt,Non Forêt
16,249,Non Forêt,Non Forêt
17,257,Non Forêt,Non Forêt
17,258,Non Forêt,Non Forêt
17,259,Non Forêt,Forêt
17,260,Non Forêt,Non Forêt
17,261,Non Forêt,Non Forêt
17,262,Forêt,Forêt
17,263,Non Forêt,Non Forêt
17,264,Non Forêt,Non Forêt
17,265,Non Forêt,Non Forêt
18,273,Non Forêt,Non Forêt
18,274,Non Forêt,Forêt
18,275,Non Forêt,Forêt
18,276,Non Forêt,Non Forêt
18,277,Non Forêt,Non Forêt
18,278,Non Forêt,Non Forêt
18,279,Non Forêt,Non Forêt
18,280,Non Forêt,Non Forêt
18,281,Non Forêt,Non Forêt
19,289,Non Forêt,Forêt
19,290,Forêt,Forêt
19,291,Non Forêt,Non Forêt
19,292,Non Forêt,Non Forêt
19,293,Non Forêt,Non Forêt
19,294,Non Forêt,Non Forêt
19,295,Non Forêt,Non Forêt
19,296,Non Forêt,Non Forêt
19,297,Non Forêt,Non Forêt
20,305,Non Forêt,Non Forêt
20,306,Non Forêt,Non Forêt
20,307,Forêt,Forêt
20,308,Non Forêt,Non Forêt
20,309,Non Forêt,Forêt
20,310,Non Forêt,Forêt
20,311,Non Forêt,Non Forêt
20,312,Non Forêt,Non Forêt
20,313,Non Forêt,Forêt
21,321,Forêt,Forêt
21,322,Non Forêt,Forêt
21,323,Non Forêt,Forêt
21,324,Forêt,Forêt
21,325,Non Forêt,Non Forêt
21,326,Non Forêt,Non Forêt
21,327,Forêt,Non Forêt
21,328,Non Forêt,Non Forêt
21,329,Non Forêt,Non Forêt
22,337,Non Forêt,Non Forêt
22,338,Non Forêt,Non Forêt
22,339,Non Forêt,Non Forêt
22,340,Non Forêt,Non Forêt
22,341,Non Forêt,Non Forêt
22,342,Non Forêt,Non Forêt
22,343,Non Forêt,Non Forêt
22,344,Non Forêt,Non Forêt
22,345,Non Forêt,Non Forêt
23,353,Non Forêt,Forêt
23,354,Non Forêt,Forêt
23,355,Non Forêt,Forêt
23,356,Non Forêt,Forêt
23,357,Non Forêt,Forêt
23,358,Non Forêt,Forêt
23,359,Non Forêt,Forêt
23,360,Non Forêt,Forêt
23,361,Non Forêt,Forêt
24,369,Non Forêt,Forêt
24,370,Non Forêt,Forêt
24,371,Non Forêt,Forêt
24,372,Non Forêt,Forêt
24,373,Non Forêt,Forêt
24,374,Non Forêt,Forêt
24,375,Non Forêt,Forêt
24,376,Non Forêt,Forêt
24,377,Non Forêt,Forêt
25,385,Non Forêt,Non Forêt
25,386,Non Forêt,Forêt
25,387,Non Forêt,Non Forêt
25,388,Non Forêt,Forêt
25,389,Non Forêt,Forêt
25,390,Non Forêt,Non Forêt
25,391,Non Forêt,Forêt
25,392,Non Forêt,Forêt
25,393,Non Forêt,Forêt
26,401,Non Forêt,Non Forêt
26,402,Non Forêt,Non Forêt
26,403,Non Forêt,Non Forêt
26,404,Non Forêt,Non Forêt
26,405,Non Forêt,Non Forêt
26,406,Non Forêt,Non Forêt
26,407,Non Forêt,Non Forêt
26,408,Non Forêt,Non Forêt
26,409,Non Forêt,Non Forêt
27,417,Non Forêt,Non Forêt
27,418,Non Forêt,Non Forêt
27,419,Non Forêt,Non Forêt
27,420,Non Forêt,Non Forêt
27,421,Non Forêt,Non Forêt
27,422,Non Forêt,Non Forêt
27,423,Non Forêt,Non Forêt
27,424,Non Forêt,Non Forêt
27,425,Non Forêt,Non Forêt
28,433,Forêt,Forêt
28,434,Non Forêt,Forêt
28,435,Non Forêt,Forêt
28,436,Non Forêt,Forêt
28,437,Forêt,Forêt
28,438,Non Forêt,Forêt
28,439,Forêt,Forêt
28,440,Forêt,Forêt
28,441,Non Forêt,Forêt
29,449,Non Forêt,Non Forêt
29,450,Non Forêt,Non Forêt
29,451,Non Forêt,Non Forêt
29,452,Non Forêt,Non Forêt
29,453,Non Forêt,Non Forêt
29,454,Non Forêt,Non Forêt
29,455,Non Forêt,Non Forêt
29,456,Non Forêt,Non Forêt
29,457,Non Forêt,Non Forêt
30,465,Non Forêt,Forêt
30,466,Non Forêt,Forêt
30,467,Forêt,Forêt
30,468,Non Forêt,Forêt
30,469,Non Forêt,Forêt
30,470,Non Forêt,Forêt
30,471,Non Forêt,Forêt
30,472,Non Forêt,Forêt
30,473,Non Forêt,Forêt
31,481,Non Forêt,Non Forêt
31,482,Non Forêt,Non Forêt
31,483,Non Forêt,Non Forêt
31,484,Non Forêt,Non Forêt
31,485,Non Forêt,Non Forêt
31,486,Non Forêt,Forêt
31,487,Non Forêt,Non Forêt
31,488,Non Forêt,Non Forêt
31,489,Forêt,Forêt
32,497,Non Forêt,Non Forêt
32,498,Non Forêt,Non Forêt
32,499,Non Forêt,Non Forêt
32,500,Non Forêt,Non Forêt
32,501,Non Forêt,Non Forêt
32,502,Non Forêt,Non Forêt
32,503,Non Forêt,Non Forêt
32,504,Non Forêt,Non Forêt
32,505,Non Forêt,Non Forêt
33,513,Non Forêt,Non Forêt
33,514,Non Forêt,Non Forêt
33,515,Non Forêt,Non Forêt
33,516,Non Forêt,Non Forêt
33,517,Non Forêt,Non Forêt
33,518,Non Forêt,Non Forêt
33,519,Non Forêt,Non Forêt
33,520,Non Forêt,Non Forêt
33,521,Non Forêt,Non Forêt
34,529,Non Forêt,Non Forêt
34,530,Non Forêt,Non Forêt
34,531,Non Forêt,Non Forêt
34,532,Non Forêt,Non Forêt
34,533,Non Forêt,Non Forêt
34,534,Non Forêt,Non Forêt
34,535,Non Forêt,Non Forêt
34,536,Non Forêt,Non Forêt
34,537,Non Forêt,Non Forêt
35,545,Non Forêt,Forêt
35,546,Non Forêt,Non Forêt
35,547,Non Forêt,Non Forêt
35,548,Non Forêt,Non Forêt
35,549,Forêt,Non Forêt
35,550,Non Forêt,Non Forêt
35,551,Non Forêt,Non Forêt
35,552,Forêt,Forêt
35,553,Non Forêt,Non Forêt
36,561,Non Forêt,Non Forêt
36,562,Non Forêt,Non Forêt
36,563,Non Forêt,Non Forêt
36,564,Forêt,Forêt
36,565,Forêt,Forêt
36,566,Non Forêt,Non Forêt
36,567,Forêt,Forêt
36,568,Forêt,Forêt
36,569,Forêt,Forêt
37,577,Non Forêt,Non Forêt
37,578,Non Forêt,Non Forêt
37,579,Non Forêt,Forêt
37,580,Non Forêt,Forêt
37,581,Non Forêt,Forêt
37,582,Non Forêt,Forêt
37,583,Non Forêt,Forêt
37,584,Non Forêt,Forêt
37,585,Non Forêt,Forêt
38,593,Non Forêt,Non Forêt
38,594,Non Forêt,Non Forêt
38,595,Non Forêt,Non Forêt
38,596,Non Forêt,Non Forêt
38,597,Non Forêt,Non Forêt
38,598,Forêt,Forêt
38,599,Forêt,Forêt
38,600,Forêt,Forêt
38,601,Forêt,Forêt
39,609,Forêt,Forêt
39,610,Forêt,Forêt
39,611,Forêt,Forêt
39,612,Non Forêt,Non Forêt
39,613,Forêt,Non Forêt
39,614,Non Forêt,Forêt
39,615,Non Forêt,Non Forêt
39,616,Non Forêt,Non Forêt
39,617,Non Forêt,Non Forêt
40,625,Non Forêt,Forêt
40,626,Non Forêt,Forêt
40,627,Non Forêt,Forêt
40,628,Non Forêt,Forêt
40,629,Non Forêt,Forêt
40,630,Non Forêt,Non Forêt
40,631,Non Forêt,Forêt
40,632,Non Forêt,Non Forêt
40,633,Non Forêt,Non Forêt
41,641,Non Forêt,Forêt
41,642,Non Forêt,Non Forêt
41,643,Non Forêt,Non Forêt
41,644,Non Forêt,Forêt
41,645,Non Forêt,Non Forêt
41,646,Non Forêt,Non Forêt
41,647,Non Forêt,Forêt
41,648,Non Forêt,Non Forêt
41,649,Non Forêt,Non Forêt
42,657,Non Forêt,Non Forêt
42,658,Non Forêt,Non Forêt
42,659,Non Forêt,Non Forêt
42,660,Non Forêt,Non Forêt
42,661,Non Forêt,Non Forêt
42,662,Non Forêt,Non Forêt
42,663,Non Forêt,Non Forêt
42,664,Non Forêt,Non Forêt
42,665,Non Forêt,Non Forêt
43,673,Non Forêt,Forêt
43,674,Non Forêt,Non Forêt
43,675,Non Forêt,Non Forêt
43,676,Forêt,Forêt
43,677,Non Forêt,Non Forêt
43,678,Non Forêt,Forêt
43,679,Non Forêt,Forêt
43,680,Non Forêt,Forêt
43,681,Non Forêt,Non Forêt
44,689,Non Forêt,Forêt
44,690,Non Forêt,Forêt
44,691,Non Forêt,Forêt
44,692,Non Forêt,Forêt
44,693,Non Forêt,Forêt
44,694,Non Forêt,Forêt
44,695,Non Forêt,Forêt
44,696,Non Forêt,Forêt
44,697,Non Forêt,Forêt
45,705,Non Forêt,Non Forêt
45,706,Non Forêt,Forêt
45,707,Non Forêt,Forêt
45,708,Non Forêt,Non Forêt
45,709,Forêt,Forêt
45,710,Forêt,Forêt
45,711,Forêt,Non Forêt
45,712,Forêt,Forêt
45,713,Forêt,Forêt
46,721,Non Forêt,Non Forêt
46,722,Non Forêt,Non Forêt
46,723,Non Forêt,Non Forêt
46,724,Non Forêt,Non Forêt
46,725,Non Forêt,Non Forêt
46,726,Non Forêt,Non Forêt
46,727,Non Forêt,Non Forêt
46,728,Non Forêt,Non Forêt
46,729,Non Forêt,Non Forêt
47,737,Non Forêt,Non Forêt
47,738,Non Forêt,Non Forêt
47,739,Non Forêt,Non Forêt
47,740,Non Forêt,Non Forêt
47,741,Non Forêt,Forêt
47,742,Forêt,Forêt
47,743,Non Forêt,Non Forêt
47,744,Non Forêt,Forêt
47,745,Forêt,Forêt
48,753,Non Forêt,Forêt
48,754,Non Forêt,Non Forêt
48,755,Non Forêt,Non Forêt
48,756,Non Forêt,Forêt
48,757,Non Forêt,Non Forêt
48,758,Non Forêt,Non Forêt
48,759,Non Forêt,Forêt
48,760,Non Forêt,Forêt
48,761,Non Forêt,Non Forêt
49,769,Non Forêt,Forêt
49,770,Non Forêt,Forêt
49,771,Non Forêt,Forêt
49,772,Non Forêt,Forêt
49,773,Non Forêt,Forêt
49,774,Non Forêt,Forêt
49,775,Non Forêt,Non Forêt
49,776,Non Forêt,Non Forêt
49,777,Non Forêt,Non Forêt
50,785,Non Forêt,Non Forêt
50,786,Non Forêt,Non Forêt
50,787,Non Forêt,Non Forêt
50,788,Non Forêt,Non Forêt
50,789,Non Forêt,Non Forêt
50,790,Non Forêt,Non Forêt
50,791,Non Forêt,Non Forêt
50,792,Non Forêt,Non Forêt
50,793,Non Forêt,Non Forêt
51,801,Non Forêt,Non Forêt
51,802,Non Forêt,Non Forêt
51,803,Non Forêt,Non Forêt
51,804,Non Forêt,Non Forêt
51,805,Non Forêt,Non Forêt
51,806,Non Forêt,Non Forêt
51,807,Non Forêt,Non Forêt
51,808,Non Forêt,Non Forêt
51,809,Non Forêt,Non Forêt
52,817,Non Forêt,Forêt
52,818,Non Forêt,Non Forêt
52,819,Non Forêt,Non Forêt
52,820,Non Forêt,Non Forêt
52,821,Non Forêt,Non Forêt
52,822,Non Forêt,Non Forêt
52,823,Non Forêt,Non Forêt
52,824,Non Forêt,Non Forêt
52,825,Non Forêt,Non Forêt
53,833,Non Forêt,Non Forêt
53,834,Non Forêt,Non Forêt
53,835,Non Forêt,Non Forêt
53,836,Non Forêt,Non Forêt
53,837,Non Forêt,Non Forêt
53,838,Non Forêt,Non Forêt
53,839,Non Forêt,Non Forêt
53,840,Non Forêt,Non Forêt
53,841,Non Forêt,Non Forêt
54,849,Non Forêt,Non Forêt
54,850,Non Forêt,Non Forêt
54,851,Non Forêt,Non Forêt
54,852,Non Forêt,Non Forêt
54,853,Non Forêt,Non Forêt
54,854,Non Forêt,Non Forêt
54,855,Non Forêt,Non Forêt
54,856,Non Forêt,Non Forêt
54,857,Non Forêt,Non Forêt
55,865,Non Forêt,Non Forêt
55,866,Non Forêt,Non Forêt
55,867,Non Forêt,Non Forêt
55,868,Non Forêt,Non Forêt
55,869,Non Forêt,Non Forêt
55,870,Non Forêt,Non Forêt
55,871,Non Forêt,Non Forêt
55,872,Non Forêt,Non Forêt
55,873,Non Forêt,Non Forêt
56,881,Non Forêt,Non Forêt
56,882,Non Forêt,Non Forêt
56,883,Non Forêt,Non Forêt
56,884,Non Forêt,Non Forêt
56,885,Non Forêt,Non Forêt
56,886,Non Forêt,Non Forêt
56,887,Non Forêt,Non Forêt
56,888,Non Forêt,Non Forêt
56,889,Non Forêt,Non Forêt
57,897,Forêt,Forêt
57,898,Non Forêt,Forêt
57,899,Non interprétable,Forêt
57,900,Non Forêt,Non Forêt
57,901,Forêt,Forêt
57,902,Non interprétable,Forêt
57,903,Non Forêt,Non Forêt
57,904,Non interprétable,Forêt
57,905,Forêt,Forêt
58,913,Non Forêt,Non Forêt
58,914,Non Forêt,Non Forêt
58,915,Non Forêt,Non Forêt
58,916,Non Forêt,Non Forêt
58,917,Non Forêt,Non Forêt
58,918,Non Forêt,Non Forêt
58,919,Non Forêt,Non Forêt
58,920,Non Forêt,Non Forêt
58,921,Non Forêt,Non Forêt
59,929,Non interprétable,Non Forêt
59,930,Non interprétable,Non Forêt
59,931,Non interprétable,Non Forêt
59,932,Non interprétable,Non Forêt
59,933,Non interprétable,Non Forêt
59,934,Non interprétable,Non Forêt
59,935,Non interprétable,Non Forêt
59,936,Non interprétable,Non Forêt
59,937,Non interprétable,Non Forêt
60,945,Non Forêt,Non Forêt
60,946,Non interprétable,Non Forêt
60,947,Non Forêt,Non Forêt
60,948,Non Forêt,Non Forêt
60,949,Non Forêt,Non Forêt
60,950,Non interprétable,Forêt
60,951,Non Forêt,Non Forêt
60,952,Non Forêt,Non Forêt
60,953,Non Forêt,Non Forêt
61,961,Non Forêt,Forêt
61,962,Non Forêt,Non Forêt
61,963,Non Forêt,Non Forêt
61,964,Non Forêt,Forêt
61,965,Non Forêt,Forêt
61,966,Non Forêt,Forêt
61,967,Non Forêt,Non Forêt
61,968,Non Forêt,Non Forêt
61,969,Non Forêt,Non Forêt
62,977,Non interprétable,Forêt
62,978,Forêt,Forêt
62,979,Forêt,Forêt
62,980,Non Forêt,Non Forêt
62,981,Non Forêt,Forêt
62,982,Non interprétable,Forêt
62,983,Non Forêt,Forêt
62,984,Non Forêt,Non Forêt
62,985,Non Forêt,Non Forêt
63,993,Non Forêt,Non Forêt
63,994,Non Forêt,Non Forêt
63,995,Non Forêt,Non Forêt
63,996,Non Forêt,Non Forêt
63,997,Non Forêt,Non Forêt
63,998,Non Forêt,Non Forêt
63,999,Non Forêt,Non Forêt
63,1000,Non Forêt,Non Forêt
63,1001,Non Forêt,Non Forêt
64,1009,Non Forêt,Non Forêt
64,1010,Non Forêt,Non Forêt
64,1011,Non Forêt,Non Forêt
64,1012,Non Forêt,Forêt
64,1013,Non Forêt,Forêt
64,1014,Non Forêt,Non Forêt
64,1015,Non Forêt,Forêt
64,1016,Non interprétable,Forêt
64,1017,Forêt,Forêt
65,1025,Non Forêt,Non Forêt
65,1026,Non Forêt,Non Forêt
65,1027,Non Forêt,Non Forêt
65,1028,Non Forêt,Non Forêt
65,1029,Non Forêt,Non Forêt
65,1030,Non Forêt,Non Forêt
65,1031,Non Forêt,Non Forêt
65,1032,Non Forêt,Non Forêt
65,1033,Non Forêt,Non Forêt
66,1041,Non Forêt,Non Forêt
66,1042,Non Forêt,Non Forêt
66,1043,Non Forêt,Non Forêt
66,1044,Non Forêt,Non Forêt
66,1045,Non Forêt,Non Forêt
66,1046,Non Forêt,Non Forêt
66,1047,Non Forêt,Non Forêt
66,1048,Non Forêt,Non Forêt
66,1049,Non Forêt,Non Forêt
67,1057,Non Forêt,Non Forêt
67,1058,Non Forêt,Non Forêt
67,1059,Forêt,Forêt
67,1060,Non Forêt,Non Forêt
67,1061,Forêt,Forêt
67,1062,Forêt,Forêt
67,1063,Non Forêt,Forêt
67,1064,Forêt,Forêt
67,1065,Forêt,Forêt
68,1073,Non Forêt,Non Forêt
68,1074,Non Forêt,Non Forêt
68,1075,Non Forêt,Non Forêt
68,1076,Non Forêt,Non Forêt
68,1077,Non Forêt,Non Forêt
68,1078,Non Forêt,Non Forêt
68,1079,Non Forêt,Non Forêt
68,1080,Non Forêt,Forêt
68,1081,Non Forêt,Forêt
69,1089,Non Forêt,Non Forêt
69,1090,Non Forêt,Non Forêt
69,1091,Non Forêt,Non Forêt
69,1092,Non Forêt,Non Forêt
69,1093,Non Forêt,Non Forêt
69,1094,Non Forêt,Non Forêt
69,1095,Non Forêt,Forêt
69,1096,Non Forêt,Non Forêt
69,1097,Non Forêt,Non Forêt
70,1105,Non Forêt,Non Forêt
70,1106,Forêt,Forêt
70,1107,Forêt,Forêt
70,1108,Non Forêt,Non Forêt
70,1109,Forêt,Forêt
70,1110,Forêt,Forêt
70,1111,Non interprétable,Forêt
70,1112,Non interprétable,Forêt
70,1113,Forêt,Forêt
71,1121,Non interprétable,Non Forêt
71,1122,Non interprétable,Non Forêt
71,1123,Non Forêt,Non Forêt
71,1124,Non Forêt,Non Forêt
71,1125,Non interprétable,Non Forêt
71,1126,Non Forêt,Non Forêt
71,1127,Non interprétable,Non Forêt
71,1128,Non Forêt,Non Forêt
71,1129,Non Forêt,Non Forêt
72,1137,Forêt,Forêt
72,1138,Non Forêt,Non Forêt
72,1139,Non Forêt,Non Forêt
72,1140,Forêt,Forêt
72,1141,Non Forêt,Non Forêt
72,1142,Non Forêt,Non Forêt
72,1143,Forêt,Forêt
72,1144,Non Forêt,Forêt
72,1145,Non Forêt,Non Forêt
73,1153,Non Forêt,Non Forêt
73,1154,Non Forêt,Non Forêt
73,1155,Non Forêt,Non Forêt
73,1156,Non Forêt,Non Forêt
73,1157,Non Forêt,Non Forêt
73,1158,Non Forêt,Non Forêt
73,1159,Non Forêt,Non Forêt
73,1160,Non Forêt,Non Forêt
73,1161,Non Forêt,Non Forêt
74,1169,Non Forêt,Non Forêt
74,1170,Non Forêt,Non Forêt
74,1171,Non Forêt,Non Forêt
74,1172,Non Forêt,Non Forêt
74,1173,Non Forêt,Non Forêt
74,1174,Non Forêt,Non Forêt
74,1175,Non Forêt,Non Forêt
74,1176,Non Forêt,Non Forêt
74,1177,Non Forêt,Non Forêt
75,1185,Non Forêt,Non Forêt
75,1186,Non Forêt,Non Forêt
75,1187,Non Forêt,Non Forêt
75,1188,Non Forêt,Non Forêt
75,1189,Non interprétable,Non Forêt
75,1190,Non Forêt,Non Forêt
75,1191,Non Forêt,Non Forêt
75,1192,Non Forêt,Forêt
75,1193,Non Forêt,Non Forêt
76,1201,Non Forêt,Non Forêt
76,1202,Non Forêt,Non Forêt
76,1203,Non Forêt,Forêt
76,1204,Non Forêt,Non Forêt
76,1205,Non Forêt,Forêt
76,1206,Non interprétable,Forêt
76,1207,Non Forêt,Non Forêt
76,1208,Non Forêt,Non Forêt
76,1209,Non Forêt,Non Forêt
77,1217,Non interprétable,Non Forêt
77,1218,Non Forêt,Non Forêt
77,1219,Non Forêt,Non Forêt
77,1220,Non Forêt,Non Forêt
77,1221,Non Forêt,Non Forêt
77,1222,Non Forêt,Non Forêt
77,1223,Non Forêt,Non Forêt
77,1224,Non Forêt,Non Forêt
77,1225,Non Forêt,Non Forêt
78,1233,Non Forêt,Forêt
78,1234,Non Forêt,Forêt
78,1235,Non Forêt,Forêt
78,1236,Non Forêt,Forêt
78,1237,Non Forêt,Forêt
78,1238,Non Forêt,Non Forêt
78,1239,Non Forêt,Non Forêt
78,1240,Non Forêt,Non Forêt
78,1241,Non Forêt,Non Forêt
79,1249,Non Forêt,Non Forêt
79,1250,Non Forêt,Non Forêt
79,1251,Non Forêt,Non Forêt
79,1252,Non Forêt,Non Forêt
79,1253,Non Forêt,Non Forêt
79,1254,Non Forêt,Non Forêt
79,1255,Non Forêt,Non Forêt
79,1256,Non Forêt,Non Forêt
79,1257,Non Forêt,Non Forêt
80,1265,Non Forêt,Non Forêt
80,1266,Non Forêt,Non Forêt
80,1267,Non Forêt,Non Forêt
80,1268,Non Forêt,Non Forêt
80,1269,Non Forêt,Non Forêt
80,1270,Non Forêt,Non Forêt
80,1271,Non Forêt,Non Forêt
80,1272,Non Forêt,Non Forêt
80,1273,Non Forêt,Non Forêt
81,1281,Non Forêt,Non Forêt
81,1282,Non Forêt,Non Forêt
81,1283,Non Forêt,Non Forêt
81,1284,Non Forêt,Non Forêt
81,1285,Non Forêt,Non Forêt
81,1286,Non Forêt,Non Forêt
81,1287,Non Forêt,Non Forêt
81,1288,Non Forêt,Non Forêt
81,1289,Non Forêt,Non Forêt
82,1297,Non Forêt,Non Forêt
82,1298,Non Forêt,Non Forêt
82,1299,Non Forêt,Non Forêt
82,1300,Non Forêt,Non Forêt
82,1301,Non Forêt,Non Forêt
82,1302,Non Forêt,Non Forêt
82,1303,Non Forêt,Non Forêt
82,1304,Non Forêt,Non Forêt
82,1305,Non Forêt,Non Forêt
83,1313,Non Forêt,Non Forêt
83,1314,Non Forêt,Non Forêt
83,1315,Non Forêt,Non Forêt
83,1316,Non Forêt,Non Forêt
83,1317,Non Forêt,Non Forêt
83,1318,Non Forêt,Non Forêt
83,1319,Non Forêt,Forêt
83,1320,Non Forêt,Non Forêt
83,1321,Non Forêt,Non Forêt
84,1329,Non Forêt,Non Forêt
84,1330,Non Forêt,Non Forêt
84,1331,Non Forêt,Non Forêt
84,1332,Non Forêt,Non Forêt
84,1333,Non Forêt,Non Forêt
84,1334,Non Forêt,Non Forêt
84,1335,Non Forêt,Non Forêt
84,1336,Non Forêt,Non Forêt
84,1337,Non Forêt,Forêt
85,1345,Non Forêt,Forêt
85,1346,Forêt,Forêt
85,1347,Non Forêt,Forêt
85,1348,Non Forêt,Forêt
85,1349,Forêt,Forêt
85,1350,Non Forêt,Forêt
85,1351,Non Forêt,Non Forêt
85,1352,Forêt,Forêt
85,1353,Forêt,Forêt
86,1361,Forêt,Forêt
86,1362,Forêt,Forêt
86,1363,Forêt,Forêt
86,1364,Forêt,Non Forêt
86,1365,Forêt,Non Forêt
86,1366,Forêt,Non Forêt
86,1367,Forêt,Non Forêt
86,1368,Forêt,Non Forêt
86,1369,Forêt,Non Forêt
87,1377,Non Forêt,Non Forêt
87,1378,Non Forêt,Non Forêt
87,1379,Non Forêt,Non Forêt
87,1380,Non Forêt,Non Forêt
87,1381,Forêt,Forêt
87,1382,Non Forêt,Forêt
87,1383,Non Forêt,Non Forêt
87,1384,Forêt,Non Forêt
87,1385,Forêt,Forêt
88,1393,Non Forêt,Forêt
88,1394,Non Forêt,Forêt
88,1395,Non Forêt,Forêt
88,1396,Non Forêt,Non Forêt
88,1397,Non Forêt,Non Forêt
88,1398,Non Forêt,Non Forêt
88,1399,Non Forêt,Non Forêt
88,1400,Non Forêt,Non Forêt
88,1401,Non Forêt,Forêt
89,1409,Non Forêt,Non Forêt
89,1410,Non Forêt,Non Forêt
89,1411,Non Forêt,Non Forêt
89,1412,Non Forêt,Non Forêt
89,1413,Non Forêt,Non Forêt
89,1414,Non Forêt,Non Forêt
89,1415,Non Forêt,Non Forêt
89,1416,Non Forêt,Non Forêt
89,1417,Non Forêt,Non Forêt
90,1425,Non Forêt,Non Forêt
90,1426,Non Forêt,Non Forêt
90,1427,Non Forêt,Non Forêt
90,1428,Non Forêt,Non Forêt
90,1429,Non Forêt,Non Forêt
90,1430,Non Forêt,Non Forêt
90,1431,Non Forêt,Non Forêt
90,1432,Non Forêt,Forêt
90,1433,Non Forêt,Non Forêt
91,1441,Non Forêt,Forêt
91,1442,Non Forêt,Non Forêt
91,1443,Non Forêt,Non Forêt
91,1444,Non Forêt,Forêt
91,1445,Non Forêt,Non Forêt
91,1446,Non Forêt,Non Forêt
91,1447,Non Forêt,Forêt
91,1448,Non Forêt,Non Forêt
91,1449,Non Forêt,Non Forêt
92,1457,Non Forêt,Non Forêt
92,1458,Non Forêt,Forêt
92,1459,Forêt,Forêt
92,1460,Non Forêt,Non Forêt
92,1461,Non Forêt,Forêt
92,1462,Non Forêt,Forêt
92,1463,Non Forêt,Forêt
92,1464,Non Forêt,Non Forêt
92,1465,Non Forêt,Forêt
93,1473,Non Forêt,Forêt
93,1474,Non Forêt,Non Forêt
93,1475,Non Forêt,Non Forêt
93,1476,Non Forêt,Forêt
93,1477,Forêt,Forêt
93,1478,Forêt,Forêt
93,1479,Non Forêt,Forêt
93,1480,Forêt,Forêt
93,1481,Forêt,Forêt
94,1489,Non Forêt,Forêt
94,1490,Non Forêt,Forêt
94,1491,Non Forêt,Non Forêt
94,1492,Non Forêt,Forêt
94,1493,Non Forêt,Forêt
94,1494,Non Forêt,Non Forêt
94,1495,Non Forêt,Forêt
94,1496,Forêt,Forêt
94,1497,Non Forêt,Forêt
95,1505,Forêt,Non Forêt
95,1506,Forêt,Non Forêt
95,1507,Forêt,Forêt
95,1508,Forêt,Forêt
95,1509,Forêt,Non Forêt
95,1510,Forêt,Non Forêt
95,1511,Forêt,Non Forêt
95,1512,Forêt,Forêt
95,1513,Forêt,Non Forêt
96,1521,Non Forêt,Non Forêt
96,1522,Non Forêt,Non Forêt
96,1523,Non Forêt,Non Forêt
96,1524,Non Forêt,Non Forêt
96,1525,Non Forêt,Non Forêt
96,1526,Non Forêt,Non Forêt
96,1527,Non Forêt,Non Forêt
96,1528,Non Forêt,Non Forêt
96,1529,Non Forêt,Forêt
97,1537,Non Forêt,Forêt
97,1538,Non Forêt,Forêt
97,1539,Non Forêt,Non Forêt
97,1540,Non Forêt,Forêt
97,1541,Non Forêt,Forêt
97,1542,Forêt,Forêt
97,1543,Forêt,Forêt
97,1544,Forêt,Forêt
97,1545,Forêt,Forêt
98,1553,Non Forêt,Forêt
98,1554,Forêt,Forêt
98,1555,Non Forêt,Forêt
98,1556,Non Forêt,Non Forêt
98,1557,Non Forêt,Forêt
98,1558,Non Forêt,Forêt
98,1559,Non Forêt,Forêt
98,1560,Non Forêt,Non Forêt
98,1561,Non Forêt,Forêt
99,1569,Non Forêt,Non Forêt
99,1570,Non Forêt,Non Forêt
99,1571,Non Forêt,Non Forêt
99,1572,Non Forêt,Non Forêt
99,1573,Non Forêt,Non Forêt
99,1574,Non Forêt,Non Forêt
99,1575,Non Forêt,Non Forêt
99,1576,Non Forêt,Non Forêt
99,1577,Non Forêt,Non Forêt
100,1585,Non Forêt,Forêt
100,1586,Non Forêt,Forêt
100,1587,Non Forêt,Forêt
100,1588,Non Forêt,Non Forêt
100,1589,Non Forêt,Non Forêt
100,1590,Non Forêt,Forêt
100,1591,Non Forêt,Forêt
100,1592,Forêt,Forêt
100,1593,Non Forêt,Non Forêt
101,1601,Non Forêt,Non Forêt
101,1602,Non Forêt,Non Forêt
101,1603,Non Forêt,Non Forêt
101,1604,Non Forêt,Non Forêt
101,1605,Non Forêt,Non Forêt
101,1606,Non Forêt,Non Forêt
101,1607,Non Forêt,Non Forêt
101,1608,Non Forêt,Non Forêt
101,1609,Non Forêt,Non Forêt
102,1617,Non Forêt,Non Forêt
102,1618,Non Forêt,Non Forêt
102,1619,Non Forêt,Non Forêt
102,1620,Forêt,Non Forêt
102,1621,Non Forêt,Non Forêt
102,1622,Non Forêt,Non Forêt
102,1623,Forêt,Non Forêt
102,1624,Forêt,Non Forêt
102,1625,Non Forêt,Non Forêt
103,1633,Non Forêt,Non Forêt
103,1634,Non Forêt,Non Forêt
103,1635,Non Forêt,Non Forêt
103,1636,Non Forêt,Non Forêt
103,1637,Non Forêt,Non Forêt
103,1638,Non Forêt,Non Forêt
103,1639,Non Forêt,Non Forêt
103,1640,Non Forêt,Non Forêt
103,1641,Non Forêt,Non Forêt
104,1649,Non Forêt,Non Forêt
104,1650,Non Forêt,Non Forêt
104,1651,Non Forêt,Non Forêt
104,1652,Non Forêt,Non Forêt
104,1653,Non Forêt,Non Forêt
104,1654,Non Forêt,Non Forêt
104,1655,Non Forêt,Non Forêt
104,1656,Non Forêt,Non Forêt
104,1657,Non Forêt,Non Forêt
105,1665,Non Forêt,Non Forêt
105,1666,Non Forêt,Non Forêt
105,1667,Non Forêt,Non Forêt
105,1668,Non Forêt,Non Forêt
105,1669,Non Forêt,Non Forêt
105,1670,Non Forêt,Non Forêt
105,1671,Non Forêt,Non Forêt
105,1672,Non Forêt,Non Forêt
105,1673,Non Forêt,Non Forêt
106,1681,Non Forêt,Non Forêt
106,1682,Non Forêt,Non Forêt
106,1683,Non Forêt,Non Forêt
106,1684,Non Forêt,Non Forêt
106,1685,Non Forêt,Non Forêt
106,1686,Non Forêt,Non Forêt
106,1687,Non Forêt,Non Forêt
106,1688,Non Forêt,Non Forêt
106,1689,Non Forêt,Non Forêt
107,1697,Non Forêt,Non Forêt
107,1698,Non Forêt,Non Forêt
107,1699,Non Forêt,Non Forêt
107,1700,Non Forêt,Non Forêt
107,1701,Non Forêt,Non Forêt
107,1702,Non Forêt,Non Forêt
107,1703,Non Forêt,Non Forêt
107,1704,Non Forêt,Non Forêt
107,1705,Non Forêt,Non Forêt
108,1713,Non Forêt,Non Forêt
108,1714,Non Forêt,Non Forêt
108,1715,Non Forêt,Non Forêt
108,1716,Non Forêt,Non Forêt
108,1717,Non Forêt,Non Forêt
108,1718,Non Forêt,Non Forêt
108,1719,Non Forêt,Non Forêt
108,1720,Non Forêt,Non Forêt
108,1721,Non Forêt,Non Forêt
109,1729,Non Forêt,Non Forêt
109,1730,Non Forêt,Non Forêt
109,1731,Non Forêt,Non Forêt
109,1732,Non Forêt,Non Forêt
109,1733,Non Forêt,Non Forêt
109,1734,Non Forêt,Non Forêt
109,1735,Non Forêt,Non Forêt
109,1736,Non Forêt,Non Forêt
109,1737,Non Forêt,Non Forêt
110,1745,Non Forêt,Non Forêt
110,1746,Non Forêt,Non Forêt
110,1747,Non Forêt,Non Forêt
110,1748,Non Forêt,Non Forêt
110,1749,Non Forêt,Non Forêt
110,1750,Non Forêt,Non Forêt
110,1751,Non Forêt,Non Forêt
110,1752,Non Forêt,Non Forêt
110,1753,Non Forêt,Non Forêt
111,1761,Non Forêt,Non Forêt
111,1762,Non Forêt,Non Forêt
111,1763,Non Forêt,Non Forêt
111,1764,Non Forêt,Non Forêt
111,1765,Non Forêt,Non Forêt
111,1766,Non Forêt,Non Forêt
111,1767,Non Forêt,Non Forêt
111,1768,Non Forêt,Non Forêt
111,1769,Non Forêt,Non Forêt
112,1777,Non Forêt,Non Forêt
112,1778,Non Forêt,Non Forêt
112,1779,Non Forêt,Non Forêt
112,1780,Non Forêt,Non Forêt
112,1781,Forêt,Forêt
112,1782,Non Forêt,Non Forêt
112,1783,Forêt,Forêt
112,1784,Forêt,Forêt
112,1785,Forêt,Forêt
113,1793,Non Forêt,Non Forêt
113,1794,Non Forêt,Non Forêt
113,1795,Non Forêt,Non Forêt
113,1796,Non Forêt,Non Forêt
113,1797,Non Forêt,Non Forêt
113,1798,Non Forêt,Non Forêt
113,1799,Non Forêt,Non Forêt
113,1800,Non Forêt,Non Forêt
113,1801,Non Forêt,Non Forêt
114,1809,Non Forêt,Non Forêt
114,1810,Non Forêt,Non Forêt
114,1811,Non Forêt,Non Forêt
114,1812,Forêt,Forêt
114,1813,Non Forêt,Non Forêt
114,1814,Non Forêt,Non Forêt
114,1815,Forêt,Forêt
114,1816,Non Forêt,Non Forêt
114,1817,Non Forêt,Non Forêt
115,1825,Non Forêt,Non Forêt
115,1826,Non Forêt,Non Forêt
115,1827,Non Forêt,Non Forêt
115,1828,Non Forêt,Non Forêt
115,1829,Non Forêt,Non Forêt
115,1830,Non Forêt,Non Forêt
115,1831,Non Forêt,Non Forêt
115,1832,Non Forêt,Non Forêt
115,1833,Non Forêt,Non Forêt
116,1841,Forêt,Forêt
116,1842,Forêt,Forêt
116,1843,Non Forêt,Non Forêt
116,1844,Non Forêt,Non Forêt
116,1845,Forêt,Forêt
116,1846,Forêt,Forêt
116,1847,Non Forêt,Non Forêt
116,1848,Non Forêt,Forêt
116,1849,Forêt,Forêt
117,1857,Non Forêt,Non Forêt
117,1858,Non Forêt,Non Forêt
117,1859,Non Forêt,Non Forêt
117,1860,Non Forêt,Forêt
117,1861,Non Forêt,Non Forêt
117,1862,Non Forêt,Non Forêt
117,1863,Non Forêt,Forêt
117,1864,Non Forêt,Non Forêt
117,1865,Non Forêt,Non Forêt
118,1873,Non Forêt,Non Forêt
118,1874,Non Forêt,Non Forêt
118,1875,Non Forêt,Non Forêt
118,1876,Non Forêt,Non Forêt
118,1877,Non Forêt,Non Forêt
118,1878,Non Forêt,Non Forêt
118,1879,Non Forêt,Forêt
118,1880,Forêt,Forêt
118,1881,Non Forêt,Non Forêt
119,1889,Non Forêt,Non Forêt
119,1890,Non Forêt,Non Forêt
119,1891,Non Forêt,Non Forêt
119,1892,Non Forêt,Non Forêt
119,1893,Non Forêt,Non Forêt
119,1894,Non Forêt,Non Forêt
119,1895,Non Forêt,Non Forêt
119,1896,Non Forêt,Non Forêt
119,1897,Non Forêt,Non Forêt
120,1905,Non Forêt,Non Forêt
120,1906,Non Forêt,Non Forêt
120,1907,Non Forêt,Non Forêt
120,1908,Non Forêt,Forêt
120,1909,Non Forêt,Forêt
120,1910,Non Forêt,Non Forêt
120,1911,Non Forêt,Non Forêt
120,1912,Non Forêt,Non Forêt
120,1913,Non Forêt,Non Forêt
121,1921,Non Forêt,Non Forêt
121,1922,Non Forêt,Non Forêt
121,1923,Non Forêt,Non Forêt
121,1924,Non Forêt,Non Forêt
121,1925,Non Forêt,Non Forêt
121,1926,Non Forêt,Non Forêt
121,1927,Non Forêt,Non Forêt
121,1928,Non Forêt,Non Forêt
121,1929,Non Forêt,Non Forêt
122,1937,Non Forêt,Non Forêt
122,1938,Non Forêt,Non Forêt
122,1939,Non Forêt,Non Forêt
122,1940,Non Forêt,Non Forêt
122,1941,Non Forêt,Non Forêt
122,1942,Non Forêt,Non Forêt
122,1943,Non Forêt,Non Forêt
122,1944,Non Forêt,Non Forêt
122,1945,Non Forêt,Non Forêt
123,1953,Non Forêt,Non Forêt
123,1954,Non Forêt,Non Forêt
123,1955,Non Forêt,Non Forêt
123,1956,Non Forêt,Non Forêt
123,1957,Non Forêt,Non Forêt
123,1958,Non Forêt,Non Forêt
123,1959,Non Forêt,Non Forêt
123,1960,Non Forêt,Non Forêt
123,1961,Non Forêt,Non Forêt
124,1969,Non Forêt,Non Forêt
124,1970,Non Forêt,Non Forêt
124,1971,Non Forêt,Non Forêt
124,1972,Non Forêt,Non Forêt
124,1973,Non Forêt,Non Forêt
124,1974,Non Forêt,Non Forêt
124,1975,Non Forêt,Non Forêt
124,1976,Non Forêt,Non Forêt
124,1977,Non Forêt,Non Forêt
125,1985,Non Forêt,Non Forêt
125,1986,Non Forêt,Non Forêt
125,1987,Non Forêt,Non Forêt
125,1988,Non Forêt,Non Forêt
125,1989,Non Forêt,Non Forêt
125,1990,Non Forêt,Non Forêt
125,1991,Non Forêt,Non Forêt
125,1992,Non Forêt,Non Forêt
125,1993,Forêt,Forêt
126,2001,Non Forêt,Non Forêt
126,2002,Forêt,Non Forêt
126,2003,Non Forêt,Non Forêt
126,2004,Forêt,Non Forêt
126,2005,Non Forêt,Non Forêt
126,2006,Non Forêt,Non Forêt
126,2007,Non Forêt,Non Forêt
126,2008,Non Forêt,Non Forêt
126,2009,Non Forêt,Non Forêt
127,2017,Forêt,Non Forêt
127,2018,Non Forêt,Non Forêt
127,2019,Non Forêt,Non Forêt
127,2020,Non Forêt,Non Forêt
127,2021,Non Forêt,Non Forêt
127,2022,Forêt,Forêt
127,2023,Non Forêt,Non Forêt
127,2024,Non Forêt,Non Forêt
127,2025,Non Forêt,Non Forêt
128,2033,Non Forêt,Non Forêt
128,2034,Non Forêt,Non Forêt
128,2035,Non Forêt,Non Forêt
128,2036,Non Forêt,Non Forêt
128,2037,Non Forêt,Non Forêt
128,2038,Non Forêt,Non Forêt
128,2039,Non Forêt,Non Forêt
128,2040,Non Forêt,Non Forêt
128,2041,Non Forêt,Non Forêt
129,2049,Non Forêt,Non Forêt
129,2050,Non Forêt,Non Forêt
129,2051,Non Forêt,Non Forêt
129,2052,Non Forêt,Non Forêt
129,2053,Non Forêt,Non Forêt
129,2054,Non Forêt,Non Forêt
129,2055,Non Forêt,Non Forêt
129,2056,Non Forêt,Non Forêt
129,2057,Non Forêt,Non Forêt
130,2065,Non Forêt,Non Forêt
130,2066,Non Forêt,Forêt
130,2067,Non Forêt,Non Forêt
130,2068,Non Forêt,Non Forêt
130,2069,Non Forêt,Forêt
130,2070,Non Forêt,Non Forêt
130,2071,Non Forêt,Forêt
130,2072,Non Forêt,Forêt
130,2073,Non Forêt,Non Forêt
131,2081,Forêt,Forêt
131,2082,Forêt,Forêt
131,2083,Non Forêt,Forêt
131,2084,Non Forêt,Non Forêt
131,2085,Forêt,Forêt
131,2086,Non Forêt,Forêt
131,2087,Non Forêt,Non Forêt
131,2088,Non Forêt,Non Forêt
131,2089,Non Forêt,Non Forêt
132,2097,Non Forêt,Non Forêt
132,2098,Forêt,Forêt
132,2099,Forêt,Forêt
132,2100,Non Forêt,Non Forêt
132,2101,Forêt,Forêt
132,2102,Forêt,Forêt
132,2103,Non Forêt,Non Forêt
132,2104,Forêt,Forêt
132,2105,Forêt,Forêt
133,2113,Non Forêt,Non Forêt
133,2114,Forêt,Forêt
133,2115,Forêt,Forêt
133,2116,Non Forêt,Non Forêt
133,2117,Non Forêt,Non Forêt
133,2118,Forêt,Forêt
133,2119,Non Forêt,Non Forêt
133,2120,Non Forêt,Non Forêt
133,2121,Forêt,Forêt
134,2129,Non Forêt,Non Forêt
134,2130,Non Forêt,Non Forêt
134,2131,Non Forêt,Non Forêt
134,2132,Non Forêt,Non Forêt
134,2133,Non Forêt,Non Forêt
134,2134,Non Forêt,Non Forêt
134,2135,Non Forêt,Non Forêt
134,2136,Non Forêt,Non Forêt
134,2137,Non Forêt,Non Forêt
135,2145,Non Forêt,Forêt
135,2146,Non Forêt,Forêt
135,2147,Non Forêt,Non Forêt
135,2148,Non Forêt,Forêt
135,2149,Non Forêt,Forêt
135,2150,Non Forêt,Non Forêt
135,2151,Non Forêt,Forêt
135,2152,Non Forêt,Non Forêt
135,2153,Forêt,Non Forêt
136,2161,Non interprétable,Forêt
136,2162,Non interprétable,Forêt
136,2163,Non interprétable,Non Forêt
136,2164,Non interprétable,Forêt
136,2165,Non interprétable,Forêt
136,2166,Non interprétable,Non Forêt
136,2167,Non interprétable,Forêt
136,2168,Non interprétable,Forêt
136,2169,Non Forêt,Non Forêt
137,2177,Non Forêt,Non Forêt
137,2178,Non Forêt,Non Forêt
137,2179,Non Forêt,Non Forêt
137,2180,Forêt,Forêt
137,2181,Non Forêt,Non Forêt
137,2182,Non Forêt,Non Forêt
137,2183,Forêt,Forêt
137,2184,Forêt,Forêt
137,2185,Non Forêt,Non Forêt
138,2193,Non Forêt,Non Forêt
138,2194,Non Forêt,Non Forêt
138,2195,Non Forêt,Non Forêt
138,2196,Non Forêt,Non Forêt
138,2197,Non Forêt,Forêt
138,2198,Non Forêt,Non Forêt
138,2199,Non Forêt,Non Forêt
138,2200,Non Forêt,Non Forêt
138,2201,Non Forêt,Non Forêt
139,2209,Non Forêt,Non Forêt
139,2210,Non Forêt,Non Forêt
139,2211,Non Forêt,Non Forêt
139,2212,Non Forêt,Non Forêt
139,2213,Non Forêt,Forêt
139,2214,Non Forêt,Non Forêt
139,2215,Non Forêt,Non Forêt
139,2216,Non Forêt,Non Forêt
139,2217,Non Forêt,Non Forêt
140,2225,Non Forêt,Non Forêt
140,2226,Non Forêt,Non Forêt
140,2227,Non Forêt,Non Forêt
140,2228,Non Forêt,Non Forêt
140,2229,Forêt,Forêt
140,2230,Non Forêt,Non Forêt
140,2231,Forêt,Non Forêt
140,2232,Non Forêt,Non Forêt
140,2233,Non Forêt,Non Forêt
141,2241,Non Forêt,Non Forêt
141,2242,Non Forêt,Non Forêt
141,2243,Non Forêt,Non Forêt
141,2244,Non Forêt,Non Forêt
141,2245,Non Forêt,Non Forêt
141,2246,Non Forêt,Non Forêt
141,2247,Non Forêt,Non Forêt
141,2248,Non Forêt,Non Forêt
141,2249,Non Forêt,Non Forêt
142,2257,Non Forêt,Non Forêt
142,2258,Non Forêt,Non Forêt
142,2259,Non Forêt,Non Forêt
142,2260,Non Forêt,Non Forêt
142,2261,Non Forêt,Non Forêt
142,2262,Non Forêt,Non Forêt
142,2263,Non Forêt,Non Forêt
142,2264,Non Forêt,Non Forêt
142,2265,Non Forêt,Non Forêt
143,2273,Non Forêt,Non Forêt
143,2274,Non Forêt,Forêt
143,2275,Forêt,Non Forêt
143,2276,Non Forêt,Forêt
143,2277,Forêt,Forêt
143,2278,Forêt,Forêt
143,2279,Forêt,Non Forêt
143,2280,Forêt,Forêt
143,2281,Forêt,Non Forêt
144,2289,Non Forêt,Non Forêt
144,2290,Non Forêt,Non Forêt
144,2291,Non Forêt,Non Forêt
144,2292,Non Forêt,Non Forêt
144,2293,Non Forêt,Non Forêt
144,2294,Non Forêt,Non Forêt
144,2295,Forêt,Forêt
144,2296,Forêt,Forêt
144,2297,Non Forêt,Non Forêt
145,2305,Non Forêt,Non Forêt
145,2306,Non Forêt,Non Forêt
145,2307,Non Forêt,Non Forêt
145,2308,Non Forêt,Non Forêt
145,2309,Non Forêt,Non Forêt
145,2310,Non Forêt,Non Forêt
145,2311,Non Forêt,Non Forêt
145,2312,Forêt,Non Forêt
145,2313,Non Forêt,Non Forêt
146,2321,Non Forêt,Non Forêt
146,2322,Non Forêt,Non Forêt
146,2323,Non Forêt,Non Forêt
146,2324,Non Forêt,Non Forêt
146,2325,Non Forêt,Non Forêt
146,2326,Forêt,Forêt
146,2327,Non Forêt,Non Forêt
146,2328,Non Forêt,Non Forêt
146,2329,Forêt,Forêt
147,2337,Non Forêt,Non Forêt
147,2338,Non Forêt,Non Forêt
147,2339,Non Forêt,Non Forêt
147,2340,Non Forêt,Non Forêt
147,2341,Non Forêt,Non Forêt
147,2342,Non Forêt,Non Forêt
147,2343,Non Forêt,Non Forêt
147,2344,Non Forêt,Non Forêt
147,2345,Non Forêt,Non Forêt
148,2353,Non Forêt,Non Forêt
148,2354,Non Forêt,Non Forêt
148,2355,Non Forêt,Non Forêt
148,2356,Non Forêt,Non Forêt
148,2357,Non Forêt,Non Forêt
148,2358,Non Forêt,Non Forêt
148,2359,Non Forêt,Non Forêt
148,2360,Non Forêt,Non Forêt
148,2361,Non Forêt,Non Forêt
149,2369,Forêt,Non Forêt
149,2370,Non Forêt,Non Forêt
149,2371,Non Forêt,Non Forêt
149,2372,Non Forêt,Non Forêt
149,2373,Non Forêt,Non Forêt
149,2374,Non Forêt,Non Forêt
149,2375,Non Forêt,Non Forêt
149,2376,Non Forêt,Non Forêt
149,2377,Non Forêt,Non Forêt
150,2385,Non Forêt,Non Forêt
150,2386,Non Forêt,Non Forêt
150,2387,Non Forêt,Non Forêt
150,2388,Non Forêt,Non Forêt
150,2389,Non Forêt,Non Forêt
150,2390,Non Forêt,Non Forêt
150,2391,Non Forêt,Non Forêt
150,2392,Non Forêt,Non Forêt
150,2393,Non Forêt,Non Forêt
151,2401,Forêt,Forêt
151,2402,Forêt,Forêt
151,2403,Forêt,Forêt
151,2404,Forêt,Forêt
151,2405,Forêt,Forêt
151,2406,Forêt,Forêt
151,2407,Forêt,Forêt
151,2408,Forêt,Forêt
151,2409,Forêt,Forêt
152,2417,Forêt,Non Forêt
152,2418,Non Forêt,Non Forêt
152,2419,Non Forêt,Non Forêt
152,2420,Non Forêt,Non Forêt
152,2421,Non Forêt,Non Forêt
152,2422,Non Forêt,Non Forêt
152,2423,Non Forêt,Non Forêt
152,2424,Non Forêt,Forêt
152,2425,Forêt,Forêt
153,2433,Forêt,Forêt
153,2434,Forêt,Forêt
153,2435,Forêt,Forêt
153,2436,Forêt,Forêt
153,2437,Forêt,Forêt
153,2438,Forêt,Forêt
153,2439,Forêt,Forêt
153,2440,Forêt,Forêt
153,2441,Forêt,Forêt
154,2449,Non Forêt,Non Forêt
154,2450,Non Forêt,Non Forêt
154,2451,Non Forêt,Forêt
154,2452,Non Forêt,Non Forêt
154,2453,Non Forêt,Non Forêt
154,2454,Non Forêt,Forêt
154,2455,Non Forêt,Non Forêt
154,2456,Non Forêt,Non Forêt
154,2457,Non Forêt,Non Forêt
155,2465,Non Forêt,Non Forêt
155,2466,Non Forêt,Non Forêt
155,2467,Non Forêt,Non Forêt
155,2468,Non Forêt,Non Forêt
155,2469,Non Forêt,Non Forêt
155,2470,Non Forêt,Non Forêt
155,2471,Non Forêt,Non Forêt
155,2472,Non Forêt,Non Forêt
155,2473,Non Forêt,Non Forêt
156,2481,Non Forêt,Non Forêt
156,2482,Non Forêt,Non Forêt
156,2483,Non Forêt,Non Forêt
156,2484,Forêt,Forêt
156,2485,Forêt,Forêt
156,2486,Forêt,Forêt
156,2487,Forêt,Forêt
156,2488,Forêt,Forêt
156,2489,Forêt,Forêt
157,2497,Non Forêt,Forêt
157,2498,Non Forêt,Non Forêt
157,2499,Non Forêt,Non Forêt
157,2500,Non Forêt,Non Forêt
157,2501,Non Forêt,Non Forêt
157,2502,Non Forêt,Forêt
157,2503,Non Forêt,Non Forêt
157,2504,Non Forêt,Non Forêt
157,2505,Non Forêt,Non Forêt
158,2513,Non Forêt,Non Forêt
158,2514,Non Forêt,Non Forêt
158,2515,Non Forêt,Non Forêt
158,2516,Non Forêt,Non Forêt
158,2517,Non Forêt,Non Forêt
158,2518,Non Forêt,Non Forêt
158,2519,Non Forêt,Non Forêt
158,2520,Non Forêt,Non Forêt
158,2521,Non Forêt,Non Forêt
159,2529,Non Forêt,Forêt
159,2530,Non Forêt,Non Forêt
159,2531,Non Forêt,Non Forêt
159,2532,Non Forêt,Forêt
159,2533,Non Forêt,Non Forêt
159,2534,Non Forêt,Non Forêt
159,2535,Non Forêt,Non Forêt
159,2536,Non Forêt,Non Forêt
159,2537,Non Forêt,Non Forêt
160,2545,Non Forêt,Forêt
160,2546,Non Forêt,Non Forêt
160,2547,Non Forêt,Non Forêt
160,2548,Non Forêt,Forêt
160,2549,Non Forêt,Forêt
160,2550,Non Forêt,Forêt
160,2551,Non Forêt,Forêt
160,2552,Non Forêt,Forêt
160,2553,Non Forêt,Forêt
161,2561,Non Forêt,Forêt
161,2562,Non Forêt,Forêt
161,2563,Non Forêt,Non Forêt
161,2564,Non Forêt,Forêt
161,2565,Non Forêt,Non Forêt
161,2566,Non Forêt,Non Forêt
161,2567,Non Forêt,Non Forêt
161,2568,Non Forêt,Non Forêt
161,2569,Non Forêt,Non Forêt
162,2577,Forêt,Forêt
162,2578,Forêt,Forêt
162,2579,Forêt,Forêt
162,2580,Non Forêt,Non Forêt
162,2581,Forêt,Forêt
162,2582,Forêt,Forêt
162,2583,Non Forêt,Non Forêt
162,2584,Non Forêt,Forêt
162,2585,Forêt,Forêt
163,2593,Forêt,Forêt
163,2594,Forêt,Forêt
163,2595,Forêt,Forêt
163,2596,Forêt,Forêt
163,2597,Forêt,Forêt
163,2598,Forêt,Forêt
163,2599,Non Forêt,Forêt
163,2600,Forêt,Forêt
163,2601,Forêt,Forêt
164,2609,Non Forêt,Non Forêt
164,2610,Non Forêt,Non Forêt
164,2611,Non Forêt,Non Forêt
164,2612,Non Forêt,Non Forêt
164,2613,Non Forêt,Non Forêt
164,2614,Non Forêt,Non Forêt
164,2615,Non Forêt,Non Forêt
164,2616,Non Forêt,Non Forêt
164,2617,Non Forêt,Non Forêt
165,2625,Forêt,Non Forêt
165,2626,Forêt,Non Forêt
165,2627,Non Forêt,Non Forêt
165,2628,Forêt,Non Forêt
165,2629,Non Forêt,Non Forêt
165,2630,Non Forêt,Non Forêt
165,2631,Forêt,Non Forêt
165,2632,Non Forêt,Non Forêt
165,2633,Non Forêt,Non Forêt
166,2641,Forêt,Non Forêt
166,2642,Forêt,Forêt
166,2643,Forêt,Forêt
166,2644,Forêt,Non Forêt
166,2645,Forêt,Non Forêt
166,2646,Forêt,Forêt
166,2647,Forêt,Non Forêt
166,2648,Forêt,Non Forêt
166,2649,Forêt,Forêt
167,2657,Forêt,Non Forêt
167,2658,Forêt,Non Forêt
167,2659,Forêt,Forêt
167,2660,Forêt,Non Forêt
167,2661,Forêt,Forêt
167,2662,Forêt,Forêt
167,2663,Forêt,Forêt
167,2664,Forêt,Forêt
167,2665,Forêt,Forêt
168,2673,Non Forêt,Non Forêt
168,2674,Non Forêt,Non Forêt
168,2675,Non Forêt,Non Forêt
168,2676,Non Forêt,Non Forêt
168,2677,Non Forêt,Non Forêt
168,2678,Non Forêt,Non Forêt
168,2679,Non Forêt,Non Forêt
168,2680,Non Forêt,Non Forêt
168,2681,Non Forêt,Non Forêt
169,2689,Forêt,Forêt
169,2690,Non Forêt,Forêt
169,2691,Non Forêt,Forêt
169,2692,Forêt,Forêt
169,2693,Forêt,Forêt
169,2694,Forêt,Forêt
169,2695,Non Forêt,Forêt
169,2696,Non Forêt,Non Forêt
169,2697,Non Forêt,Non Forêt
170,2705,Non Forêt,Non Forêt
170,2706,Forêt,Non Forêt
170,2707,Forêt,Non Forêt
170,2708,Non Forêt,Non Forêt
170,2709,Non Forêt,Forêt
170,2710,Forêt,Forêt
170,2711,Non Forêt,Forêt
170,2712,Non Forêt,Forêt
170,2713,Non Forêt,Forêt
171,2721,Non Forêt,Forêt
171,2722,Non Forêt,Forêt
171,2723,Non Forêt,Non Forêt
171,2724,Forêt,Forêt
171,2725,Forêt,Forêt
171,2726,Non Forêt,Forêt
171,2727,Non Forêt,Non Forêt
171,2728,Non Forêt,Non Forêt
171,2729,Non Forêt,Forêt
172,2737,Non Forêt,Non Forêt
172,2738,Forêt,Forêt
172,2739,Forêt,Forêt
172,2740,Non Forêt,Non Forêt
172,2741,Non Forêt,Non Forêt
172,2742,Non Forêt,Non Forêt
172,2743,Non Forêt,Non Forêt
172,2744,Non Forêt,Non Forêt
172,2745,Non Forêt,Non Forêt
173,2753,Non Forêt,Non Forêt
173,2754,Non Forêt,Non Forêt
173,2755,Non Forêt,Forêt
173,2756,Non Forêt,Non Forêt
173,2757,Non Forêt,Non Forêt
173,2758,Non Forêt,Forêt
173,2759,Non Forêt,Non Forêt
173,2760,Non Forêt,Non Forêt
173,2761,Non Forêt,Non Forêt
174,2769,Non Forêt,Non Forêt
174,2770,Non Forêt,Non Forêt
174,2771,Non Forêt,Non Forêt
174,2772,Non Forêt,Non Forêt
174,2773,Non Forêt,Non Forêt
174,2774,Non Forêt,Non Forêt
174,2775,Non Forêt,Non Forêt
174,2776,Non Forêt,Non Forêt
174,2777,Non Forêt,Non Forêt
175,2785,Non Forêt,Non Forêt
175,2786,Non Forêt,Forêt
175,2787,Non Forêt,Forêt
175,2788,Non Forêt,Non Forêt
175,2789,Non Forêt,Non Forêt
175,2790,Non Forêt,Forêt
175,2791,Non Forêt,Forêt
175,2792,Non Forêt,Non Forêt
175,2793,Non Forêt,Non Forêt
176,2801,Non Forêt,Non Forêt
176,2802,Non Forêt,Non Forêt
176,2803,Non Forêt,Non Forêt
176,2804,Non Forêt,Non Forêt
176,2805,Non Forêt,Non Forêt
176,2806,Non Forêt,Non Forêt
176,2807,Non Forêt,Non Forêt
176,2808,Non Forêt,Non Forêt
176,2809,Non Forêt,Non Forêt
177,2817,Non Forêt,Non Forêt
177,2818,Non Forêt,Non Forêt
177,2819,Non Forêt,Non Forêt
177,2820,Non Forêt,Non Forêt
177,2821,Non Forêt,Non Forêt
177,2822,Non Forêt,Non Forêt
177,2823,Non Forêt,Non Forêt
177,2824,Non Forêt,Non Forêt
177,2825,Non Forêt,Non Forêt
178,2833,Non Forêt,Non Forêt
178,2834,Non interprétable,Non Forêt
178,2835,Non interprétable,Non Forêt
178,2836,Non Forêt,Non Forêt
178,2837,Non Forêt,Non Forêt
178,2838,Non interprétable,Non Forêt
178,2839,Non Forêt,Non Forêt
178,2840,Non Forêt,Non Forêt
178,2841,Non Forêt,Non Forêt
179,2849,Non Forêt,Non Forêt
179,2850,Non Forêt,Non Forêt
179,2851,Non Forêt,Non Forêt
179,2852,Non Forêt,Non Forêt
179,2853,Non Forêt,Non Forêt
179,2854,Non Forêt,Non Forêt
179,2855,Non Forêt,Non Forêt
179,2856,Non Forêt,Non Forêt
179,2857,Non Forêt,Non Forêt
180,2865,Non Forêt,Non Forêt
180,2866,Non Forêt,Non Forêt
180,2867,Non Forêt,Non Forêt
180,2868,Non Forêt,Non Forêt
180,2869,Non Forêt,Non Forêt
180,2870,Non Forêt,Non Forêt
180,2871,Non Forêt,Non Forêt
180,2872,Non Forêt,Non Forêt
180,2873,Non Forêt,Non Forêt
181,2881,Non Forêt,Non Forêt
181,2882,Non Forêt,Non Forêt
181,2883,Non Forêt,Non Forêt
181,2884,Non Forêt,Non Forêt
181,2885,Non Forêt,Non Forêt
181,2886,Non Forêt,Non Forêt
181,2887,Non Forêt,Non Forêt
181,2888,Non Forêt,Non Forêt
181,2889,Non Forêt,Non Forêt
182,2897,Non Forêt,Non Forêt
182,2898,Non Forêt,Non Forêt
182,2899,Non Forêt,Non Forêt
182,2900,Non Forêt,Non Forêt
182,2901,Non Forêt,Non Forêt
182,2902,Non Forêt,Non Forêt
182,2903,Non Forêt,Non Forêt
182,2904,Non Forêt,Non Forêt
182,2905,Non Forêt,Non Forêt
183,2913,Non Forêt,Non Forêt
183,2914,Non Forêt,Non Forêt
183,2915,Non Forêt,Non Forêt
183,2916,Non Forêt,Non Forêt
183,2917,Non Forêt,Non Forêt
183,2918,Forêt,Forêt
183,2919,Non Forêt,Non Forêt
183,2920,Non Forêt,Non Forêt
183,2921,Forêt,Non Forêt
184,2929,Non Forêt,Non Forêt
184,2930,Non Forêt,Non Forêt
184,2931,Forêt,Forêt
184,2932,Non Forêt,Non Forêt
184,2933,Forêt,Forêt
184,2934,Non Forêt,Forêt
184,2935,Forêt,Forêt
184,2936,Forêt,Forêt
184,2937,Non Forêt,Non Forêt
185,2945,Non Forêt,Non Forêt
185,2946,Non Forêt,Non Forêt
185,2947,Non Forêt,Non Forêt
185,2948,Non Forêt,Non Forêt
185,2949,Non Forêt,Non Forêt
185,2950,Non Forêt,Non Forêt
185,2951,Non Forêt,Non Forêt
185,2952,Non Forêt,Non Forêt
185,2953,Non Forêt,Non Forêt
186,2961,Non Forêt,Non Forêt
186,2962,Non Forêt,Non Forêt
186,2963,Non Forêt,Non Forêt
186,2964,Non Forêt,Non Forêt
186,2965,Non Forêt,Non Forêt
186,2966,Non Forêt,Non Forêt
186,2967,Non Forêt,Non Forêt
186,2968,Non Forêt,Non Forêt
186,2969,Non Forêt,Non Forêt
187,2977,Non Forêt,Non Forêt
187,2978,Non Forêt,Non Forêt
187,2979,Non Forêt,Non Forêt
187,2980,Non Forêt,Non Forêt
187,2981,Non Forêt,Non Forêt
187,2982,Non Forêt,Non Forêt
187,2983,Non Forêt,Non Forêt
187,2984,Non Forêt,Non Forêt
187,2985,Non Forêt,Non Forêt
188,2993,Non Forêt,Non Forêt
188,2994,Non Forêt,Non Forêt
188,2995,Non Forêt,Non Forêt
188,2996,Non Forêt,Non Forêt
188,2997,Non Forêt,Non Forêt
188,2998,Non Forêt,Non Forêt
188,2999,Non Forêt,Non Forêt
188,3000,Non Forêt,Non Forêt
188,3001,Non Forêt,Non Forêt
189,3009,Non Forêt,Non Forêt
189,3010,Non Forêt,Non Forêt
189,3011,Non Forêt,Non Forêt
189,3012,Non Forêt,Non Forêt
189,3013,Non Forêt,Non Forêt
189,3014,Non Forêt,Non Forêt
189,3015,Non Forêt,Non Forêt
189,3016,Non Forêt,Non Forêt
189,3017,Non Forêt,Non Forêt
190,3025,Non Forêt,Non Forêt
190,3026,Non Forêt,Non Forêt
190,3027,Non Forêt,Non Forêt
190,3028,Non Forêt,Non Forêt
190,3029,Non Forêt,Non Forêt
190,3030,Non Forêt,Forêt
190,3031,Non Forêt,Non Forêt
190,3032,Non Forêt,Non Forêt
190,3033,Non Forêt,Non Forêt
191,3041,Forêt,Forêt
191,3042,Non Forêt,Non Forêt
191,3043,Non Forêt,Non Forêt
191,3044,Forêt,Forêt
191,3045,Forêt,Forêt
191,3046,Non Forêt,Non Forêt
191,3047,Forêt,Forêt
191,3048,Forêt,Forêt
191,3049,Non Forêt,Non Forêt
192,3057,Non Forêt,Non Forêt
192,3058,Non Forêt,Non Forêt
192,3059,Non Forêt,Non Forêt
192,3060,Non Forêt,Non Forêt
192,3061,Non Forêt,Non Forêt
192,3062,Non Forêt,Non Forêt
192,3063,Non Forêt,Non Forêt
192,3064,Non Forêt,Non Forêt
192,3065,Non Forêt,Non Forêt
193,3073,Non Forêt,Non Forêt
193,3074,Non Forêt,Non Forêt
193,3075,Non Forêt,Non Forêt
193,3076,Non Forêt,Non Forêt
193,3077,Non Forêt,Non Forêt
193,3078,Non Forêt,Non Forêt
193,3079,Non Forêt,Non Forêt
193,3080,Non Forêt,Non Forêt
193,3081,Non Forêt,Non Forêt
194,3089,Non Forêt,Non Forêt
194,3090,Non Forêt,Non Forêt
194,3091,Non Forêt,Non Forêt
194,3092,Non Forêt,Non Forêt
194,3093,Non Forêt,Non Forêt
194,3094,Non Forêt,Non Forêt
194,3095,Non Forêt,Non Forêt
194,3096,Non Forêt,Non Forêt
194,3097,Non Forêt,Non Forêt
195,3105,Non Forêt,Non Forêt
195,3106,Non Forêt,Non Forêt
195,3107,Non Forêt,Non Forêt
195,3108,Non Forêt,Non Forêt
195,3109,Non Forêt,Non Forêt
195,3110,Non Forêt,Non Forêt
195,3111,Non Forêt,Non Forêt
195,3112,Non Forêt,Non Forêt
195,3113,Non Forêt,Non Forêt
196,3121,Non Forêt,Non Forêt
196,3122,Non Forêt,Non Forêt
196,3123,Non Forêt,Non Forêt
196,3124,Non Forêt,Non Forêt
196,3125,Non Forêt,Non Forêt
196,3126,Non Forêt,Non Forêt
196,3127,Non Forêt,Non Forêt
196,3128,Non Forêt,Non Forêt
196,3129,Non Forêt,Non Forêt
197,3137,Non Forêt,Non Forêt
197,3138,Non Forêt,Non Forêt
197,3139,Non Forêt,Non Forêt
197,3140,Non Forêt,Non Forêt
197,3141,Non Forêt,Non Forêt
197,3142,Non Forêt,Non Forêt
197,3143,Non Forêt,Non Forêt
197,3144,Non Forêt,Non Forêt
197,3145,Non Forêt,Non Forêt
198,3153,Non Forêt,Non Forêt
198,3154,Non Forêt,Non Forêt
198,3155,Non Forêt,Non Forêt
198,3156,Non Forêt,Non Forêt
198,3157,Non Forêt,Non Forêt
198,3158,Non Forêt,Non Forêt
198,3159,Non Forêt,Non Forêt
198,3160,Non Forêt,Non Forêt
198,3161,Non Forêt,Non Forêt
199,3169,Non Forêt,Non Forêt
199,3170,Non Forêt,Non Forêt
199,3171,Non Forêt,Non Forêt
199,3172,Non Forêt,Non Forêt
199,3173,Non Forêt,Non Forêt
199,3174,Non Forêt,Non Forêt
199,3175,Non Forêt,Non Forêt
199,3176,Non Forêt,Non Forêt
199,3177,Non Forêt,Non Forêt
200,3185,Non Forêt,Non Forêt
200,3186,Non Forêt,Non Forêt
200,3187,Non Forêt,Non Forêt
200,3188,Non Forêt,Non Forêt
200,3189,Non Forêt,Non Forêt
200,3190,Non Forêt,Non Forêt
200,3191,Non Forêt,Non Forêt
200,3192,Non Forêt,Non Forêt
200,3193,Non Forêt,Non Forêt
201,3201,Non Forêt,Non Forêt
201,3202,Non Forêt,Non Forêt
201,3203,Non Forêt,Non Forêt
201,3204,Non Forêt,Non Forêt
201,3205,Non Forêt,Non Forêt
201,3206,Non Forêt,Non Forêt
201,3207,Non Forêt,Non Forêt
201,3208,Non Forêt,Non Forêt
201,3209,Non Forêt,Non Forêt
202,3217,Non Forêt,Non Forêt
202,3218,Non Forêt,Non Forêt
202,3219,Non Forêt,Non Forêt
202,3220,Non Forêt,Non Forêt
202,3221,Non Forêt,Non Forêt
202,3222,Non Forêt,Non Forêt
202,3223,Non Forêt,Non Forêt
202,3224,Non Forêt,Non Forêt
202,3225,Non Forêt,Non Forêt
203,3233,Non Forêt,Non Forêt
203,3234,Non Forêt,Non Forêt
203,3235,Non Forêt,Non Forêt
203,3236,Non Forêt,Non Forêt
203,3237,Non Forêt,Non Forêt
203,3238,Non Forêt,Non Forêt
203,3239,Non Forêt,Non Forêt
203,3240,Non Forêt,Non Forêt
203,3241,Non Forêt,Non Forêt
204,3249,Non Forêt,Non Forêt
204,3250,Non Forêt,Non Forêt
204,3251,Non Forêt,Non Forêt
204,3252,Non Forêt,Non Forêt
204,3253,Non Forêt,Non Forêt
204,3254,Non Forêt,Non Forêt
204,3255,Non Forêt,Non Forêt
204,3256,Non Forêt,Non Forêt
204,3257,Non Forêt,Non Forêt
205,3265,Non Forêt,Non Forêt
205,3266,Non Forêt,Non Forêt
205,3267,Non Forêt,Non Forêt
205,3268,Non Forêt,Non Forêt
205,3269,Non Forêt,Non Forêt
205,3270,Non Forêt,Non Forêt
205,3271,Non Forêt,Non Forêt
205,3272,Non Forêt,Non Forêt
205,3273,Non Forêt,Non Forêt
206,3281,Non Forêt,Non Forêt
206,3282,Non Forêt,Non Forêt
206,3283,Non Forêt,Non Forêt
206,3284,Non Forêt,Non Forêt
206,3285,Non Forêt,Non Forêt
206,3286,Non Forêt,Non Forêt
206,3287,Non Forêt,Non Forêt
206,3288,Non Forêt,Non Forêt
206,3289,Non Forêt,Non Forêt
207,3297,Non Forêt,Forêt
207,3298,Non Forêt,Forêt
207,3299,Forêt,Non Forêt
207,3300,Non Forêt,Non Forêt
207,3301,Non Forêt,Non Forêt
207,3302,Forêt,Forêt
207,3303,Non Forêt,Non Forêt
207,3304,Non Forêt,Non Forêt
207,3305,Non Forêt,Forêt
208,3313,Non Forêt,Non Forêt
208,3314,Non Forêt,Non Forêt
208,3315,Non Forêt,Non Forêt
208,3316,Non Forêt,Non Forêt
208,3317,Non Forêt,Non Forêt
208,3318,Non Forêt,Non Forêt
208,3319,Non Forêt,Non Forêt
208,3320,Non Forêt,Non Forêt
208,3321,Non Forêt,Non Forêt
209,3329,Non Forêt,Non Forêt
209,3330,Non Forêt,Non Forêt
209,3331,Non Forêt,Non Forêt
209,3332,Non Forêt,Non Forêt
209,3333,Non Forêt,Non Forêt
209,3334,Non Forêt,Non Forêt
209,3335,Non Forêt,Non Forêt
209,3336,Non Forêt,Non Forêt
209,3337,Non Forêt,Non Forêt
210,3345,Non Forêt,Non Forêt
210,3346,Non Forêt,Non Forêt
210,3347,Non Forêt,Non Forêt
210,3348,Non Forêt,Non Forêt
210,3349,Non Forêt,Non Forêt
210,3350,Non Forêt,Non Forêt
210,3351,Non Forêt,Non Forêt
210,3352,Non Forêt,Non Forêt
210,3353,Non Forêt,Non Forêt
211,3361,Non Forêt,Non Forêt
211,3362,Non Forêt,Forêt
211,3363,Non Forêt,Forêt
211,3364,Non Forêt,Non Forêt
211,3365,Non Forêt,Non Forêt
211,3366,Non Forêt,Non Forêt
211,3367,Non Forêt,Non Forêt
211,3368,Non Forêt,Forêt
211,3369,Non Forêt,Non Forêt
212,3377,Non Forêt,Non Forêt
212,3378,Non Forêt,Non Forêt
212,3379,Non Forêt,Non Forêt
212,3380,Non Forêt,Non Forêt
212,3381,Non Forêt,Non Forêt
212,3382,Non Forêt,Non Forêt
212,3383,Non Forêt,Non Forêt
212,3384,Non Forêt,Non Forêt
212,3385,Non Forêt,Non Forêt
213,3393,Non Forêt,Non Forêt
213,3394,Non Forêt,Non Forêt
213,3395,Non Forêt,Non Forêt
213,3396,Non Forêt,Non Forêt
213,3397,Non Forêt,Non Forêt
213,3398,Non Forêt,Non Forêt
213,3399,Non Forêt,Non Forêt
213,3400,Non Forêt,Non Forêt
213,3401,Non Forêt,Non Forêt
214,3409,Non Forêt,Non Forêt
214,3410,Non Forêt,Non Forêt
214,3411,Non Forêt,Non Forêt
214,3412,Non Forêt,Non Forêt
214,3413,Non Forêt,Non Forêt
214,3414,Non Forêt,Forêt
214,3415,Non Forêt,Non Forêt
214,3416,Non Forêt,Forêt
214,3417,Forêt,Forêt
215,3425,Non Forêt,Non Forêt
215,3426,Non Forêt,Non Forêt
215,3427,Non Forêt,Non Forêt
215,3428,Non Forêt,Non Forêt
215,3429,Non Forêt,Non Forêt
215,3430,Non Forêt,Non Forêt
215,3431,Non Forêt,Non Forêt
215,3432,Forêt,Forêt
215,3433,Non Forêt,Non Forêt
216,3441,Non Forêt,Non Forêt
216,3442,Non Forêt,Non Forêt
216,3443,Non Forêt,Non Forêt
216,3444,Non Forêt,Non Forêt
216,3445,Non Forêt,Non Forêt
216,3446,Forêt,Non Forêt
216,3447,Non Forêt,Non Forêt
216,3448,Non Forêt,Non Forêt
216,3449,Forêt,Non Forêt
217,3457,Non Forêt,Non Forêt
217,3458,Non Forêt,Non Forêt
217,3459,Forêt,Non Forêt
217,3460,Non Forêt,Non Forêt
217,3461,Non Forêt,Non Forêt
217,3462,Forêt,Non Forêt
217,3463,Non Forêt,Non Forêt
217,3464,Non Forêt,Non Forêt
217,3465,Non Forêt,Non Forêt
218,3473,Non Forêt,Non Forêt
218,3474,Non Forêt,Non Forêt
218,3475,Non interprétable,Non Forêt
218,3476,Non Forêt,Non Forêt
218,3477,Non Forêt,Non Forêt
218,3478,Non Forêt,Non Forêt
218,3479,Non Forêt,Non Forêt
218,3480,Non Forêt,Non Forêt
218,3481,Non Forêt,Non Forêt
219,3489,Non Forêt,Non Forêt
219,3490,Non Forêt,Non Forêt
219,3491,Non Forêt,Non Forêt
219,3492,Non Forêt,Non Forêt
219,3493,Non Forêt,Non Forêt
219,3494,Non Forêt,Non Forêt
219,3495,Non Forêt,Non Forêt
219,3496,Non Forêt,Non Forêt
219,3497,Non Forêt,Non Forêt
220,3505,Forêt,Forêt
220,3506,Forêt,Forêt
220,3507,Forêt,Forêt
220,3508,Forêt,Forêt
220,3509,Forêt,Forêt
220,3510,Forêt,Forêt
220,3511,Forêt,Forêt
220,3512,Forêt,Forêt
220,3513,Forêt,Forêt
221,3521,Non Forêt,Non Forêt
221,3522,Non Forêt,Non Forêt
221,3523,Non Forêt,Non Forêt
221,3524,Forêt,Non Forêt
221,3525,Forêt,Non Forêt
221,3526,Non Forêt,Non Forêt
221,3527,Non Forêt,Forêt
221,3528,Non Forêt,Non Forêt
221,3529,Non Forêt,Non Forêt
222,3537,Forêt,Forêt
222,3538,Forêt,Forêt
222,3539,Non Forêt,Non Forêt
222,3540,Non Forêt,Non Forêt
222,3541,Non Forêt,Non Forêt
222,3542,Non Forêt,Non Forêt
222,3543,Non Forêt,Non Forêt
222,3544,Non Forêt,Non Forêt
222,3545,Forêt,Non Forêt
223,3553,Non Forêt,Non Forêt
223,3554,Non Forêt,Non Forêt
223,3555,Forêt,Non Forêt
223,3556,Non Forêt,Non Forêt
223,3557,Non Forêt,Non Forêt
223,3558,Non Forêt,Non Forêt
223,3559,Non Forêt,Non Forêt
223,3560,Non Forêt,Non Forêt
223,3561,Non Forêt,Non Forêt
224,3569,Non Forêt,Non Forêt
224,3570,Non Forêt,Non Forêt
224,3571,Non Forêt,Non Forêt
224,3572,Non Forêt,Non Forêt
224,3573,Non Forêt,Non Forêt
224,3574,Non Forêt,Non Forêt
224,3575,Non Forêt,Non Forêt
224,3576,Non Forêt,Non Forêt
224,3577,Non Forêt,Non Forêt
225,3585,Non Forêt,Non Forêt
225,3586,Non Forêt,Non Forêt
225,3587,Non Forêt,Non Forêt
225,3588,Non Forêt,Non Forêt
225,3589,Non Forêt,Non Forêt
225,3590,Non Forêt,Non Forêt
225,3591,Non Forêt,Non Forêt
225,3592,Non Forêt,Non Forêt
225,3593,Non Forêt,Non Forêt
226,3601,Non Forêt,Non Forêt
226,3602,Non Forêt,Non Forêt
226,3603,Non Forêt,Non Forêt
226,3604,Non Forêt,Non Forêt
226,3605,Non Forêt,Non Forêt
226,3606,Non Forêt,Non Forêt
226,3607,Non Forêt,Non Forêt
226,3608,Non Forêt,Non Forêt
226,3609,Non Forêt,Non Forêt
227,3617,Non Forêt,Non Forêt
227,3618,Non Forêt,Non Forêt
227,3619,Non Forêt,Non Forêt
227,3620,Non Forêt,Non Forêt
227,3621,Non Forêt,Non Forêt
227,3622,Non Forêt,Non Forêt
227,3623,Non Forêt,Non Forêt
227,3624,Non Forêt,Non Forêt
227,3625,Non Forêt,Non Forêt
228,3633,Non Forêt,Non Forêt
228,3634,Non Forêt,Non Forêt
228,3635,Non Forêt,Non Forêt
228,3636,Non Forêt,Non Forêt
228,3637,Non Forêt,Non Forêt
228,3638,Non Forêt,Non Forêt
228,3639,Non Forêt,Non Forêt
228,3640,Non Forêt,Non Forêt
228,3641,Non Forêt,Non Forêt
229,3649,Non Forêt,Non Forêt
229,3650,Non Forêt,Non Forêt
229,3651,Non Forêt,Non Forêt
229,3652,Non Forêt,Non Forêt
229,3653,Non Forêt,Non Forêt
229,3654,Non Forêt,Non Forêt
229,3655,Non Forêt,Non Forêt
229,3656,Non Forêt,Non Forêt
229,3657,Non Forêt,Non Forêt
230,3665,Forêt,Forêt
230,3666,Forêt,Forêt
230,3667,Forêt,Non Forêt
230,3668,Non Forêt,Non Forêt
230,3669,Forêt,Forêt
230,3670,Forêt,Forêt
230,3671,Non Forêt,Non Forêt
230,3672,Non Forêt,Non Forêt
230,3673,Non Forêt,Non Forêt
231,3681,Non Forêt,Non Forêt
231,3682,Non Forêt,Non Forêt
231,3683,Non Forêt,Non Forêt
231,3684,Non Forêt,Non Forêt
231,3685,Non Forêt,Non Forêt
231,3686,Non Forêt,Non Forêt
231,3687,Non Forêt,Non Forêt
231,3688,Non Forêt,Non Forêt
231,3689,Non Forêt,Non Forêt
232,3697,Non Forêt,Non Forêt
232,3698,Non Forêt,Non Forêt
232,3699,Non Forêt,Non Forêt
232,3700,Non Forêt,Non Forêt
232,3701,Non Forêt,Non Forêt
232,3702,Non Forêt,Non Forêt
232,3703,Non Forêt,Non Forêt
232,3704,Non Forêt,Non Forêt
232,3705,Non Forêt,Non Forêt
233,3713,Non Forêt,Non Forêt
233,3714,Non Forêt,Non Forêt
233,3715,Non Forêt,Non Forêt
233,3716,Non Forêt,Non Forêt
233,3717,Non Forêt,Non Forêt
233,3718,Non Forêt,Non Forêt
233,3719,Non Forêt,Non Forêt
233,3720,Non Forêt,Forêt
233,3721,Non Forêt,Non Forêt
234,3729,Non Forêt,Non Forêt
234,3730,Non Forêt,Non Forêt
234,3731,Non Forêt,Non Forêt
234,3732,Non Forêt,Non Forêt
234,3733,Non Forêt,Non Forêt
234,3734,Non Forêt,Non Forêt
234,3735,Non Forêt,Non Forêt
234,3736,Non Forêt,Non Forêt
234,3737,Non Forêt,Non Forêt
235,3745,Forêt,Forêt
235,3746,Forêt,Forêt
235,3747,Forêt,Forêt
235,3748,Forêt,Non Forêt
235,3749,Forêt,Forêt
235,3750,Forêt,Non Forêt
235,3751,Non Forêt,Non Forêt
235,3752,Non Forêt,Non Forêt
235,3753,Non Forêt,Non Forêt
236,3761,Non Forêt,Non Forêt
236,3762,Non Forêt,Non Forêt
236,3763,Non Forêt,Non Forêt
236,3764,Non Forêt,Non Forêt
236,3765,Non Forêt,Non Forêt
236,3766,Non Forêt,Non Forêt
236,3767,Non Forêt,Non Forêt
236,3768,Non Forêt,Non Forêt
236,3769,Non Forêt,Non Forêt
237,3777,Non Forêt,Non Forêt
237,3778,Non Forêt,Non Forêt
237,3779,Non Forêt,Non Forêt
237,3780,Non Forêt,Non Forêt
237,3781,Non Forêt,Non Forêt
237,3782,Non Forêt,Non Forêt
237,3783,Non Forêt,Non Forêt
237,3784,Forêt,Non Forêt
237,3785,Non Forêt,Non Forêt
238,3793,Non Forêt,Non Forêt
238,3794,Non Forêt,Non Forêt
238,3795,Non Forêt,Non Forêt
238,3796,Forêt,Non Forêt
238,3797,Forêt,Non Forêt
238,3798,Non Forêt,Non Forêt
238,3799,Non Forêt,Non Forêt
238,3800,Non Forêt,Non Forêt
238,3801,Non Forêt,Non Forêt
239,3809,Forêt,Forêt
239,3810,Non Forêt,Non Forêt
239,3811,Non Forêt,Non Forêt
239,3812,Non Forêt,Non Forêt
239,3813,Non Forêt,Non Forêt
239,3814,Forêt,Non Forêt
239,3815,Non Forêt,Non Forêt
239,3816,Non Forêt,Non Forêt
239,3817,Non Forêt,Non Forêt
240,3825,Non Forêt,Non Forêt
240,3826,Forêt,Forêt
240,3827,Non Forêt,Forêt
240,3828,Forêt,Forêt
240,3829,Forêt,Forêt
240,3830,Forêt,Forêt
240,3831,Forêt,Forêt
240,3832,Forêt,Forêt
240,3833,Forêt,Forêt
241,3841,Forêt,Non Forêt
241,3842,Forêt,Non Forêt
241,3843,Forêt,Non Forêt
241,3844,Forêt,Non Forêt
241,3845,Forêt,Non Forêt
241,3846,Forêt,Non Forêt
241,3847,Forêt,Non Forêt
241,3848,Forêt,Non Forêt
241,3849,Forêt,Non Forêt
242,3857,Non Forêt,Non Forêt
242,3858,Non Forêt,Non Forêt
242,3859,Non Forêt,Non Forêt
242,3860,Non Forêt,Non Forêt
242,3861,Non Forêt,Non Forêt
242,3862,Non Forêt,Non Forêt
242,3863,Non Forêt,Non Forêt
242,3864,Non Forêt,Non Forêt
242,3865,Forêt,Non Forêt
243,3873,Non Forêt,Non Forêt
243,3874,Non Forêt,Non Forêt
243,3875,Non Forêt,Non Forêt
243,3876,Non Forêt,Non Forêt
243,3877,Non Forêt,Non Forêt
243,3878,Non Forêt,Forêt
243,3879,Non Forêt,Non Forêt
243,3880,Non Forêt,Non Forêt
243,3881,Non Forêt,Forêt
244,3889,Non Forêt,Non Forêt
244,3890,Non Forêt,Non Forêt
244,3891,Non Forêt,Non Forêt
244,3892,Non Forêt,Non Forêt
244,3893,Non Forêt,Non Forêt
244,3894,Non Forêt,Non Forêt
244,3895,Non Forêt,Non Forêt
244,3896,Non Forêt,Non Forêt
244,3897,Non Forêt,Non Forêt
245,3905,Non Forêt,Non Forêt
245,3906,Non Forêt,Non Forêt
245,3907,Non Forêt,Non Forêt
245,3908,Non Forêt,Non Forêt
245,3909,Non Forêt,Non Forêt
245,3910,Non Forêt,Non Forêt
245,3911,Non Forêt,Non Forêt
245,3912,Non Forêt,Non Forêt
245,3913,Non Forêt,Non Forêt
246,3921,Non Forêt,Non Forêt
246,3922,Non Forêt,Forêt
246,3923,Forêt,Forêt
246,3924,Non Forêt,Forêt
246,3925,Non Forêt,Non Forêt
246,3926,Forêt,Forêt
246,3927,Forêt,Forêt
246,3928,Non Forêt,Forêt
246,3929,Non Forêt,Non Forêt
247,3937,Non Forêt,Non Forêt
247,3938,Non Forêt,Non Forêt
247,3939,Non Forêt,Non Forêt
247,3940,Forêt,Forêt
247,3941,Forêt,Forêt
247,3942,Forêt,Forêt
247,3943,Forêt,Forêt
247,3944,Forêt,Forêt
247,3945,Forêt,Forêt
248,3953,Forêt,Forêt
248,3954,Forêt,Forêt
248,3955,Forêt,Forêt
248,3956,Forêt,Forêt
248,3957,Forêt,Forêt
248,3958,Forêt,Forêt
248,3959,Non Forêt,Forêt
248,3960,Forêt,Forêt
248,3961,Forêt,Forêt
249,3969,Non Forêt,Non Forêt
249,3970,Non Forêt,Non Forêt
249,3971,Non Forêt,Non Forêt
249,3972,Non Forêt,Non Forêt
249,3973,Non Forêt,Non Forêt
249,3974,Non Forêt,Non Forêt
249,3975,Non Forêt,Non Forêt
249,3976,Non Forêt,Non Forêt
249,3977,Non Forêt,Non Forêt
250,3985,Non Forêt,Non Forêt
250,3986,Non Forêt,Non Forêt
250,3987,Non Forêt,Non Forêt
250,3988,Non Forêt,Non Forêt
250,3989,Non Forêt,Non Forêt
250,3990,Non Forêt,Non Forêt
250,3991,Non Forêt,Non Forêt
250,3992,Non Forêt,Non Forêt
250,3993,Non Forêt,Non Forêt
251,4001,Non Forêt,Non Forêt
251,4002,Non Forêt,Non Forêt
251,4003,Non Forêt,Non Forêt
251,4004,Non Forêt,Non Forêt
251,4005,Non Forêt,Non Forêt
251,4006,Non Forêt,Non Forêt
251,4007,Non Forêt,Non Forêt
251,4008,Non Forêt,Non Forêt
251,4009,Non Forêt,Non Forêt
252,4017,Non Forêt,Non Forêt
252,4018,Non Forêt,Non Forêt
252,4019,Non Forêt,Non Forêt
252,4020,Non Forêt,Non Forêt
252,4021,Non Forêt,Non Forêt
252,4022,Non Forêt,Non Forêt
252,4023,Non Forêt,Non Forêt
252,4024,Non Forêt,Non Forêt
252,4025,Non Forêt,Non Forêt
253,4033,Non Forêt,Non Forêt
253,4034,Non Forêt,Non Forêt
253,4035,Non Forêt,Non Forêt
253,4036,Non Forêt,Non Forêt
253,4037,Non Forêt,Non Forêt
253,4038,Non Forêt,Non Forêt
253,4039,Non Forêt,Non Forêt
253,4040,Non Forêt,Non Forêt
253,4041,Non Forêt,Non Forêt
254,4049,Non Forêt,Non Forêt
254,4050,Non Forêt,Non Forêt
254,4051,Non Forêt,Non Forêt
254,4052,Non Forêt,Non Forêt
254,4053,Non Forêt,Non Forêt
254,4054,Non Forêt,Non Forêt
254,4055,Non Forêt,Non Forêt
254,4056,Non Forêt,Non Forêt
254,4057,Non Forêt,Non Forêt
255,4065,Forêt,Non Forêt
255,4066,Forêt,Non Forêt
255,4067,Non Forêt,Non Forêt
255,4068,Non Forêt,Non Forêt
255,4069,Forêt,Non Forêt
255,4070,Forêt,Non Forêt
255,4071,Non Forêt,Non Forêt
255,4072,Non Forêt,Non Forêt
255,4073,Forêt,Non Forêt
256,4081,Non Forêt,Non Forêt
256,4082,Non Forêt,Non Forêt
256,4083,Non Forêt,Non Forêt
256,4084,Non Forêt,Non Forêt
256,4085,Non Forêt,Non Forêt
256,4086,Non Forêt,Non Forêt
256,4087,Non Forêt,Non Forêt
256,4088,Non Forêt,Non Forêt
256,4089,Non Forêt,Non Forêt
257,4097,Non Forêt,Non Forêt
257,4098,Non Forêt,Non Forêt
257,4099,Non Forêt,Non Forêt
257,4100,Non Forêt,Forêt
257,4101,Non Forêt,Non Forêt
257,4102,Forêt,Non Forêt
257,4103,Forêt,Non Forêt
257,4104,Forêt,Non Forêt
257,4105,Forêt,Non Forêt
258,4113,Non Forêt,Non Forêt
258,4114,Non Forêt,Non Forêt
258,4115,Non Forêt,Non Forêt
258,4116,Non Forêt,Non Forêt
258,4117,Non Forêt,Non Forêt
258,4118,Non Forêt,Non Forêt
258,4119,Non Forêt,Non Forêt
258,4120,Non Forêt,Non Forêt
258,4121,Non Forêt,Non Forêt
259,4129,Forêt,Non Forêt
259,4130,Forêt,Non Forêt
259,4131,Non Forêt,Non Forêt
259,4132,Forêt,Forêt
259,4133,Forêt,Non Forêt
259,4134,Non Forêt,Non Forêt
259,4135,Forêt,Non Forêt
259,4136,Forêt,Forêt
259,4137,Non Forêt,Non Forêt
260,4145,Non Forêt,Non Forêt
260,4146,Non Forêt,Non Forêt
260,4147,Non Forêt,Non Forêt
260,4148,Non Forêt,Non Forêt
260,4149,Non Forêt,Non Forêt
260,4150,Non Forêt,Non Forêt
260,4151,Non Forêt,Non Forêt
260,4152,Non Forêt,Non Forêt
260,4153,Non Forêt,Non Forêt
261,4161,Non Forêt,Non Forêt
261,4162,Non Forêt,Non Forêt
261,4163,Non Forêt,Non Forêt
261,4164,Non Forêt,Non Forêt
261,4165,Non Forêt,Non Forêt
261,4166,Non Forêt,Non Forêt
261,4167,Non Forêt,Non Forêt
261,4168,Non Forêt,Non Forêt
261,4169,Non Forêt,Non Forêt
262,4177,Non Forêt,Non Forêt
262,4178,Non Forêt,Non Forêt
262,4179,Forêt,Non Forêt
262,4180,Non Forêt,Non Forêt
262,4181,Non Forêt,Non Forêt
262,4182,Non Forêt,Non Forêt
262,4183,Non Forêt,Non Forêt
262,4184,Non Forêt,Non Forêt
262,4185,Non Forêt,Non Forêt
263,4193,Forêt,Non Forêt
263,4194,Forêt,Non Forêt
263,4195,Non Forêt,Non Forêt
263,4196,Forêt,Non Forêt
263,4197,Forêt,Non Forêt
263,4198,Non Forêt,Non Forêt
263,4199,Non Forêt,Non Forêt
263,4200,Non Forêt,Non Forêt
263,4201,Non Forêt,Non Forêt
264,4209,Forêt,Non Forêt
264,4210,Non Forêt,Non Forêt
264,4211,Non Forêt,Non Forêt
264,4212,Forêt,Non Forêt
264,4213,Forêt,Non Forêt
264,4214,Forêt,Non Forêt
264,4215,Forêt,Non Forêt
264,4216,Forêt,Non Forêt
264,4217,Non Forêt,Non Forêt
265,4225,Non Forêt,Non Forêt
265,4226,Non Forêt,Non Forêt
265,4227,Non Forêt,Non Forêt
265,4228,Non Forêt,Non Forêt
265,4229,Non Forêt,Non Forêt
265,4230,Non Forêt,Non Forêt
265,4231,Non Forêt,Non Forêt
265,4232,Non Forêt,Non Forêt
265,4233,Non Forêt,Non Forêt
266,4241,Forêt,Non Forêt
266,4242,Forêt,Non Forêt
266,4243,Forêt,Non Forêt
266,4244,Forêt,Forêt
266,4245,Forêt,Forêt
266,4246,Forêt,Forêt
266,4247,Forêt,Non Forêt
266,4248,Forêt,Forêt
266,4249,Forêt,Forêt
267,4257,Forêt,Forêt
267,4258,Forêt,Forêt
267,4259,Non Forêt,Non Forêt
267,4260,Forêt,Forêt
267,4261,Non Forêt,Non Forêt
267,4262,Forêt,Non Forêt
267,4263,Forêt,Forêt
267,4264,Forêt,Forêt
267,4265,Forêt,Forêt
268,4273,Non Forêt,Forêt
268,4274,Non Forêt,Non Forêt
268,4275,Non Forêt,Non Forêt
268,4276,Non Forêt,Non Forêt
268,4277,Non Forêt,Non Forêt
268,4278,Non Forêt,Non Forêt
268,4279,Non Forêt,Non Forêt
268,4280,Non Forêt,Non Forêt
268,4281,Non Forêt,Non Forêt
269,4289,Forêt,Non Forêt
269,4290,Forêt,Non Forêt
269,4291,Forêt,Non Forêt
269,4292,Forêt,Non Forêt
269,4293,Forêt,Non Forêt
269,4294,Forêt,Non Forêt
269,4295,Forêt,Non Forêt
269,4296,Forêt,Non Forêt
269,4297,Forêt,Non Forêt
270,4305,Forêt,Non Forêt
270,4306,Forêt,Non Forêt
270,4307,Forêt,Non Forêt
270,4308,Forêt,Non Forêt
270,4309,Forêt,Non Forêt
270,4310,Forêt,Non Forêt
270,4311,Forêt,Non Forêt
270,4312,Forêt,Non Forêt
270,4313,Forêt,Non Forêt
271,4321,Non Forêt,Non Forêt
271,4322,Non Forêt,Non Forêt
271,4323,Forêt,Non Forêt
271,4324,Non Forêt,Non Forêt
271,4325,Non Forêt,Non Forêt
271,4326,Non Forêt,Non Forêt
271,4327,Non Forêt,Non Forêt
271,4328,Non Forêt,Non Forêt
271,4329,Non Forêt,Non Forêt
272,4337,Non Forêt,Non Forêt
272,4338,Non Forêt,Non Forêt
272,4339,Non Forêt,Non Forêt
272,4340,Non Forêt,Non Forêt
272,4341,Non Forêt,Non Forêt
272,4342,Non Forêt,Non Forêt
272,4343,Non Forêt,Non Forêt
272,4344,Non Forêt,Non Forêt
272,4345,Non Forêt,Non Forêt
273,4353,Non Forêt,Non Forêt
273,4354,Non Forêt,Non Forêt
273,4355,Non Forêt,Non Forêt
273,4356,Non Forêt,Non Forêt
273,4357,Non Forêt,Non Forêt
273,4358,Non Forêt,Non Forêt
273,4359,Non Forêt,Non Forêt
273,4360,Non Forêt,Non Forêt
273,4361,Non Forêt,Non Forêt
274,4369,Non Forêt,Non Forêt
274,4370,Forêt,Non Forêt
274,4371,Forêt,Forêt
274,4372,Non Forêt,Non Forêt
274,4373,Non Forêt,Forêt
274,4374,Forêt,Forêt
274,4375,Non Forêt,Non Forêt
274,4376,Forêt,Non Forêt
274,4377,Forêt,Forêt
275,4385,Forêt,Non Forêt
275,4386,Forêt,Non Forêt
275,4387,Forêt,Non Forêt
275,4388,Non Forêt,Non Forêt
275,4389,Forêt,Non Forêt
275,4390,Forêt,Non Forêt
275,4391,Forêt,Non Forêt
275,4392,Non Forêt,Non Forêt
275,4393,Forêt,Non Forêt
276,4401,Non Forêt,Non Forêt
276,4402,Non Forêt,Non Forêt
276,4403,Non Forêt,Non Forêt
276,4404,Non Forêt,Non Forêt
276,4405,Non Forêt,Non Forêt
276,4406,Non Forêt,Non Forêt
276,4407,Non Forêt,Non Forêt
276,4408,Forêt,Non Forêt
276,4409,Forêt,Non Forêt
277,4417,Non Forêt,Non Forêt
277,4418,Forêt,Non Forêt
277,4419,Forêt,Non Forêt
277,4420,Non Forêt,Non Forêt
277,4421,Non Forêt,Non Forêt
277,4422,Non Forêt,Non Forêt
277,4423,Non Forêt,Non Forêt
277,4424,Non Forêt,Non Forêt
277,4425,Non Forêt,Non Forêt
278,4433,Non Forêt,Non Forêt
278,4434,Forêt,Forêt
278,4435,Forêt,Forêt
278,4436,Forêt,Non Forêt
278,4437,Forêt,Non Forêt
278,4438,Forêt,Forêt
278,4439,Forêt,Non Forêt
278,4440,Forêt,Forêt
278,4441,Forêt,Non Forêt
279,4449,Non Forêt,Non Forêt
279,4450,Non Forêt,Non Forêt
279,4451,Non Forêt,Non Forêt
279,4452,Non Forêt,Non Forêt
279,4453,Non Forêt,Non Forêt
279,4454,Non Forêt,Non Forêt
279,4455,Non Forêt,Non Forêt
279,4456,Non Forêt,Non Forêt
279,4457,Non Forêt,Non Forêt
280,4465,Forêt,Non Forêt
280,4466,Non Forêt,Non Forêt
280,4467,Non Forêt,Non Forêt
280,4468,Forêt,Non Forêt
280,4469,Non Forêt,Non Forêt
280,4470,Non Forêt,Non Forêt
280,4471,Forêt,Non Forêt
280,4472,Non Forêt,Non Forêt
280,4473,Non Forêt,Non Forêt
281,4481,Non Forêt,Non Forêt
281,4482,Non Forêt,Non Forêt
281,4483,Non Forêt,Non Forêt
281,4484,Non Forêt,Non Forêt
281,4485,Non Forêt,Non Forêt
281,4486,Non Forêt,Non Forêt
281,4487,Non Forêt,Non Forêt
281,4488,Non Forêt,Non Forêt
281,4489,Non Forêt,Non Forêt
282,4497,Non Forêt,Non Forêt
282,4498,Non Forêt,Non Forêt
282,4499,Non Forêt,Non Forêt
282,4500,Non Forêt,Non Forêt
282,4501,Non Forêt,Non Forêt
282,4502,Non Forêt,Non Forêt
282,4503,Non Forêt,Non Forêt
282,4504,Non Forêt,Non Forêt
282,4505,Non Forêt,Non Forêt
283,4513,Non Forêt,Non Forêt
283,4514,Non Forêt,Non Forêt
283,4515,Non Forêt,Non Forêt
283,4516,Non Forêt,Non Forêt
283,4517,Non Forêt,Non Forêt
283,4518,Non Forêt,Non Forêt
283,4519,Non Forêt,Non Forêt
283,4520,Non Forêt,Non Forêt
283,4521,Non Forêt,Non Forêt
284,4529,Forêt,Forêt
284,4530,Forêt,Forêt
284,4531,Forêt,Forêt
284,4532,Forêt,Forêt
284,4533,Forêt,Forêt
284,4534,Non Forêt,Forêt
284,4535,Forêt,Forêt
284,4536,Forêt,Forêt
284,4537,Non Forêt,Non Forêt
285,4545,Forêt,Forêt
285,4546,Forêt,Forêt
285,4547,Forêt,Forêt
285,4548,Forêt,Forêt
285,4549,Forêt,Forêt
285,4550,Forêt,Forêt
285,4551,Forêt,Forêt
285,4552,Forêt,Forêt
285,4553,Forêt,Forêt
286,4561,Non Forêt,Non Forêt
286,4562,Non Forêt,Non Forêt
286,4563,Non Forêt,Non Forêt
286,4564,Non Forêt,Non Forêt
286,4565,Non Forêt,Non Forêt
286,4566,Non Forêt,Non Forêt
286,4567,Non Forêt,Non Forêt
286,4568,Non Forêt,Non Forêt
286,4569,Non Forêt,Non Forêt
287,4577,Forêt,Forêt
287,4578,Forêt,Forêt
287,4579,Forêt,Forêt
287,4580,Forêt,Forêt
287,4581,Forêt,Forêt
287,4582,Non Forêt,Forêt
287,4583,Non Forêt,Forêt
287,4584,Non Forêt,Non Forêt
287,4585,Non Forêt,Non Forêt
288,4593,Non Forêt,Non Forêt
288,4594,Non Forêt,Non Forêt
288,4595,Non Forêt,Non Forêt
288,4596,Non Forêt,Non Forêt
288,4597,Non Forêt,Non Forêt
288,4598,Non Forêt,Non Forêt
288,4599,Non Forêt,Non Forêt
288,4600,Non Forêt,Non Forêt
288,4601,Non Forêt,Non Forêt
289,4609,Non Forêt,Non Forêt
289,4610,Non Forêt,Non Forêt
289,4611,Non Forêt,Non Forêt
289,4612,Non Forêt,Non Forêt
289,4613,Non Forêt,Non Forêt
289,4614,Non Forêt,Non Forêt
289,4615,Non Forêt,Non Forêt
289,4616,Non Forêt,Non Forêt
289,4617,Non Forêt,Non Forêt
290,4625,Non Forêt,Non Forêt
290,4626,Non Forêt,Non Forêt
290,4627,Non Forêt,Non Forêt
290,4628,Non Forêt,Non Forêt
290,4629,Non Forêt,Non Forêt
290,4630,Non Forêt,Non Forêt
290,4631,Non Forêt,Non Forêt
290,4632,Non Forêt,Non Forêt
290,4633,Non Forêt,Non Forêt
291,4641,Non Forêt,Non Forêt
291,4642,Non Forêt,Non Forêt
291,4643,Non Forêt,Non Forêt
291,4644,Non Forêt,Non Forêt
291,4645,Non Forêt,Non Forêt
291,4646,Non Forêt,Non Forêt
291,4647,Non Forêt,Non Forêt
291,4648,Non Forêt,Non Forêt
291,4649,Non Forêt,Non Forêt
292,4657,Non Forêt,Non Forêt
292,4658,Non Forêt,Non Forêt
292,4659,Non Forêt,Non Forêt
292,4660,Non Forêt,Non Forêt
292,4661,Non Forêt,Non Forêt
292,4662,Non Forêt,Non Forêt
292,4663,Non Forêt,Non Forêt
292,4664,Non Forêt,Non Forêt
292,4665,Non Forêt,Non Forêt
293,4673,Non Forêt,Non Forêt
293,4674,Non Forêt,Non Forêt
293,4675,Non Forêt,Non Forêt
293,4676,Non Forêt,Non Forêt
293,4677,Non Forêt,Forêt
293,4678,Non Forêt,Forêt
293,4679,Non Forêt,Non Forêt
293,4680,Non Forêt,Non Forêt
293,4681,Non Forêt,Non Forêt
294,4689,Non Forêt,Non Forêt
294,4690,Non Forêt,Non Forêt
294,4691,Non Forêt,Non Forêt
294,4692,Non Forêt,Non Forêt
294,4693,Non Forêt,Non Forêt
294,4694,Non Forêt,Non Forêt
294,4695,Non Forêt,Non Forêt
294,4696,Non Forêt,Non Forêt
294,4697,Non Forêt,Non Forêt
295,4705,Forêt,Non Forêt
295,4706,Forêt,Non Forêt
295,4707,Forêt,Forêt
295,4708,Forêt,Non Forêt
295,4709,Forêt,Forêt
295,4710,Forêt,Forêt
295,4711,Forêt,Forêt
295,4712,Forêt,Forêt
295,4713,Forêt,Forêt
296,4721,Non Forêt,Non Forêt
296,4722,Non Forêt,Non Forêt
296,4723,Non Forêt,Non Forêt
296,4724,Non Forêt,Non Forêt
296,4725,Non Forêt,Non Forêt
296,4726,Non Forêt,Non Forêt
296,4727,Non Forêt,Non Forêt
296,4728,Non Forêt,Non Forêt
296,4729,Non Forêt,Non Forêt
297,4737,Non Forêt,Non Forêt
297,4738,Non Forêt,Non Forêt
297,4739,Non Forêt,Non Forêt
297,4740,Non Forêt,Non Forêt
297,4741,Non Forêt,Non Forêt
297,4742,Non Forêt,Non Forêt
297,4743,Non Forêt,Non Forêt
297,4744,Non Forêt,Non Forêt
297,4745,Non Forêt,Non Forêt
298,4753,Non Forêt,Non Forêt
298,4754,Non Forêt,Non Forêt
298,4755,Non Forêt,Non Forêt
298,4756,Non Forêt,Non Forêt
298,4757,Non Forêt,Non Forêt
298,4758,Non Forêt,Non Forêt
298,4759,Non Forêt,Non Forêt
298,4760,Non Forêt,Non Forêt
298,4761,Non Forêt,Non Forêt
299,4769,Non Forêt,Non Forêt
299,4770,Non Forêt,Non Forêt
299,4771,Non Forêt,Non Forêt
299,4772,Forêt,Non Forêt
299,4773,Non Forêt,Forêt
299,4774,Forêt,Non Forêt
299,4775,Non Forêt,Non Forêt
299,4776,Forêt,Forêt
299,4777,Non Forêt,Non Forêt
300,4785,Non Forêt,Non Forêt
300,4786,Non Forêt,Non Forêt
300,4787,Non Forêt,Non Forêt
300,4788,Non Forêt,Non Forêt
300,4789,Non Forêt,Non Forêt
300,4790,Non Forêt,Non Forêt
300,4791,Non Forêt,Non Forêt
300,4792,Non Forêt,Non Forêt
300,4793,Non Forêt,Non Forêt
301,4801,Forêt,Non Forêt
301,4802,Non Forêt,Non Forêt
301,4803,Non Forêt,Non Forêt
301,4804,Non Forêt,Non Forêt
301,4805,Non Forêt,Non Forêt
301,4806,Non Forêt,Non Forêt
301,4807,Non Forêt,Non Forêt
301,4808,Non Forêt,Non Forêt
301,4809,Non Forêt,Non Forêt
302,4817,Non Forêt,Non Forêt
302,4818,Non Forêt,Non Forêt
302,4819,Non Forêt,Non Forêt
302,4820,Non Forêt,Non Forêt
302,4821,Non Forêt,Non Forêt
302,4822,Non Forêt,Non Forêt
302,4823,Non Forêt,Non Forêt
302,4824,Non Forêt,Non Forêt
302,4825,Non Forêt,Non Forêt
303,4833,Non Forêt,Non Forêt
303,4834,Non Forêt,Non Forêt
303,4835,Non Forêt,Non Forêt
303,4836,Forêt,Forêt
303,4837,Non Forêt,Non Forêt
303,4838,Non Forêt,Non Forêt
303,4839,Forêt,Forêt
303,4840,Forêt,Forêt
303,4841,Non Forêt,Non Forêt
304,4849,Non Forêt,Non Forêt
304,4850,Forêt,Non Forêt
304,4851,Forêt,Non Forêt
304,4852,Non Forêt,Non Forêt
304,4853,Forêt,Non Forêt
304,4854,Forêt,Forêt
304,4855,Non Forêt,Non Forêt
304,4856,Non Forêt,Non Forêt
304,4857,Forêt,Non Forêt
305,4865,Non Forêt,Non Forêt
305,4866,Forêt,Non Forêt
305,4867,Forêt,Forêt
305,4868,Non Forêt,Non Forêt
305,4869,Forêt,Non Forêt
305,4870,Forêt,Non Forêt
305,4871,Non Forêt,Non Forêt
305,4872,Non Forêt,Non Forêt
305,4873,Forêt,Forêt
306,4881,Forêt,Non Forêt
306,4882,Non Forêt,Non Forêt
306,4883,Non Forêt,Non Forêt
306,4884,Forêt,Non Forêt
306,4885,Forêt,Non Forêt
306,4886,Non Forêt,Non Forêt
306,4887,Forêt,Non Forêt
306,4888,Forêt,Non Forêt
306,4889,Forêt,Non Forêt
307,4897,Non Forêt,Non Forêt
307,4898,Non Forêt,Non Forêt
307,4899,Non Forêt,Non Forêt
307,4900,Non Forêt,Non Forêt
307,4901,Non Forêt,Non Forêt
307,4902,Non Forêt,Non Forêt
307,4903,Non Forêt,Non Forêt
307,4904,Non Forêt,Non Forêt
307,4905,Non Forêt,Non Forêt
308,4913,Non Forêt,Non Forêt
308,4914,Non Forêt,Non Forêt
308,4915,Non Forêt,Non Forêt
308,4916,Non Forêt,Non Forêt
308,4917,Non Forêt,Non Forêt
308,4918,Non Forêt,Non Forêt
308,4919,Non Forêt,Non Forêt
308,4920,Non Forêt,Non Forêt
308,4921,Non Forêt,Non Forêt
309,4929,Non Forêt,Non Forêt
309,4930,Non Forêt,Non Forêt
309,4931,Non Forêt,Non Forêt
309,4932,Non Forêt,Non Forêt
309,4933,Non Forêt,Non Forêt
309,4934,Non Forêt,Non Forêt
309,4935,Non Forêt,Non Forêt
309,4936,Non Forêt,Non Forêt
309,4937,Forêt,Non Forêt
310,4945,Non Forêt,Non Forêt
310,4946,Non Forêt,Non Forêt
310,4947,Non Forêt,Non Forêt
310,4948,Non Forêt,Non Forêt
310,4949,Non Forêt,Non Forêt
310,4950,Non Forêt,Non Forêt
310,4951,Non Forêt,Non Forêt
310,4952,Non Forêt,Forêt
310,4953,Non Forêt,Non Forêt
311,4961,Non Forêt,Non Forêt
311,4962,Non Forêt,Non Forêt
311,4963,Non Forêt,Non Forêt
311,4964,Non Forêt,Non Forêt
311,4965,Non Forêt,Non Forêt
311,4966,Non Forêt,Non Forêt
311,4967,Non Forêt,Non Forêt
311,4968,Non Forêt,Non Forêt
311,4969,Non Forêt,Non Forêt
312,4977,Non Forêt,Non Forêt
312,4978,Non Forêt,Non Forêt
312,4979,Non Forêt,Non Forêt
312,4980,Non Forêt,Non Forêt
312,4981,Non Forêt,Non Forêt
312,4982,Non Forêt,Non Forêt
312,4983,Non Forêt,Non Forêt
312,4984,Non Forêt,Non Forêt
312,4985,Non Forêt,Non Forêt
313,4993,Non Forêt,Non Forêt
313,4994,Non Forêt,Non Forêt
313,4995,Non Forêt,Non Forêt
313,4996,Non Forêt,Non Forêt
313,4997,Non Forêt,Non Forêt
313,4998,Non Forêt,Non Forêt
313,4999,Non Forêt,Non Forêt
313,5000,Non Forêt,Non Forêt
313,5001,Non Forêt,Non Forêt
314,5009,Non Forêt,Non Forêt
314,5010,Non Forêt,Non Forêt
314,5011,Non Forêt,Non Forêt
314,5012,Non Forêt,Non Forêt
314,5013,Non Forêt,Non Forêt
314,5014,Non Forêt,Non Forêt
314,5015,Forêt,Forêt
314,5016,Forêt,Non Forêt
314,5017,Non Forêt,Non Forêt
315,5025,Non Forêt,Non Forêt
315,5026,Non Forêt,Non Forêt
315,5027,Non Forêt,Non Forêt
315,5028,Non Forêt,Non Forêt
315,5029,Non Forêt,Non Forêt
315,5030,Non Forêt,Non Forêt
315,5031,Non Forêt,Non Forêt
315,5032,Non Forêt,Non Forêt
315,5033,Non Forêt,Non Forêt
316,5041,Non Forêt,Forêt
316,5042,Forêt,Forêt
316,5043,Forêt,Forêt
316,5044,Non Forêt,Non Forêt
316,5045,Forêt,Forêt
316,5046,Forêt,Non Forêt
316,5047,Non Forêt,Non Forêt
316,5048,Forêt,Forêt
316,5049,Forêt,Forêt
317,5057,Non Forêt,Non Forêt
317,5058,Non Forêt,Non Forêt
317,5059,Non Forêt,Non Forêt
317,5060,Non Forêt,Non Forêt
317,5061,Non Forêt,Non Forêt
317,5062,Forêt,Non Forêt
317,5063,Non Forêt,Non Forêt
317,5064,Non Forêt,Non Forêt
317,5065,Non Forêt,Non Forêt
318,5073,Forêt,Non Forêt
318,5074,Non Forêt,Non Forêt
318,5075,Non Forêt,Non Forêt
318,5076,Non Forêt,Non Forêt
318,5077,Non Forêt,Non Forêt
318,5078,Non Forêt,Non Forêt
318,5079,Non Forêt,Non Forêt
318,5080,Non Forêt,Non Forêt
318,5081,Non Forêt,Non Forêt
319,5089,Non Forêt,Non Forêt
319,5090,Non Forêt,Non Forêt
319,5091,Non Forêt,Non Forêt
319,5092,Non Forêt,Non Forêt
319,5093,Non Forêt,Non Forêt
319,5094,Non Forêt,Non Forêt
319,5095,Non Forêt,Non Forêt
319,5096,Non Forêt,Non Forêt
319,5097,Non Forêt,Non Forêt
320,5105,Non Forêt,Non Forêt
320,5106,Non Forêt,Non Forêt
320,5107,Non Forêt,Non Forêt
320,5108,Non Forêt,Non Forêt
320,5109,Non Forêt,Non Forêt
320,5110,Non Forêt,Non Forêt
320,5111,Non Forêt,Non Forêt
320,5112,Non Forêt,Non Forêt
320,5113,Non Forêt,Non Forêt
321,5121,Non Forêt,Non Forêt
321,5122,Forêt,Non Forêt
321,5123,Non Forêt,Non Forêt
321,5124,Non Forêt,Non Forêt
321,5125,Forêt,Non Forêt
321,5126,Forêt,Forêt
321,5127,Forêt,Forêt
321,5128,Forêt,Forêt
321,5129,Forêt,Non Forêt
322,5137,Non Forêt,Forêt
322,5138,Non Forêt,Forêt
322,5139,Non Forêt,Non Forêt
322,5140,Non Forêt,Forêt
322,5141,Forêt,Non Forêt
322,5142,Non Forêt,Non Forêt
322,5143,Forêt,Non Forêt
322,5144,Forêt,Non Forêt
322,5145,Non Forêt,Non Forêt
323,5153,Non Forêt,Non Forêt
323,5154,Forêt,Non Forêt
323,5155,Non Forêt,Non Forêt
323,5156,Non Forêt,Non Forêt
323,5157,Forêt,Forêt
323,5158,Non Forêt,Non Forêt
323,5159,Non Forêt,Non Forêt
323,5160,Non Forêt,Non Forêt
323,5161,Non Forêt,Non Forêt
324,5169,Non Forêt,Non Forêt
324,5170,Non Forêt,Non Forêt
324,5171,Non Forêt,Non Forêt
324,5172,Non Forêt,Non Forêt
324,5173,Non Forêt,Non Forêt
324,5174,Non Forêt,Non Forêt
324,5175,Non Forêt,Non Forêt
324,5176,Non Forêt,Non Forêt
324,5177,Non Forêt,Non Forêt
325,5185,Non Forêt,Non Forêt
325,5186,Non Forêt,Forêt
325,5187,Non Forêt,Forêt
325,5188,Non Forêt,Non Forêt
325,5189,Non Forêt,Non Forêt
325,5190,Forêt,Forêt
325,5191,Non Forêt,Non Forêt
325,5192,Non Forêt,Forêt
325,5193,Forêt,Forêt
326,5201,Non Forêt,Non Forêt
326,5202,Non Forêt,Non Forêt
326,5203,Non Forêt,Non Forêt
326,5204,Non Forêt,Non Forêt
326,5205,Non Forêt,Non Forêt
326,5206,Non Forêt,Non Forêt
326,5207,Non Forêt,Non Forêt
326,5208,Non Forêt,Non Forêt
326,5209,Non Forêt,Non Forêt
327,5217,Non Forêt,Non Forêt
327,5218,Non Forêt,Non Forêt
327,5219,Non Forêt,Non Forêt
327,5220,Non Forêt,Non Forêt
327,5221,Non Forêt,Non Forêt
327,5222,Non Forêt,Non Forêt
327,5223,Non Forêt,Non Forêt
327,5224,Non Forêt,Non Forêt
327,5225,Non Forêt,Non Forêt
328,5233,Forêt,Non Forêt
328,5234,Non Forêt,Non Forêt
328,5235,Forêt,Forêt
328,5236,Forêt,Non Forêt
328,5237,Forêt,Non Forêt
328,5238,Forêt,Non Forêt
328,5239,Non Forêt,Non Forêt
328,5240,Forêt,Non Forêt
328,5241,Forêt,Forêt
329,5249,Non Forêt,Non Forêt
329,5250,Non Forêt,Non Forêt
329,5251,Non Forêt,Non Forêt
329,5252,Non Forêt,Non Forêt
329,5253,Non Forêt,Non Forêt
329,5254,Non Forêt,Non Forêt
329,5255,Non Forêt,Non Forêt
329,5256,Non Forêt,Non Forêt
329,5257,Non Forêt,Non Forêt
330,5265,Forêt,Forêt
330,5266,Forêt,Non Forêt
330,5267,Non Forêt,Non Forêt
330,5268,Forêt,Forêt
330,5269,Non Forêt,Non Forêt
330,5270,Non Forêt,Non Forêt
330,5271,Non Forêt,Non Forêt
330,5272,Non Forêt,Non Forêt
330,5273,Non Forêt,Non Forêt
331,5281,Non Forêt,Forêt
331,5282,Non Forêt,Non Forêt
331,5283,Non Forêt,Non Forêt
331,5284,Non Forêt,Non Forêt
331,5285,Non Forêt,Non Forêt
331,5286,Non Forêt,Non Forêt
331,5287,Non Forêt,Non Forêt
331,5288,Non Forêt,Non Forêt
331,5289,Non Forêt,Non Forêt
332,5297,Forêt,Non Forêt
332,5298,Forêt,Non Forêt
332,5299,Forêt,Non Forêt
332,5300,Forêt,Non Forêt
332,5301,Forêt,Non Forêt
332,5302,Forêt,Non Forêt
332,5303,Forêt,Non Forêt
332,5304,Forêt,Non Forêt
332,5305,Forêt,Non Forêt
333,5313,Non Forêt,Non Forêt
333,5314,Non Forêt,Non Forêt
333,5315,Non Forêt,Non Forêt
333,5316,Non Forêt,Non Forêt
333,5317,Non Forêt,Non Forêt
333,5318,Non Forêt,Non Forêt
333,5319,Non Forêt,Non Forêt
333,5320,Non Forêt,Non Forêt
333,5321,Non Forêt,Non Forêt
334,5329,Non Forêt,Non Forêt
334,5330,Non Forêt,Non Forêt
334,5331,Non Forêt,Non Forêt
334,5332,Non Forêt,Non Forêt
334,5333,Non Forêt,Non Forêt
334,5334,Non Forêt,Non Forêt
334,5335,Non Forêt,Non Forêt
334,5336,Non Forêt,Non Forêt
334,5337,Non Forêt,Non Forêt
335,5345,Non Forêt,Non Forêt
335,5346,Non Forêt,Non Forêt
335,5347,Non Forêt,Forêt
335,5348,Non Forêt,Forêt
335,5349,Non Forêt,Forêt
335,5350,Non Forêt,Forêt
335,5351,Non Forêt,Forêt
335,5352,Non Forêt,Forêt
335,5353,Non Forêt,Forêt
336,5361,Forêt,Non Forêt
336,5362,Forêt,Forêt
336,5363,Forêt,Forêt
336,5364,Non Forêt,Non Forêt
336,5365,Forêt,Non Forêt
336,5366,Non Forêt,Non Forêt
336,5367,Non Forêt,Non Forêt
336,5368,Forêt,Non Forêt
336,5369,Non Forêt,Non Forêt
337,5377,Forêt,Non Forêt
337,5378,Forêt,Forêt
337,5379,Non Forêt,Non Forêt
337,5380,Non Forêt,Non Forêt
337,5381,Forêt,Non Forêt
337,5382,Non Forêt,Non Forêt
337,5383,Non interprétable,Non Forêt
337,5384,Non interprétable,Non Forêt
337,5385,Non interprétable,Non Forêt
338,5393,Forêt,Non Forêt
338,5394,Non Forêt,Forêt
338,5395,Non Forêt,Non Forêt
338,5396,Forêt,Non Forêt
338,5397,Forêt,Non Forêt
338,5398,Non Forêt,Non Forêt
338,5399,Forêt,Non Forêt
338,5400,Forêt,Non Forêt
338,5401,Forêt,Non Forêt
339,5409,Non Forêt,Non Forêt
339,5410,Non Forêt,Non Forêt
339,5411,Non Forêt,Non Forêt
339,5412,Non Forêt,Non Forêt
339,5413,Non Forêt,Non Forêt
339,5414,Non Forêt,Non Forêt
339,5415,Non Forêt,Non Forêt
339,5416,Non Forêt,Non Forêt
339,5417,Non Forêt,Non Forêt
340,5425,Non Forêt,Non Forêt
340,5426,Non Forêt,Non Forêt
340,5427,Forêt,Non Forêt
340,5428,Non Forêt,Non Forêt
340,5429,Forêt,Non Forêt
340,5430,Forêt,Forêt
340,5431,Non Forêt,Non Forêt
340,5432,Non Forêt,Non Forêt
340,5433,Forêt,Forêt
341,5441,Non Forêt,Non Forêt
341,5442,Non Forêt,Non Forêt
341,5443,Non Forêt,Non Forêt
341,5444,Non Forêt,Non Forêt
341,5445,Non Forêt,Non Forêt
341,5446,Non Forêt,Non Forêt
341,5447,Non Forêt,Non Forêt
341,5448,Non Forêt,Non Forêt
341,5449,Non Forêt,Non Forêt
342,5457,Forêt,Non Forêt
342,5458,Non Forêt,Non Forêt
342,5459,Forêt,Non Forêt
342,5460,Forêt,Non Forêt
342,5461,Forêt,Non Forêt
342,5462,Forêt,Non Forêt
342,5463,Forêt,Non Forêt
342,5464,Forêt,Non Forêt
342,5465,Non Forêt,Forêt
343,5473,Non Forêt,Non Forêt
343,5474,Non Forêt,Non Forêt
343,5475,Non Forêt,Non Forêt
343,5476,Non Forêt,Non Forêt
343,5477,Non Forêt,Non Forêt
343,5478,Non Forêt,Non Forêt
343,5479,Non Forêt,Non Forêt
343,5480,Non Forêt,Non Forêt
343,5481,Non Forêt,Non Forêt
344,5489,Non Forêt,Non Forêt
344,5490,Non Forêt,Non Forêt
344,5491,Non Forêt,Non Forêt
344,5492,Non Forêt,Non Forêt
344,5493,Non Forêt,Non Forêt
344,5494,Non Forêt,Non Forêt
344,5495,Non Forêt,Non Forêt
344,5496,Non Forêt,Non Forêt
344,5497,Non Forêt,Non Forêt
345,5505,Non Forêt,Non Forêt
345,5506,Non Forêt,Non Forêt
345,5507,Non Forêt,Non Forêt
345,5508,Non Forêt,Non Forêt
345,5509,Non Forêt,Non Forêt
345,5510,Non Forêt,Non Forêt
345,5511,Non Forêt,Non Forêt
345,5512,Non Forêt,Non Forêt
345,5513,Non Forêt,Non Forêt
346,5521,Non Forêt,Non Forêt
346,5522,Non Forêt,Non Forêt
346,5523,Non Forêt,Non Forêt
346,5524,Non Forêt,Non Forêt
346,5525,Non Forêt,Non Forêt
346,5526,Non Forêt,Non Forêt
346,5527,Non Forêt,Non Forêt
346,5528,Non Forêt,Non Forêt
346,5529,Non Forêt,Non Forêt
347,5537,Forêt,Non Forêt
347,5538,Forêt,Non Forêt
347,5539,Forêt,Non Forêt
347,5540,Forêt,Non Forêt
347,5541,Forêt,Non Forêt
347,5542,Forêt,Non Forêt
347,5543,Non Forêt,Non Forêt
347,5544,Forêt,Non Forêt
347,5545,Forêt,Non Forêt
348,5553,Forêt,Non Forêt
348,5554,Non Forêt,Non Forêt
348,5555,Non Forêt,Non Forêt
348,5556,Forêt,Non Forêt
348,5557,Forêt,Non Forêt
348,5558,Non Forêt,Non Forêt
348,5559,Forêt,Non Forêt
348,5560,Forêt,Non Forêt
348,5561,Non Forêt,Non Forêt
349,5569,Forêt,Non Forêt
349,5570,Forêt,Non Forêt
349,5571,Non Forêt,Non Forêt
349,5572,Forêt,Non Forêt
349,5573,Forêt,Non Forêt
349,5574,Non Forêt,Non Forêt
349,5575,Forêt,Non Forêt
349,5576,Forêt,Non Forêt
349,5577,Forêt,Non Forêt
350,5585,Non Forêt,Non Forêt
350,5586,Non Forêt,Non Forêt
350,5587,Non Forêt,Non Forêt
350,5588,Non Forêt,Non Forêt
350,5589,Non Forêt,Non Forêt
350,5590,Non Forêt,Non Forêt
350,5591,Non Forêt,Non Forêt
350,5592,Non Forêt,Non Forêt
350,5593,Non Forêt,Non Forêt
351,5601,Non Forêt,Non Forêt
351,5602,Non Forêt,Non Forêt
351,5603,Non Forêt,Non Forêt
351,5604,Forêt,Non Forêt
351,5605,Non Forêt,Non Forêt
351,5606,Non Forêt,Non Forêt
351,5607,Forêt,Non Forêt
351,5608,Non Forêt,Non Forêt
351,5609,Non Forêt,Non Forêt
352,5617,Non Forêt,Non Forêt
352,5618,Non Forêt,Non Forêt
352,5619,Forêt,Non Forêt
352,5620,Non Forêt,Non Forêt
352,5621,Non Forêt,Non Forêt
352,5622,Forêt,Non Forêt
352,5623,Non Forêt,Non Forêt
352,5624,Non Forêt,Non Forêt
352,5625,Forêt,Non Forêt
353,5633,Non Forêt,Non Forêt
353,5634,Non Forêt,Non Forêt
353,5635,Non Forêt,Non Forêt
353,5636,Non Forêt,Non Forêt
353,5637,Non Forêt,Non Forêt
353,5638,Non Forêt,Non Forêt
353,5639,Non Forêt,Non Forêt
353,5640,Non Forêt,Non Forêt
353,5641,Non Forêt,Non Forêt
354,5649,Non Forêt,Non Forêt
354,5650,Non Forêt,Non Forêt
354,5651,Non Forêt,Non Forêt
354,5652,Non Forêt,Non Forêt
354,5653,Non Forêt,Non Forêt
354,5654,Non Forêt,Non Forêt
354,5655,Non Forêt,Non Forêt
354,5656,Non Forêt,Non Forêt
354,5657,Non Forêt,Non Forêt
355,5665,Non Forêt,Non Forêt
355,5666,Non Forêt,Non Forêt
355,5667,Non Forêt,Non Forêt
355,5668,Non Forêt,Non Forêt
355,5669,Non Forêt,Non Forêt
355,5670,Forêt,Non Forêt
355,5671,Non Forêt,Non Forêt
355,5672,Non Forêt,Non Forêt
355,5673,Forêt,Non Forêt
356,5681,Non Forêt,Non Forêt
356,5682,Non Forêt,Non Forêt
356,5683,Non Forêt,Non Forêt
356,5684,Non Forêt,Non Forêt
356,5685,Non Forêt,Non Forêt
356,5686,Non Forêt,Non Forêt
356,5687,Non Forêt,Non Forêt
356,5688,Non Forêt,Non Forêt
356,5689,Non Forêt,Non Forêt
357,5697,Forêt,Non Forêt
357,5698,Forêt,Forêt
357,5699,Non Forêt,Non Forêt
357,5700,Forêt,Forêt
357,5701,Forêt,Forêt
357,5702,Non Forêt,Non Forêt
357,5703,Forêt,Forêt
357,5704,Forêt,Forêt
357,5705,Forêt,Forêt
358,5713,Non Forêt,Non Forêt
358,5714,Non Forêt,Non Forêt
358,5715,Non Forêt,Non Forêt
358,5716,Non Forêt,Non Forêt
358,5717,Non Forêt,Non Forêt
358,5718,Non Forêt,Non Forêt
358,5719,Non Forêt,Non Forêt
358,5720,Non Forêt,Non Forêt
358,5721,Non Forêt,Non Forêt
359,5729,Non Forêt,Non Forêt
359,5730,Non Forêt,Non Forêt
359,5731,Non Forêt,Non Forêt
359,5732,Non Forêt,Non Forêt
359,5733,Non Forêt,Non Forêt
359,5734,Non Forêt,Non Forêt
359,5735,Non Forêt,Non Forêt
359,5736,Non Forêt,Non Forêt
359,5737,Non Forêt,Non Forêt
360,5745,Non Forêt,Non Forêt
360,5746,Non Forêt,Non Forêt
360,5747,Non Forêt,Non Forêt
360,5748,Forêt,Non Forêt
360,5749,Forêt,Non Forêt
360,5750,Non Forêt,Non Forêt
360,5751,Forêt,Forêt
360,5752,Forêt,Non Forêt
360,5753,Forêt,Non Forêt
361,5761,Non Forêt,Non Forêt
361,5762,Non Forêt,Non Forêt
361,5763,Non Forêt,Non Forêt
361,5764,Non Forêt,Non Forêt
361,5765,Non Forêt,Non Forêt
361,5766,Non Forêt,Non Forêt
361,5767,Non Forêt,Non Forêt
361,5768,Non Forêt,Non Forêt
361,5769,Forêt,Non Forêt
362,5777,Non Forêt,Non Forêt
362,5778,Forêt,Non Forêt
362,5779,Forêt,Non Forêt
362,5780,Non Forêt,Non Forêt
362,5781,Forêt,Non Forêt
362,5782,Forêt,Non Forêt
362,5783,Non Forêt,Non Forêt
362,5784,Non Forêt,Non Forêt
362,5785,Forêt,Non Forêt
363,5793,Forêt,Non Forêt
363,5794,Forêt,Non Forêt
363,5795,Non Forêt,Non Forêt
363,5796,Non Forêt,Non Forêt
363,5797,Forêt,Non Forêt
363,5798,Forêt,Non Forêt
363,5799,Forêt,Non Forêt
363,5800,Forêt,Non Forêt
363,5801,Forêt,Non Forêt
364,5809,Non Forêt,Non Forêt
364,5810,Non Forêt,Non Forêt
364,5811,Non Forêt,Non Forêt
364,5812,Non Forêt,Non Forêt
364,5813,Non Forêt,Non Forêt
364,5814,Non Forêt,Non Forêt
364,5815,Non Forêt,Non Forêt
364,5816,Non Forêt,Non Forêt
364,5817,Non Forêt,Non Forêt
365,5825,Non Forêt,Non Forêt
365,5826,Non Forêt,Non Forêt
365,5827,Non Forêt,Non Forêt
365,5828,Non Forêt,Non Forêt
365,5829,Non Forêt,Non Forêt
365,5830,Non Forêt,Non Forêt
365,5831,Non Forêt,Non Forêt
365,5832,Non Forêt,Non Forêt
365,5833,Non Forêt,Non Forêt
366,5841,Non Forêt,Forêt
366,5842,Non Forêt,Non Forêt
366,5843,Non Forêt,Non Forêt
366,5844,Non Forêt,Non Forêt
366,5845,Forêt,Non Forêt
366,5846,Non Forêt,Non Forêt
366,5847,Non Forêt,Non Forêt
366,5848,Forêt,Non Forêt
366,5849,Forêt,Non Forêt
367,5857,Non Forêt,Non Forêt
367,5858,Non Forêt,Non Forêt
367,5859,Non Forêt,Non Forêt
367,5860,Non Forêt,Non Forêt
367,5861,Non Forêt,Non Forêt
367,5862,Non Forêt,Non Forêt
367,5863,Non Forêt,Non Forêt
367,5864,Non Forêt,Non Forêt
367,5865,Non Forêt,Non Forêt
368,5873,Forêt,Non Forêt
368,5874,Forêt,Non Forêt
368,5875,Forêt,Non Forêt
368,5876,Forêt,Non Forêt
368,5877,Forêt,Non Forêt
368,5878,Non Forêt,Non Forêt
368,5879,Non Forêt,Non Forêt
368,5880,Forêt,Forêt
368,5881,Forêt,Forêt
369,5889,Non Forêt,Non Forêt
369,5890,Non Forêt,Non Forêt
369,5891,Non Forêt,Non Forêt
369,5892,Non Forêt,Non Forêt
369,5893,Non Forêt,Non Forêt
369,5894,Forêt,Non Forêt
369,5895,Forêt,Forêt
369,5896,Non Forêt,Non Forêt
369,5897,Non Forêt,Non Forêt
370,5905,Non Forêt,Non Forêt
370,5906,Non Forêt,Non Forêt
370,5907,Forêt,Forêt
370,5908,Non Forêt,Non Forêt
370,5909,Non Forêt,Forêt
370,5910,Forêt,Forêt
370,5911,Non Forêt,Non Forêt
370,5912,Forêt,Forêt
370,5913,Forêt,Forêt
371,5921,Non Forêt,Non Forêt
371,5922,Non Forêt,Non Forêt
371,5923,Non Forêt,Non Forêt
371,5924,Non Forêt,Non Forêt
371,5925,Non Forêt,Non Forêt
371,5926,Non Forêt,Non Forêt
371,5927,Non Forêt,Non Forêt
371,5928,Non Forêt,Non Forêt
371,5929,Non Forêt,Non Forêt
372,5937,Non Forêt,Non Forêt
372,5938,Non Forêt,Non Forêt
372,5939,Forêt,Non Forêt
372,5940,Forêt,Non Forêt
372,5941,Forêt,Non Forêt
372,5942,Non Forêt,Non Forêt
372,5943,Forêt,Non Forêt
372,5944,Forêt,Forêt
372,5945,Non Forêt,Non Forêt
373,5953,Non Forêt,Non Forêt
373,5954,Non Forêt,Non Forêt
373,5955,Non Forêt,Non Forêt
373,5956,Non Forêt,Non Forêt
373,5957,Non Forêt,Non Forêt
373,5958,Non Forêt,Non Forêt
373,5959,Non Forêt,Non Forêt
373,5960,Non Forêt,Non Forêt
373,5961,Non Forêt,Non Forêt
374,5969,Non Forêt,Non Forêt
374,5970,Non Forêt,Non Forêt
374,5971,Non Forêt,Non Forêt
374,5972,Forêt,Non Forêt
374,5973,Forêt,Non Forêt
374,5974,Forêt,Non Forêt
374,5975,Non Forêt,Non Forêt
374,5976,Non Forêt,Non Forêt
374,5977,Non Forêt,Non Forêt
375,5985,Non Forêt,Non Forêt
375,5986,Non Forêt,Non Forêt
375,5987,Non Forêt,Non Forêt
375,5988,Non Forêt,Non Forêt
375,5989,Non Forêt,Non Forêt
375,5990,Non Forêt,Non Forêt
375,5991,Non Forêt,Non Forêt
375,5992,Non Forêt,Non Forêt
375,5993,Non Forêt,Non Forêt
376,6001,Non Forêt,Non Forêt
376,6002,Non Forêt,Non Forêt
376,6003,Non Forêt,Non Forêt
376,6004,Non Forêt,Non Forêt
376,6005,Non Forêt,Non Forêt
376,6006,Non Forêt,Non Forêt
376,6007,Non Forêt,Non Forêt
376,6008,Non Forêt,Non Forêt
376,6009,Non Forêt,Non Forêt
377,6017,Non Forêt,Non Forêt
377,6018,Non Forêt,Non Forêt
377,6019,Non Forêt,Non Forêt
377,6020,Non Forêt,Non Forêt
377,6021,Non Forêt,Non Forêt
377,6022,Non Forêt,Non Forêt
377,6023,Non Forêt,Non Forêt
377,6024,Non Forêt,Non Forêt
377,6025,Non Forêt,Non Forêt
378,6033,Non Forêt,Non Forêt
378,6034,Non Forêt,Non Forêt
378,6035,Non Forêt,Non Forêt
378,6036,Non Forêt,Non Forêt
378,6037,Non Forêt,Non Forêt
378,6038,Non Forêt,Non Forêt
378,6039,Non Forêt,Non Forêt
378,6040,Non Forêt,Non Forêt
378,6041,Non Forêt,Non Forêt
379,6049,Non Forêt,Non Forêt
379,6050,Non Forêt,Non Forêt
379,6051,Non Forêt,Non Forêt
379,6052,Forêt,Non Forêt
379,6053,Forêt,Non Forêt
379,6054,Non Forêt,Non Forêt
379,6055,Forêt,Non Forêt
379,6056,Forêt,Non Forêt
379,6057,Non Forêt,Non Forêt
380,6065,Non Forêt,Non Forêt
380,6066,Non Forêt,Non Forêt
380,6067,Non Forêt,Non Forêt
380,6068,Non Forêt,Non Forêt
380,6069,Non Forêt,Non Forêt
380,6070,Non Forêt,Non Forêt
380,6071,Non Forêt,Non Forêt
380,6072,Non Forêt,Non Forêt
380,6073,Forêt,Non Forêt
381,6081,Forêt,Non Forêt
381,6082,Forêt,Forêt
381,6083,Forêt,Forêt
381,6084,Non Forêt,Non Forêt
381,6085,Non Forêt,Non Forêt
381,6086,Forêt,Forêt
381,6087,Non Forêt,Non Forêt
381,6088,Non Forêt,Non Forêt
381,6089,Non Forêt,Non Forêt
382,6097,Forêt,Non Forêt
382,6098,Forêt,Non Forêt
382,6099,Forêt,Forêt
382,6100,Forêt,Non Forêt
382,6101,Forêt,Non Forêt
382,6102,Non Forêt,Non Forêt
382,6103,Forêt,Non Forêt
382,6104,Non Forêt,Non Forêt
382,6105,Non Forêt,Non Forêt
383,6113,Forêt,Forêt
383,6114,Forêt,Forêt
383,6115,Forêt,Non Forêt
383,6116,Forêt,Forêt
383,6117,Forêt,Non Forêt
383,6118,Forêt,Forêt
383,6119,Forêt,Forêt
383,6120,Forêt,Forêt
383,6121,Forêt,Forêt
384,6129,Forêt,Forêt
384,6130,Forêt,Forêt
384,6131,Forêt,Forêt
384,6132,Forêt,Non Forêt
384,6133,Forêt,Forêt
384,6134,Forêt,Forêt
384,6135,Non Forêt,Non Forêt
384,6136,Forêt,Forêt
384,6137,Forêt,Forêt
385,6145,Non Forêt,Non Forêt
385,6146,Non Forêt,Non Forêt
385,6147,Non Forêt,Non Forêt
385,6148,Non Forêt,Non Forêt
385,6149,Non Forêt,Non Forêt
385,6150,Non Forêt,Non Forêt
385,6151,Non Forêt,Non Forêt
385,6152,Forêt,Non Forêt
385,6153,Non Forêt,Non Forêt
386,6161,Non Forêt,Non Forêt
386,6162,Forêt,Non Forêt
386,6163,Forêt,Non Forêt
386,6164,Non Forêt,Non Forêt
386,6165,Non Forêt,Non Forêt
386,6166,Non Forêt,Forêt
386,6167,Forêt,Non Forêt
386,6168,Forêt,Non Forêt
386,6169,Forêt,Non Forêt
387,6177,Non Forêt,Non Forêt
387,6178,Non Forêt,Non Forêt
387,6179,Forêt,Non Forêt
387,6180,Non Forêt,Non Forêt
387,6181,Forêt,Non Forêt
387,6182,Forêt,Non Forêt
387,6183,Non Forêt,Non Forêt
387,6184,Non Forêt,Non Forêt
387,6185,Forêt,Non Forêt
388,6193,Non Forêt,Non Forêt
388,6194,Non Forêt,Non Forêt
388,6195,Non Forêt,Non Forêt
388,6196,Non Forêt,Non Forêt
388,6197,Non Forêt,Non Forêt
388,6198,Non Forêt,Non Forêt
388,6199,Non Forêt,Non Forêt
388,6200,Non Forêt,Non Forêt
388,6201,Non Forêt,Non Forêt
389,6209,Non Forêt,Non Forêt
389,6210,Non Forêt,Non Forêt
389,6211,Non Forêt,Non Forêt
389,6212,Non Forêt,Non Forêt
389,6213,Non Forêt,Non Forêt
389,6214,Non Forêt,Non Forêt
389,6215,Non Forêt,Non Forêt
389,6216,Non Forêt,Non Forêt
389,6217,Non Forêt,Non Forêt
390,6225,Forêt,Forêt
390,6226,Forêt,Forêt
390,6227,Forêt,Forêt
390,6228,Forêt,Non Forêt
390,6229,Forêt,Forêt
390,6230,Forêt,Forêt
390,6231,Forêt,Non Forêt
390,6232,Forêt,Forêt
390,6233,Forêt,Forêt
391,6241,Forêt,Forêt
391,6242,Forêt,Forêt
391,6243,Forêt,Forêt
391,6244,Forêt,Forêt
391,6245,Non Forêt,Non Forêt
391,6246,Forêt,Forêt
391,6247,Forêt,Forêt
391,6248,Forêt,Forêt
391,6249,Forêt,Forêt
392,6257,Non Forêt,Non Forêt
392,6258,Non Forêt,Non Forêt
392,6259,Non Forêt,Non Forêt
392,6260,Non Forêt,Non Forêt
392,6261,Non Forêt,Non Forêt
392,6262,Non Forêt,Non Forêt
392,6263,Non Forêt,Non Forêt
392,6264,Non Forêt,Non Forêt
392,6265,Non Forêt,Non Forêt
393,6273,Non Forêt,Non Forêt
393,6274,Non Forêt,Non Forêt
393,6275,Non Forêt,Non Forêt
393,6276,Non Forêt,Non Forêt
393,6277,Non Forêt,Non Forêt
393,6278,Non Forêt,Non Forêt
393,6279,Non Forêt,Non Forêt
393,6280,Non Forêt,Non Forêt
393,6281,Non Forêt,Non Forêt
394,6289,Non Forêt,Non Forêt
394,6290,Non Forêt,Non Forêt
394,6291,Non Forêt,Non Forêt
394,6292,Non Forêt,Non Forêt
394,6293,Non Forêt,Non Forêt
394,6294,Non Forêt,Non Forêt
394,6295,Non Forêt,Non Forêt
394,6296,Non Forêt,Non Forêt
394,6297,Non Forêt,Non Forêt
395,6305,Forêt,Non Forêt
395,6306,Non Forêt,Non Forêt
395,6307,Forêt,Non Forêt
395,6308,Non Forêt,Non Forêt
395,6309,Forêt,Non Forêt
395,6310,Forêt,Non Forêt
395,6311,Non Forêt,Non Forêt
395,6312,Forêt,Non Forêt
395,6313,Forêt,Non Forêt
396,6321,Non Forêt,Non Forêt
396,6322,Non Forêt,Non Forêt
396,6323,Non Forêt,Non Forêt
396,6324,Non Forêt,Non Forêt
396,6325,Non Forêt,Non Forêt
396,6326,Non Forêt,Non Forêt
396,6327,Non Forêt,Non Forêt
396,6328,Non Forêt,Non Forêt
396,6329,Non Forêt,Non Forêt
397,6337,Non Forêt,Non Forêt
397,6338,Non Forêt,Non Forêt
397,6339,Non Forêt,Non Forêt
397,6340,Non Forêt,Non Forêt
397,6341,Non Forêt,Non Forêt
397,6342,Non Forêt,Non Forêt
397,6343,Non Forêt,Non Forêt
397,6344,Non Forêt,Non Forêt
397,6345,Non Forêt,Non Forêt
398,6353,Non Forêt,Non Forêt
398,6354,Non Forêt,Non Forêt
398,6355,Non Forêt,Non Forêt
398,6356,Non Forêt,Non Forêt
398,6357,Non Forêt,Non Forêt
398,6358,Non Forêt,Non Forêt
398,6359,Non Forêt,Non Forêt
398,6360,Non Forêt,Non Forêt
398,6361,Non Forêt,Non Forêt
399,6369,Non Forêt,Non Forêt
399,6370,Non Forêt,Non Forêt
399,6371,Non Forêt,Non Forêt
399,6372,Non Forêt,Non Forêt
399,6373,Non Forêt,Non Forêt
399,6374,Forêt,Forêt
399,6375,Forêt,Forêt
399,6376,Forêt,Forêt
399,6377,Forêt,Forêt
400,6385,Forêt,Non Forêt
400,6386,Forêt,Non Forêt
400,6387,Forêt,Non Forêt
400,6388,Forêt,Non Forêt
400,6389,Forêt,Non Forêt
400,6390,Non interprétable,Non Forêt
400,6391,Forêt,Non Forêt
400,6392,Non interprétable,Non Forêt
400,6393,Non interprétable,Non Forêt
401,6401,Forêt,Non Forêt
401,6402,Forêt,Non Forêt
401,6403,Forêt,Non Forêt
401,6404,Forêt,Non Forêt
401,6405,Forêt,Non Forêt
401,6406,Forêt,Non Forêt
401,6407,Forêt,Non Forêt
401,6408,Forêt,Non Forêt
401,6409,Non interprétable,Non Forêt
402,6417,Forêt,Non Forêt
402,6418,Forêt,Non Forêt
402,6419,Forêt,Non Forêt
402,6420,Forêt,Non Forêt
402,6421,Forêt,Non Forêt
402,6422,Non interprétable,Non Forêt
402,6423,Forêt,Non Forêt
402,6424,Non interprétable,Non Forêt
402,6425,Non interprétable,Non Forêt
403,6433,Forêt,Forêt
403,6434,Forêt,Forêt
403,6435,Forêt,Non Forêt
403,6436,Forêt,Forêt
403,6437,Forêt,Non Forêt
403,6438,Forêt,Non Forêt
403,6439,Forêt,Non Forêt
403,6440,Forêt,Non Forêt
403,6441,Non interprétable,Non Forêt
404,6449,Forêt,Forêt
404,6450,Forêt,Forêt
404,6451,Forêt,Forêt
404,6452,Forêt,Forêt
404,6453,Forêt,Non Forêt
404,6454,Forêt,Non Forêt
404,6455,Forêt,Non Forêt
404,6456,Forêt,Non Forêt
404,6457,Forêt,Non Forêt
405,6465,Forêt,Non Forêt
405,6466,Forêt,Non Forêt
405,6467,Forêt,Non Forêt
405,6468,Forêt,Non Forêt
405,6469,Forêt,Non Forêt
405,6470,Forêt,Non Forêt
405,6471,Forêt,Non Forêt
405,6472,Forêt,Non Forêt
405,6473,Forêt,Non Forêt
406,6481,Forêt,Non Forêt
406,6482,Forêt,Non Forêt
406,6483,Forêt,Non Forêt
406,6484,Forêt,Non Forêt
406,6485,Forêt,Non Forêt
406,6486,Forêt,Non Forêt
406,6487,Forêt,Non Forêt
406,6488,Forêt,Non Forêt
406,6489,Forêt,Non Forêt
407,6497,Non Forêt,Non Forêt
407,6498,Non Forêt,Non Forêt
407,6499,Non Forêt,Non Forêt
407,6500,Non Forêt,Non Forêt
407,6501,Non Forêt,Non Forêt
407,6502,Non Forêt,Non Forêt
407,6503,Non Forêt,Non Forêt
407,6504,Non Forêt,Non Forêt
407,6505,Non Forêt,Non Forêt
408,6513,Non Forêt,Non Forêt
408,6514,Non Forêt,Non Forêt
408,6515,Non Forêt,Non Forêt
408,6516,Non Forêt,Non Forêt
408,6517,Non Forêt,Non Forêt
408,6518,Non Forêt,Non Forêt
408,6519,Non Forêt,Non Forêt
408,6520,Non Forêt,Non Forêt
408,6521,Non Forêt,Non Forêt
409,6529,Non Forêt,Non Forêt
409,6530,Non Forêt,Forêt
409,6531,Non Forêt,Non Forêt
409,6532,Non Forêt,Non Forêt
409,6533,Forêt,Forêt
409,6534,Non Forêt,Non Forêt
409,6535,Non Forêt,Non Forêt
409,6536,Non Forêt,Non Forêt
409,6537,Non Forêt,Non Forêt
410,6545,Forêt,Non Forêt
410,6546,Forêt,Non Forêt
410,6547,Forêt,Non Forêt
410,6548,Forêt,Non Forêt
410,6549,Forêt,Non Forêt
410,6550,Forêt,Forêt
410,6551,Forêt,Non Forêt
410,6552,Forêt,Non Forêt
410,6553,Forêt,Forêt
411,6561,Non Forêt,Non Forêt
411,6562,Non Forêt,Non Forêt
411,6563,Non Forêt,Non Forêt
411,6564,Non Forêt,Non Forêt
411,6565,Non Forêt,Non Forêt
411,6566,Non Forêt,Non Forêt
411,6567,Non Forêt,Non Forêt
411,6568,Non Forêt,Non Forêt
411,6569,Non Forêt,Non Forêt
412,6577,Non Forêt,Non Forêt
412,6578,Non Forêt,Non Forêt
412,6579,Non Forêt,Non Forêt
412,6580,Non Forêt,Non Forêt
412,6581,Non Forêt,Non Forêt
412,6582,Non Forêt,Non Forêt
412,6583,Non Forêt,Non Forêt
412,6584,Non Forêt,Non Forêt
412,6585,Non Forêt,Non Forêt
413,6593,Forêt,Non Forêt
413,6594,Forêt,Non Forêt
413,6595,Forêt,Non Forêt
413,6596,Forêt,Non Forêt
413,6597,Forêt,Non Forêt
413,6598,Forêt,Non Forêt
413,6599,Forêt,Non Forêt
413,6600,Forêt,Non Forêt
413,6601,Forêt,Non Forêt
414,6609,Forêt,Non Forêt
414,6610,Forêt,Non Forêt
414,6611,Forêt,Non Forêt
414,6612,Forêt,Non Forêt
414,6613,Forêt,Non Forêt
414,6614,Forêt,Forêt
414,6615,Forêt,Non Forêt
414,6616,Forêt,Forêt
414,6617,Forêt,Forêt
415,6625,Forêt,Non Forêt
415,6626,Forêt,Non Forêt
415,6627,Forêt,Forêt
415,6628,Forêt,Non Forêt
415,6629,Forêt,Non Forêt
415,6630,Forêt,Non Forêt
415,6631,Forêt,Non Forêt
415,6632,Forêt,Non Forêt
415,6633,Forêt,Non Forêt
416,6641,Forêt,Non Forêt
416,6642,Non Forêt,Non Forêt
416,6643,Forêt,Non Forêt
416,6644,Non Forêt,Non Forêt
416,6645,Forêt,Non Forêt
416,6646,Forêt,Non Forêt
416,6647,Non Forêt,Non Forêt
416,6648,Non Forêt,Non Forêt
416,6649,Forêt,Non Forêt
417,6657,Forêt,Non Forêt
417,6658,Forêt,Non Forêt
417,6659,Forêt,Non Forêt
417,6660,Non Forêt,Non Forêt
417,6661,Non Forêt,Non Forêt
417,6662,Forêt,Non Forêt
417,6663,Forêt,Non Forêt
417,6664,Forêt,Non Forêt
417,6665,Non Forêt,Non Forêt
418,6673,Forêt,Non Forêt
418,6674,Forêt,Non Forêt
418,6675,Forêt,Non Forêt
418,6676,Forêt,Non Forêt
418,6677,Forêt,Non Forêt
418,6678,Forêt,Non Forêt
418,6679,Forêt,Non Forêt
418,6680,Forêt,Non Forêt
418,6681,Forêt,Non Forêt
419,6689,Forêt,Forêt
419,6690,Forêt,Forêt
419,6691,Forêt,Forêt
419,6692,Forêt,Non Forêt
419,6693,Forêt,Forêt
419,6694,Forêt,Forêt
419,6695,Forêt,Forêt
419,6696,Forêt,Forêt
419,6697,Forêt,Forêt
420,6705,Non Forêt,Non Forêt
420,6706,Non Forêt,Non Forêt
420,6707,Non Forêt,Non Forêt
420,6708,Non Forêt,Non Forêt
420,6709,Non Forêt,Non Forêt
420,6710,Non Forêt,Non Forêt
420,6711,Non Forêt,Non Forêt
420,6712,Non Forêt,Non Forêt
420,6713,Non Forêt,Non Forêt
421,6721,Forêt,Non Forêt
421,6722,Non Forêt,Non Forêt
421,6723,Non Forêt,Non Forêt
421,6724,Forêt,Non Forêt
421,6725,Forêt,Non Forêt
421,6726,Forêt,Non Forêt
421,6727,Forêt,Non Forêt
421,6728,Forêt,Non Forêt
421,6729,Forêt,Non Forêt
422,6737,Forêt,Non Forêt
422,6738,Forêt,Non Forêt
422,6739,Forêt,Non Forêt
422,6740,Forêt,Non Forêt
422,6741,Forêt,Non Forêt
422,6742,Forêt,Non Forêt
422,6743,Forêt,Non Forêt
422,6744,Forêt,Non Forêt
422,6745,Forêt,Non Forêt
423,6753,Forêt,Forêt
423,6754,Forêt,Non Forêt
423,6755,Forêt,Non Forêt
423,6756,Forêt,Non Forêt
423,6757,Forêt,Non Forêt
423,6758,Forêt,Non Forêt
423,6759,Forêt,Non Forêt
423,6760,Forêt,Non Forêt
423,6761,Forêt,Non Forêt
424,6769,Non Forêt,Non Forêt
424,6770,Non Forêt,Non Forêt
424,6771,Non Forêt,Forêt
424,6772,Non Forêt,Non Forêt
424,6773,Non Forêt,Non Forêt
424,6774,Non Forêt,Non Forêt
424,6775,Non Forêt,Non Forêt
424,6776,Non Forêt,Non Forêt
424,6777,Non Forêt,Non Forêt
425,6785,Forêt,Non Forêt
425,6786,Forêt,Forêt
425,6787,Forêt,Non Forêt
425,6788,Forêt,Forêt
425,6789,Forêt,Forêt
425,6790,Forêt,Non Forêt
425,6791,Forêt,Forêt
425,6792,Forêt,Forêt
425,6793,Forêt,Forêt
426,6801,Non Forêt,Non Forêt
426,6802,Non Forêt,Forêt
426,6803,Non Forêt,Non Forêt
426,6804,Non Forêt,Non Forêt
426,6805,Non Forêt,Non Forêt
426,6806,Non Forêt,Non Forêt
426,6807,Non Forêt,Non Forêt
426,6808,Non Forêt,Non Forêt
426,6809,Non Forêt,Non Forêt
427,6817,Non Forêt,Non Forêt
427,6818,Non Forêt,Non Forêt
427,6819,Non Forêt,Non Forêt
427,6820,Non Forêt,Non Forêt
427,6821,Non Forêt,Non Forêt
427,6822,Non Forêt,Non Forêt
427,6823,Non Forêt,Forêt
427,6824,Non Forêt,Forêt
427,6825,Non Forêt,Non Forêt
428,6833,Non Forêt,Non Forêt
428,6834,Non Forêt,Non Forêt
428,6835,Non Forêt,Forêt
428,6836,Non Forêt,Non Forêt
428,6837,Non Forêt,Non Forêt
428,6838,Non Forêt,Non Forêt
428,6839,Non Forêt,Non Forêt
428,6840,Non Forêt,Non Forêt
428,6841,Non Forêt,Non Forêt
429,6849,Non Forêt,Non Forêt
429,6850,Non Forêt,Non Forêt
429,6851,Non Forêt,Non Forêt
429,6852,Non Forêt,Non Forêt
429,6853,Non Forêt,Non Forêt
429,6854,Non Forêt,Non Forêt
429,6855,Non Forêt,Non Forêt
429,6856,Non Forêt,Non Forêt
429,6857,Non Forêt,Non Forêt
430,6865,Forêt,Non Forêt
430,6866,Forêt,Non Forêt
430,6867,Forêt,Forêt
430,6868,Forêt,Non Forêt
430,6869,Forêt,Non Forêt
430,6870,Forêt,Non Forêt
430,6871,Forêt,Non Forêt
430,6872,Forêt,Non Forêt
430,6873,Forêt,Non Forêt
431,6881,Forêt,Non Forêt
431,6882,Forêt,Non Forêt
431,6883,Forêt,Non Forêt
431,6884,Forêt,Non Forêt
431,6885,Forêt,Non Forêt
431,6886,Forêt,Non Forêt
431,6887,Forêt,Non Forêt
431,6888,Forêt,Non Forêt
431,6889,Forêt,Non Forêt
432,6897,Forêt,Non Forêt
432,6898,Forêt,Non Forêt
432,6899,Forêt,Non Forêt
432,6900,Forêt,Non Forêt
432,6901,Forêt,Non Forêt
432,6902,Forêt,Non Forêt
432,6903,Forêt,Non Forêt
432,6904,Forêt,Non Forêt
432,6905,Forêt,Non Forêt
433,6913,Forêt,Non Forêt
433,6914,Forêt,Non Forêt
433,6915,Forêt,Non Forêt
433,6916,Forêt,Non Forêt
433,6917,Forêt,Non Forêt
433,6918,Forêt,Non Forêt
433,6919,Forêt,Non Forêt
433,6920,Forêt,Non Forêt
433,6921,Forêt,Non Forêt
434,6929,Forêt,Non Forêt
434,6930,Forêt,Non Forêt
434,6931,Forêt,Non Forêt
434,6932,Forêt,Non Forêt
434,6933,Forêt,Non Forêt
434,6934,Forêt,Non Forêt
434,6935,Forêt,Non Forêt
434,6936,Forêt,Non Forêt
434,6937,Forêt,Non Forêt
435,6945,Forêt,Non Forêt
435,6946,Forêt,Non Forêt
435,6947,Forêt,Non Forêt
435,6948,Forêt,Non Forêt
435,6949,Forêt,Non Forêt
435,6950,Forêt,Non Forêt
435,6951,Forêt,Non Forêt
435,6952,Forêt,Non Forêt
435,6953,Forêt,Non Forêt
436,6961,Forêt,Non Forêt
436,6962,Forêt,Forêt
436,6963,Forêt,Forêt
436,6964,Forêt,Non Forêt
436,6965,Forêt,Non Forêt
436,6966,Forêt,Forêt
436,6967,Forêt,Non Forêt
436,6968,Forêt,Non Forêt
436,6969,Forêt,Non Forêt
437,6977,Forêt,Non Forêt
437,6978,Forêt,Non Forêt
437,6979,Forêt,Non Forêt
437,6980,Forêt,Non Forêt
437,6981,Forêt,Non Forêt
437,6982,Forêt,Non Forêt
437,6983,Forêt,Non Forêt
437,6984,Forêt,Non Forêt
437,6985,Forêt,Non Forêt
438,6993,Forêt,Non Forêt
438,6994,Forêt,Non Forêt
438,6995,Forêt,Non Forêt
438,6996,Forêt,Non Forêt
438,6997,Forêt,Non Forêt
438,6998,Forêt,Non Forêt
438,6999,Forêt,Non Forêt
438,7000,Forêt,Non Forêt
438,7001,Forêt,Non Forêt
439,7009,Non Forêt,Non Forêt
439,7010,Non Forêt,Non Forêt
439,7011,Non Forêt,Non Forêt
439,7012,Non Forêt,Non Forêt
439,7013,Non Forêt,Non Forêt
439,7014,Non Forêt,Non Forêt
439,7015,Non Forêt,Non Forêt
439,7016,Non Forêt,Non Forêt
439,7017,Non Forêt,Non Forêt
440,7025,Forêt,Non Forêt
440,7026,Forêt,Non Forêt
440,7027,Forêt,Non Forêt
440,7028,Forêt,Non Forêt
440,7029,Forêt,Non Forêt
440,7030,Forêt,Non Forêt
440,7031,Forêt,Non Forêt
440,7032,Forêt,Non Forêt
440,7033,Forêt,Non Forêt
441,7041,Forêt,Non Forêt
441,7042,Forêt,Forêt
441,7043,Forêt,Forêt
441,7044,Forêt,Non Forêt
441,7045,Forêt,Non Forêt
441,7046,Forêt,Non Forêt
441,7047,Forêt,Non Forêt
441,7048,Forêt,Non Forêt
441,7049,Forêt,Non Forêt
442,7057,Forêt,Forêt
442,7058,Forêt,Forêt
442,7059,Forêt,Forêt
442,7060,Forêt,Non Forêt
442,7061,Forêt,Non Forêt
442,7062,Forêt,Forêt
442,7063,Forêt,Non Forêt
442,7064,Forêt,Non Forêt
442,7065,Forêt,Non Forêt
443,7073,Forêt,Non Forêt
443,7074,Forêt,Non Forêt
443,7075,Forêt,Forêt
443,7076,Forêt,Non Forêt
443,7077,Forêt,Non Forêt
443,7078,Forêt,Non Forêt
443,7079,Forêt,Non Forêt
443,7080,Forêt,Non Forêt
443,7081,Forêt,Non Forêt
444,7089,Forêt,Non Forêt
444,7090,Forêt,Non Forêt
444,7091,Forêt,Non Forêt
444,7092,Forêt,Non Forêt
444,7093,Forêt,Non Forêt
444,7094,Forêt,Non Forêt
444,7095,Forêt,Non Forêt
444,7096,Forêt,Non Forêt
444,7097,Forêt,Non Forêt
445,7105,Non Forêt,Non Forêt
445,7106,Non Forêt,Non Forêt
445,7107,Non Forêt,Non Forêt
445,7108,Non Forêt,Non Forêt
445,7109,Non Forêt,Non Forêt
445,7110,Non Forêt,Non Forêt
445,7111,Non Forêt,Non Forêt
445,7112,Non Forêt,Non Forêt
445,7113,Non Forêt,Non Forêt
446,7121,Forêt,Non Forêt
446,7122,Forêt,Non Forêt
446,7123,Forêt,Non Forêt
446,7124,Forêt,Non Forêt
446,7125,Forêt,Non Forêt
446,7126,Forêt,Non Forêt
446,7127,Forêt,Non Forêt
446,7128,Forêt,Non Forêt
446,7129,Forêt,Non Forêt
447,7137,Non Forêt,Non Forêt
447,7138,Non Forêt,Non Forêt
447,7139,Non Forêt,Non Forêt
447,7140,Non Forêt,Non Forêt
447,7141,Non Forêt,Non Forêt
447,7142,Non Forêt,Non Forêt
447,7143,Non Forêt,Non Forêt
447,7144,Non Forêt,Non Forêt
447,7145,Non Forêt,Non Forêt
448,7153,Forêt,Non Forêt
448,7154,Forêt,Non Forêt
448,7155,Forêt,Non Forêt
448,7156,Forêt,Non Forêt
448,7157,Forêt,Non Forêt
448,7158,Forêt,Non Forêt
448,7159,Forêt,Non Forêt
448,7160,Forêt,Non Forêt
448,7161,Forêt,Non Forêt
449,7169,Forêt,Non Forêt
449,7170,Forêt,Non Forêt
449,7171,Forêt,Non Forêt
449,7172,Forêt,Non Forêt
449,7173,Forêt,Non Forêt
449,7174,Forêt,Non Forêt
449,7175,Forêt,Non Forêt
449,7176,Forêt,Non Forêt
449,7177,Forêt,Non Forêt
450,7185,Forêt,Non Forêt
450,7186,Forêt,Non Forêt
450,7187,Forêt,Non Forêt
450,7188,Forêt,Non Forêt
450,7189,Forêt,Non Forêt
450,7190,Forêt,Non Forêt
450,7191,Forêt,Non Forêt
450,7192,Forêt,Non Forêt
450,7193,Forêt,Non Forêt
451,7201,Non Forêt,Non Forêt
451,7202,Non Forêt,Non Forêt
451,7203,Non Forêt,Non Forêt
451,7204,Non Forêt,Non Forêt
451,7205,Non Forêt,Non Forêt
451,7206,Non Forêt,Non Forêt
451,7207,Non Forêt,Non Forêt
451,7208,Non Forêt,Non Forêt
451,7209,Non Forêt,Non Forêt
452,7217,Forêt,Non Forêt
452,7218,Forêt,Non Forêt
452,7219,Forêt,Non Forêt
452,7220,Forêt,Non Forêt
452,7221,Forêt,Non Forêt
452,7222,Forêt,Non Forêt
452,7223,Forêt,Non Forêt
452,7224,Forêt,Non Forêt
452,7225,Forêt,Non Forêt
453,7233,Forêt,Non Forêt
453,7234,Forêt,Non Forêt
453,7235,Forêt,Non Forêt
453,7236,Forêt,Non Forêt
453,7237,Forêt,Non Forêt
453,7238,Forêt,Non Forêt
453,7239,Forêt,Non Forêt
453,7240,Forêt,Non Forêt
453,7241,Forêt,Non Forêt
454,7249,Forêt,Non Forêt
454,7250,Forêt,Non Forêt
454,7251,Forêt,Non Forêt
454,7252,Forêt,Non Forêt
454,7253,Forêt,Non Forêt
454,7254,Forêt,Non Forêt
454,7255,Forêt,Non Forêt
454,7256,Forêt,Non Forêt
454,7257,Forêt,Non Forêt
455,7265,Forêt,Non Forêt
455,7266,Forêt,Non Forêt
455,7267,Forêt,Non Forêt
455,7268,Forêt,Non Forêt
455,7269,Forêt,Non Forêt
455,7270,Non Forêt,Non Forêt
455,7271,Forêt,Non Forêt
455,7272,Non Forêt,Non Forêt
455,7273,Non Forêt,Non Forêt
456,7281,Forêt,Non Forêt
456,7282,Forêt,Non Forêt
456,7283,Forêt,Non Forêt
456,7284,Forêt,Non Forêt
456,7285,Forêt,Non Forêt
456,7286,Forêt,Non Forêt
456,7287,Forêt,Non Forêt
456,7288,Forêt,Non Forêt
456,7289,Forêt,Non Forêt
457,7297,Forêt,Non Forêt
457,7298,Forêt,Non Forêt
457,7299,Forêt,Non Forêt
457,7300,Forêt,Non Forêt
457,7301,Forêt,Non Forêt
457,7302,Non Forêt,Non Forêt
457,7303,Forêt,Forêt
457,7304,Forêt,Non Forêt
457,7305,Non Forêt,Non Forêt
458,7313,Forêt,Non Forêt
458,7314,Forêt,Non Forêt
458,7315,Forêt,Non Forêt
458,7316,Forêt,Non Forêt
458,7317,Forêt,Non Forêt
458,7318,Forêt,Non Forêt
458,7319,Forêt,Non Forêt
458,7320,Forêt,Non Forêt
458,7321,Forêt,Non Forêt
459,7329,Forêt,Non Forêt
459,7330,Forêt,Non Forêt
459,7331,Forêt,Non Forêt
459,7332,Forêt,Non Forêt
459,7333,Forêt,Non Forêt
459,7334,Forêt,Non Forêt
459,7335,Forêt,Non Forêt
459,7336,Forêt,Non Forêt
459,7337,Forêt,Non Forêt
460,7345,Forêt,Non Forêt
460,7346,Forêt,Non Forêt
460,7347,Forêt,Non Forêt
460,7348,Forêt,Non Forêt
460,7349,Forêt,Non Forêt
460,7350,Forêt,Non Forêt
460,7351,Forêt,Non Forêt
460,7352,Forêt,Non Forêt
460,7353,Forêt,Non Forêt
461,7361,Forêt,Non Forêt
461,7362,Forêt,Non Forêt
461,7363,Forêt,Non Forêt
461,7364,Forêt,Non Forêt
461,7365,Forêt,Non Forêt
461,7366,Forêt,Non Forêt
461,7367,Forêt,Forêt
461,7368,Forêt,Non Forêt
461,7369,Forêt,Non Forêt
462,7377,Non Forêt,Non Forêt
462,7378,Non Forêt,Non Forêt
462,7379,Non interprétable,Non Forêt
462,7380,Non Forêt,Non Forêt
462,7381,Non interprétable,Non Forêt
462,7382,Non interprétable,Non Forêt
462,7383,Non interprétable,Non Forêt
462,7384,Non interprétable,Non Forêt
462,7385,Non interprétable,Non Forêt
463,7393,Forêt,Non Forêt
463,7394,Forêt,Non Forêt
463,7395,Forêt,Non Forêt
463,7396,Forêt,Non Forêt
463,7397,Forêt,Non Forêt
463,7398,Forêt,Non Forêt
463,7399,Forêt,Non Forêt
463,7400,Forêt,Non Forêt
463,7401,Forêt,Non Forêt
464,7409,Forêt,Non Forêt
464,7410,Forêt,Non Forêt
464,7411,Forêt,Non Forêt
464,7412,Forêt,Non Forêt
464,7413,Forêt,Non Forêt
464,7414,Forêt,Non Forêt
464,7415,Forêt,Non Forêt
464,7416,Forêt,Non Forêt
464,7417,Non Forêt,Non Forêt
465,7425,Forêt,Non Forêt
465,7426,Forêt,Non Forêt
465,7427,Forêt,Non Forêt
465,7428,Forêt,Non Forêt
465,7429,Forêt,Non Forêt
465,7430,Forêt,Non Forêt
465,7431,Forêt,Non Forêt
465,7432,Forêt,Non Forêt
465,7433,Forêt,Non Forêt
466,7441,Forêt,Non Forêt
466,7442,Forêt,Non Forêt
466,7443,Forêt,Non Forêt
466,7444,Forêt,Non Forêt
466,7445,Forêt,Non Forêt
466,7446,Forêt,Non Forêt
466,7447,Forêt,Non Forêt
466,7448,Forêt,Non Forêt
466,7449,Forêt,Non Forêt
467,7457,Forêt,Non Forêt
467,7458,Forêt,Non Forêt
467,7459,Forêt,Non Forêt
467,7460,Forêt,Non Forêt
467,7461,Forêt,Non Forêt
467,7462,Forêt,Non Forêt
467,7463,Forêt,Non Forêt
467,7464,Forêt,Non Forêt
467,7465,Forêt,Non Forêt
468,7473,Forêt,Non Forêt
468,7474,Forêt,Non Forêt
468,7475,Forêt,Non Forêt
468,7476,Forêt,Non Forêt
468,7477,Forêt,Non Forêt
468,7478,Forêt,Non Forêt
468,7479,Forêt,Non Forêt
468,7480,Forêt,Non Forêt
468,7481,Forêt,Non Forêt
469,7489,Forêt,Non Forêt
469,7490,Forêt,Non Forêt
469,7491,Forêt,Non Forêt
469,7492,Forêt,Non Forêt
469,7493,Forêt,Non Forêt
469,7494,Forêt,Non Forêt
469,7495,Forêt,Non Forêt
469,7496,Forêt,Non Forêt
469,7497,Forêt,Non Forêt
470,7505,Non Forêt,Non Forêt
470,7506,Non Forêt,Non Forêt
470,7507,Non Forêt,Non Forêt
470,7508,Non Forêt,Non Forêt
470,7509,Non Forêt,Non Forêt
470,7510,Non Forêt,Non Forêt
470,7511,Non Forêt,Non Forêt
470,7512,Non Forêt,Non Forêt
470,7513,Non Forêt,Non Forêt
471,7521,Forêt,Non Forêt
471,7522,Forêt,Non Forêt
471,7523,Forêt,Non Forêt
471,7524,Forêt,Non Forêt
471,7525,Forêt,Non Forêt
471,7526,Forêt,Non Forêt
471,7527,Forêt,Non Forêt
471,7528,Forêt,Non Forêt
471,7529,Forêt,Non Forêt
472,7537,Forêt,Non Forêt
472,7538,Forêt,Non Forêt
472,7539,Forêt,Non Forêt
472,7540,Forêt,Non Forêt
472,7541,Forêt,Non Forêt
472,7542,Forêt,Non Forêt
472,7543,Non Forêt,Non Forêt
472,7544,Forêt,Non Forêt
472,7545,Forêt,Non Forêt
473,7553,Forêt,Non Forêt
473,7554,Forêt,Non Forêt
473,7555,Forêt,Non Forêt
473,7556,Forêt,Non Forêt
473,7557,Forêt,Non Forêt
473,7558,Forêt,Non Forêt
473,7559,Forêt,Non Forêt
473,7560,Forêt,Non Forêt
473,7561,Forêt,Non Forêt
474,7569,Forêt,Forêt
474,7570,Forêt,Forêt
474,7571,Non Forêt,Non Forêt
474,7572,Forêt,Non Forêt
474,7573,Forêt,Non Forêt
474,7574,Non Forêt,Non Forêt
474,7575,Non Forêt,Non Forêt
474,7576,Non Forêt,Non Forêt
474,7577,Non Forêt,Non Forêt
475,7585,Non Forêt,Non Forêt
475,7586,Non Forêt,Non Forêt
475,7587,Non Forêt,Non Forêt
475,7588,Non Forêt,Non Forêt
475,7589,Non Forêt,Non Forêt
475,7590,Non Forêt,Non Forêt
475,7591,Non Forêt,Non Forêt
475,7592,Non Forêt,Non Forêt
475,7593,Non Forêt,Non Forêt
476,7601,Non Forêt,Non Forêt
476,7602,Non Forêt,Non Forêt
476,7603,Non Forêt,Non Forêt
476,7604,Forêt,Forêt
476,7605,Non Forêt,Non Forêt
476,7606,Non Forêt,Non Forêt
476,7607,Forêt,Non Forêt
476,7608,Forêt,Forêt
476,7609,Non Forêt,Non Forêt
477,7617,Non Forêt,Non Forêt
477,7618,Non Forêt,Non Forêt
477,7619,Non Forêt,Non Forêt
477,7620,Non Forêt,Non Forêt
477,7621,Non Forêt,Non Forêt
477,7622,Non Forêt,Non Forêt
477,7623,Non Forêt,Non Forêt
477,7624,Non Forêt,Non Forêt
477,7625,Non Forêt,Non Forêt
478,7633,Non Forêt,Non Forêt
478,7634,Non Forêt,Non Forêt
478,7635,Non Forêt,Non Forêt
478,7636,Non Forêt,Non Forêt
478,7637,Non Forêt,Non Forêt
478,7638,Non Forêt,Non Forêt
478,7639,Non Forêt,Non Forêt
478,7640,Non Forêt,Non Forêt
478,7641,Non Forêt,Non Forêt
479,7649,Non Forêt,Non Forêt
479,7650,Non Forêt,Non Forêt
479,7651,Non Forêt,Non Forêt
479,7652,Non Forêt,Non Forêt
479,7653,Non Forêt,Non Forêt
479,7654,Non Forêt,Non Forêt
479,7655,Forêt,Non Forêt
479,7656,Forêt,Non Forêt
479,7657,Non Forêt,Non Forêt
480,7665,Forêt,Non Forêt
480,7666,Forêt,Non Forêt
480,7667,Forêt,Non Forêt
480,7668,Forêt,Non Forêt
480,7669,Forêt,Non Forêt
480,7670,Forêt,Non Forêt
480,7671,Forêt,Non Forêt
480,7672,Forêt,Non Forêt
480,7673,Forêt,Non Forêt
481,7681,Non Forêt,Non Forêt
481,7682,Non Forêt,Non Forêt
481,7683,Non Forêt,Non Forêt
481,7684,Non Forêt,Non Forêt
481,7685,Non Forêt,Non Forêt
481,7686,Non Forêt,Non Forêt
481,7687,Non Forêt,Non Forêt
481,7688,Non Forêt,Non Forêt
481,7689,Non Forêt,Non Forêt
482,7697,Non Forêt,Non Forêt
482,7698,Non Forêt,Non Forêt
482,7699,Non Forêt,Non Forêt
482,7700,Non Forêt,Non Forêt
482,7701,Non Forêt,Non Forêt
482,7702,Non Forêt,Non Forêt
482,7703,Non Forêt,Non Forêt
482,7704,Non Forêt,Non Forêt
482,7705,Non Forêt,Non Forêt
483,7713,Non Forêt,Non Forêt
483,7714,Non Forêt,Non Forêt
483,7715,Non Forêt,Non Forêt
483,7716,Non Forêt,Non Forêt
483,7717,Non Forêt,Non Forêt
483,7718,Non Forêt,Non Forêt
483,7719,Non Forêt,Non Forêt
483,7720,Non Forêt,Non Forêt
483,7721,Non Forêt,Non Forêt
484,7729,Non Forêt,Non Forêt
484,7730,Non Forêt,Non Forêt
484,7731,Non Forêt,Non Forêt
484,7732,Non Forêt,Non Forêt
484,7733,Non Forêt,Non Forêt
484,7734,Non Forêt,Non Forêt
484,7735,Non Forêt,Non Forêt
484,7736,Non Forêt,Non Forêt
484,7737,Non Forêt,Non Forêt
485,7745,Non Forêt,Non Forêt
485,7746,Non Forêt,Non Forêt
485,7747,Non Forêt,Non Forêt
485,7748,Non Forêt,Non Forêt
485,7749,Non Forêt,Non Forêt
485,7750,Non Forêt,Non Forêt
485,7751,Non Forêt,Non Forêt
485,7752,Non Forêt,Non Forêt
485,7753,Non Forêt,Non Forêt
486,7761,Non Forêt,Non Forêt
486,7762,Non Forêt,Non Forêt
486,7763,Non Forêt,Non Forêt
486,7764,Non Forêt,Non Forêt
486,7765,Non Forêt,Non Forêt
486,7766,Forêt,Non Forêt
486,7767,Non Forêt,Non Forêt
486,7768,Forêt,Non Forêt
486,7769,Forêt,Forêt
487,7777,Forêt,Non Forêt
487,7778,Forêt,Non Forêt
487,7779,Non Forêt,Non Forêt
487,7780,Forêt,Non Forêt
487,7781,Non Forêt,Non Forêt
487,7782,Non Forêt,Non Forêt
487,7783,Non Forêt,Non Forêt
487,7784,Non Forêt,Non Forêt
487,7785,Non Forêt,Non Forêt
488,7793,Forêt,Non Forêt
488,7794,Non Forêt,Non Forêt
488,7795,Non Forêt,Non Forêt
488,7796,Forêt,Forêt
488,7797,Forêt,Non Forêt
488,7798,Non Forêt,Non Forêt
488,7799,Non Forêt,Non Forêt
488,7800,Non Forêt,Non Forêt
488,7801,Non Forêt,Non Forêt
489,7809,Non Forêt,Non Forêt
489,7810,Non Forêt,Non Forêt
489,7811,Non Forêt,Non Forêt
489,7812,Non Forêt,Non Forêt
489,7813,Non Forêt,Non Forêt
489,7814,Non Forêt,Non Forêt
489,7815,Non Forêt,Non Forêt
489,7816,Non Forêt,Non Forêt
489,7817,Non Forêt,Non Forêt
490,7825,Non Forêt,Non Forêt
490,7826,Non Forêt,Non Forêt
490,7827,Non Forêt,Non Forêt
490,7828,Non Forêt,Non Forêt
490,7829,Non Forêt,Non Forêt
490,7830,Non Forêt,Non Forêt
490,7831,Non Forêt,Non Forêt
490,7832,Non Forêt,Non Forêt
490,7833,Non Forêt,Non Forêt
491,7841,Non Forêt,Non Forêt
491,7842,Non Forêt,Non Forêt
491,7843,Non Forêt,Non Forêt
491,7844,Non Forêt,Non Forêt
491,7845,Non Forêt,Non Forêt
491,7846,Non Forêt,Non Forêt
491,7847,Non Forêt,Non Forêt
491,7848,Non Forêt,Non Forêt
491,7849,Non Forêt,Non Forêt
492,7857,Non Forêt,Non Forêt
492,7858,Non Forêt,Non Forêt
492,7859,Non Forêt,Non Forêt
492,7860,Non Forêt,Non Forêt
492,7861,Non Forêt,Non Forêt
492,7862,Non Forêt,Non Forêt
492,7863,Non Forêt,Non Forêt
492,7864,Non Forêt,Non Forêt
492,7865,Non Forêt,Non Forêt
493,7873,Forêt,Forêt
493,7874,Forêt,Forêt
493,7875,Forêt,Non Forêt
493,7876,Forêt,Non Forêt
493,7877,Forêt,Non Forêt
493,7878,Forêt,Non Forêt
493,7879,Forêt,Non Forêt
493,7880,Forêt,Non Forêt
493,7881,Forêt,Non Forêt
494,7889,Non Forêt,Non Forêt
494,7890,Non Forêt,Non Forêt
494,7891,Non Forêt,Non Forêt
494,7892,Non Forêt,Non Forêt
494,7893,Non Forêt,Non Forêt
494,7894,Non Forêt,Non Forêt
494,7895,Non Forêt,Forêt
494,7896,Non Forêt,Forêt
494,7897,Non Forêt,Non Forêt
495,7905,Forêt,Non Forêt
495,7906,Non Forêt,Non Forêt
495,7907,Non Forêt,Non Forêt
495,7908,Forêt,Non Forêt
495,7909,Non Forêt,Non Forêt
495,7910,Non Forêt,Non Forêt
495,7911,Non Forêt,Non Forêt
495,7912,Non Forêt,Non Forêt
495,7913,Non Forêt,Non Forêt
496,7921,Forêt,Non Forêt
496,7922,Forêt,Non Forêt
496,7923,Non Forêt,Non Forêt
496,7924,Forêt,Non Forêt
496,7925,Forêt,Non Forêt
496,7926,Forêt,Non Forêt
496,7927,Forêt,Non Forêt
496,7928,Forêt,Non Forêt
496,7929,Non Forêt,Non Forêt
497,7937,Forêt,Non Forêt
497,7938,Forêt,Non Forêt
497,7939,Forêt,Non Forêt
497,7940,Forêt,Non Forêt
497,7941,Forêt,Non Forêt
497,7942,Forêt,Non Forêt
497,7943,Forêt,Non Forêt
497,7944,Forêt,Non Forêt
497,7945,Forêt,Non Forêt
498,7953,Forêt,Non Forêt
498,7954,Forêt,Non Forêt
498,7955,Forêt,Non Forêt
498,7956,Forêt,Non Forêt
498,7957,Forêt,Non Forêt
498,7958,Forêt,Non Forêt
498,7959,Non Forêt,Non Forêt
498,7960,Forêt,Non Forêt
498,7961,Forêt,Non Forêt
499,7969,Forêt,Forêt
499,7970,Non Forêt,Forêt
499,7971,Non Forêt,Non Forêt
499,7972,Non Forêt,Non Forêt
499,7973,Non Forêt,Non Forêt
499,7974,Non Forêt,Non Forêt
499,7975,Non Forêt,Non Forêt
499,7976,Non Forêt,Non Forêt
499,7977,Non Forêt,Non Forêt
500,7985,Non Forêt,Non Forêt
500,7986,Non Forêt,Non Forêt
500,7987,Non Forêt,Non Forêt
500,7988,Non Forêt,Non Forêt
500,7989,Non Forêt,Non Forêt
500,7990,Non Forêt,Non Forêt
500,7991,Non Forêt,Non Forêt
500,7992,Non Forêt,Non Forêt
500,7993,Non Forêt,Non Forêt
501,8001,Forêt,Forêt
501,8002,Non interprétable,Non Forêt
501,8003,Non interprétable,Non Forêt
501,8004,Non Forêt,Non Forêt
501,8005,Non Forêt,Non Forêt
501,8006,Non interprétable,Non Forêt
501,8007,Non Forêt,Non Forêt
501,8008,Non interprétable,Non Forêt
501,8009,Forêt,Forêt
502,8017,Forêt,Forêt
502,8018,Non interprétable,Forêt
502,8019,Forêt,Forêt
502,8020,Non Forêt,Forêt
502,8021,Non Forêt,Non Forêt
502,8022,Non interprétable,Forêt
502,8023,Non Forêt,Forêt
502,8024,Non Forêt,Non Forêt
502,8025,Non Forêt,Non Forêt
503,8033,Non Forêt,Non Forêt
503,8034,Forêt,Non Forêt
503,8035,Forêt,Forêt
503,8036,Non Forêt,Non Forêt
503,8037,Non interprétable,Non Forêt
503,8038,Non Forêt,Non Forêt
503,8039,Non interprétable,Forêt
503,8040,Non Forêt,Non Forêt
503,8041,Non Forêt,Non Forêt
504,8049,Non Forêt,Non Forêt
504,8050,Non Forêt,Non Forêt
504,8051,Forêt,Forêt
504,8052,Non interprétable,Non Forêt
504,8053,Non Forêt,Non Forêt
504,8054,Forêt,Forêt
504,8055,Forêt,Forêt
504,8056,Non interprétable,Forêt
504,8057,Forêt,Forêt
505,8065,Non Forêt,Non Forêt
505,8066,Non Forêt,Non Forêt
505,8067,Non Forêt,Non Forêt
505,8068,Non Forêt,Non Forêt
505,8069,Non Forêt,Non Forêt
505,8070,Forêt,Forêt
505,8071,Non Forêt,Non Forêt
505,8072,Non Forêt,Non Forêt
505,8073,Forêt,Forêt
506,8081,Non interprétable,Non Forêt
506,8082,Non interprétable,Non Forêt
506,8083,Non interprétable,Non Forêt
506,8084,Forêt,Forêt
506,8085,Forêt,Forêt
506,8086,Non interprétable,Non Forêt
506,8087,Forêt,Forêt
506,8088,Forêt,Forêt
506,8089,Forêt,Forêt
507,8097,Non interprétable,Non Forêt
507,8098,Forêt,Non Forêt
507,8099,Non interprétable,Non Forêt
507,8100,Forêt,Forêt
507,8101,Forêt,Forêt
507,8102,Forêt,Forêt
507,8103,Forêt,Forêt
507,8104,Non interprétable,Forêt
507,8105,Forêt,Forêt
508,8113,Non interprétable,Forêt
508,8114,Non interprétable,Non Forêt
508,8115,Forêt,Non Forêt
508,8116,Non interprétable,Forêt
508,8117,Forêt,Forêt
508,8118,Forêt,Forêt
508,8119,Non interprétable,Forêt
508,8120,Forêt,Forêt
508,8121,Forêt,Forêt
509,8129,Forêt,Forêt
509,8130,Non Forêt,Non Forêt
509,8131,Non Forêt,Non Forêt
509,8132,Forêt,Forêt
509,8133,Forêt,Forêt
509,8134,Non interprétable,Non Forêt
509,8135,Non Forêt,Non Forêt
509,8136,Non Forêt,Non Forêt
509,8137,Non Forêt,Non Forêt
510,8145,Forêt,Forêt
510,8146,Forêt,Forêt
510,8147,Non Forêt,Non Forêt
510,8148,Forêt,Forêt
510,8149,Non Forêt,Non Forêt
510,8150,Non Forêt,Non Forêt
510,8151,Non Forêt,Non Forêt
510,8152,Non Forêt,Non Forêt
510,8153,Non Forêt,Non Forêt
511,8161,Non Forêt,Non Forêt
511,8162,Non Forêt,Non Forêt
511,8163,Forêt,Forêt
511,8164,Non Forêt,Non Forêt
511,8165,Forêt,Forêt
511,8166,Forêt,Forêt
511,8167,Non Forêt,Non Forêt
511,8168,Forêt,Forêt
511,8169,Forêt,Forêt
512,8177,Non interprétable,Forêt
512,8178,Non Forêt,Non Forêt
512,8179,Non Forêt,Non Forêt
512,8180,Non Forêt,Non Forêt
512,8181,Non Forêt,Non Forêt
512,8182,Non Forêt,Non Forêt
512,8183,Non Forêt,Non Forêt
512,8184,Non Forêt,Non Forêt
512,8185,Non Forêt,Non Forêt
513,8193,Forêt,Non Forêt
513,8194,Non interprétable,Forêt
513,8195,Non interprétable,Forêt
513,8196,Non interprétable,Non Forêt
513,8197,Non interprétable,Non Forêt
513,8198,Non interprétable,Non Forêt
513,8199,Non interprétable,Non Forêt
513,8200,Forêt,Non Forêt
513,8201,Non interprétable,Forêt
514,8209,Forêt,Forêt
514,8210,Forêt,Non Forêt
514,8211,Forêt,Non Forêt
514,8212,Non interprétable,Non Forêt
514,8213,Non interprétable,Non Forêt
514,8214,Non interprétable,Non Forêt
514,8215,Non interprétable,Non interprétable
514,8216,Non interprétable,Non interprétable
514,8217,Non interprétable,Non interprétable
515,8225,Forêt,Forêt
515,8226,Non Forêt,Forêt
515,8227,Non interprétable,Forêt
515,8228,Non Forêt,Forêt
515,8229,Non Forêt,Forêt
515,8230,Forêt,Forêt
515,8231,Non interprétable,Forêt
515,8232,Non interprétable,Forêt
515,8233,Non interprétable,Forêt
516,8241,Non Forêt,Non Forêt
516,8242,Non Forêt,Non Forêt
516,8243,Non Forêt,Non Forêt
516,8244,Non Forêt,Forêt
516,8245,Non Forêt,Forêt
516,8246,Non Forêt,Forêt
516,8247,Forêt,Forêt
516,8248,Forêt,Forêt
516,8249,Forêt,Forêt
517,8257,Non Forêt,Non Forêt
517,8258,Non Forêt,Non Forêt
517,8259,Non Forêt,Non Forêt
517,8260,Forêt,Forêt
517,8261,Forêt,Forêt
517,8262,Non interprétable,Forêt
517,8263,Forêt,Forêt
517,8264,Forêt,Forêt
517,8265,Forêt,Forêt
518,8273,Non Forêt,Forêt
518,8274,Non Forêt,Forêt
518,8275,Non interprétable,Forêt
518,8276,Non Forêt,Non Forêt
518,8277,Non Forêt,Non Forêt
518,8278,Non Forêt,Non Forêt
518,8279,Non Forêt,Non Forêt
518,8280,Non Forêt,Non Forêt
518,8281,Non Forêt,Non Forêt
519,8289,Non Forêt,Non Forêt
519,8290,Non Forêt,Non Forêt
519,8291,Non Forêt,Non Forêt
519,8292,Non interprétable,Non Forêt
519,8293,Non interprétable,Non Forêt
519,8294,Non interprétable,Non Forêt
519,8295,Non interprétable,Non Forêt
519,8296,Non interprétable,Forêt
519,8297,Non interprétable,Non Forêt
520,8305,Non Forêt,Non Forêt
520,8306,Non Forêt,Non Forêt
520,8307,Forêt,Forêt
520,8308,Non Forêt,Non Forêt
520,8309,Non Forêt,Non Forêt
520,8310,Non interprétable,Forêt
520,8311,Non Forêt,Non Forêt
520,8312,Non Forêt,Non Forêt
520,8313,Non Forêt,Non Forêt
521,8321,Non interprétable,Non Forêt
521,8322,Non interprétable,Forêt
521,8323,Non interprétable,Non Forêt
521,8324,Non Forêt,Non Forêt
521,8325,Non interprétable,Non Forêt
521,8326,Non interprétable,Forêt
521,8327,Non Forêt,Non Forêt
521,8328,Non Forêt,Non Forêt
521,8329,Non Forêt,Non Forêt
522,8337,Non Forêt,Non Forêt
522,8338,Non Forêt,Non Forêt
522,8339,Non Forêt,Non Forêt
522,8340,Non Forêt,Non Forêt
522,8341,Non Forêt,Non Forêt
522,8342,Non Forêt,Non Forêt
522,8343,Non Forêt,Non Forêt
522,8344,Non Forêt,Non Forêt
522,8345,Non Forêt,Non Forêt
523,8353,Non Forêt,Forêt
523,8354,Forêt,Forêt
523,8355,Non interprétable,Forêt
523,8356,Non Forêt,Non Forêt
523,8357,Non interprétable,Forêt
523,8358,Forêt,Non Forêt
523,8359,Non Forêt,Forêt
523,8360,Non Forêt,Non Forêt
523,8361,Non interprétable,Forêt
524,8369,Forêt,Non Forêt
524,8370,Non interprétable,Non Forêt
524,8371,Non interprétable,Non Forêt
524,8372,Forêt,Non Forêt
524,8373,Forêt,Non Forêt
524,8374,Non interprétable,Non Forêt
524,8375,Forêt,Forêt
524,8376,Forêt,Forêt
524,8377,Non interprétable,Non Forêt
525,8385,Non interprétable,Non Forêt
525,8386,Non interprétable,Non Forêt
525,8387,Non interprétable,Non Forêt
525,8388,Non interprétable,Forêt
525,8389,Non interprétable,Forêt
525,8390,Non interprétable,Non Forêt
525,8391,Non interprétable,Non Forêt
525,8392,Non interprétable,Non Forêt
525,8393,Non interprétable,Forêt
526,8401,Forêt,Forêt
526,8402,Forêt,Non Forêt
526,8403,Non Forêt,Non Forêt
526,8404,Non Forêt,Non Forêt
526,8405,Non Forêt,Non Forêt
526,8406,Non Forêt,Non Forêt
526,8407,Non Forêt,Non Forêt
526,8408,Non Forêt,Non Forêt
526,8409,Non Forêt,Non Forêt
527,8417,Non interprétable,Forêt
527,8418,Non interprétable,Forêt
527,8419,Non interprétable,Non Forêt
527,8420,Non interprétable,Forêt
527,8421,Non interprétable,Forêt
527,8422,Non Forêt,Non Forêt
527,8423,Forêt,Forêt
527,8424,Non Forêt,Non Forêt
527,8425,Non Forêt,Non Forêt
528,8433,Non Forêt,Forêt
528,8434,Non Forêt,Forêt
528,8435,Forêt,Forêt
528,8436,Non Forêt,Non Forêt
528,8437,Non Forêt,Non Forêt
528,8438,Non Forêt,Non Forêt
528,8439,Forêt,Forêt
528,8440,Forêt,Forêt
528,8441,Non Forêt,Non Forêt
529,8449,Non interprétable,Forêt
529,8450,Forêt,Forêt
529,8451,Forêt,Forêt
529,8452,Forêt,Forêt
529,8453,Forêt,Forêt
529,8454,Forêt,Forêt
529,8455,Non Forêt,Forêt
529,8456,Non Forêt,Forêt
529,8457,Non Forêt,Forêt
530,8465,Non Forêt,Forêt
530,8466,Non Forêt,Forêt
530,8467,Non interprétable,Forêt
530,8468,Forêt,Forêt
530,8469,Forêt,Forêt
530,8470,Forêt,Forêt
530,8471,Forêt,Forêt
530,8472,Forêt,Forêt
530,8473,Forêt,Forêt
531,8481,Non Forêt,Non Forêt
531,8482,Non Forêt,Non Forêt
531,8483,Non Forêt,Forêt
531,8484,Non Forêt,Forêt
531,8485,Non Forêt,Forêt
531,8486,Non Forêt,Forêt
531,8487,Non Forêt,Non Forêt
531,8488,Non Forêt,Forêt
531,8489,Non Forêt,Non Forêt
532,8497,Forêt,Forêt
532,8498,Forêt,Forêt
532,8499,Forêt,Forêt
532,8500,Forêt,Forêt
532,8501,Non Forêt,Forêt
532,8502,Non Forêt,Non Forêt
532,8503,Non Forêt,Forêt
532,8504,Non Forêt,Non Forêt
532,8505,Non Forêt,Non Forêt
533,8513,Non Forêt,Non Forêt
533,8514,Non Forêt,Non Forêt
533,8515,Forêt,Forêt
533,8516,Non Forêt,Non Forêt
533,8517,Non Forêt,Non Forêt
533,8518,Forêt,Forêt
533,8519,Non Forêt,Non Forêt
533,8520,Non Forêt,Non Forêt
533,8521,Non Forêt,Non Forêt
534,8529,Non Forêt,Forêt
534,8530,Non Forêt,Forêt
534,8531,Non Forêt,Forêt
534,8532,Forêt,Non Forêt
534,8533,Non Forêt,Forêt
534,8534,Forêt,Forêt
534,8535,Non Forêt,Forêt
534,8536,Non interprétable,Non Forêt
534,8537,Non interprétable,Non Forêt
535,8545,Non Forêt,Non Forêt
535,8546,Non Forêt,Forêt
535,8547,Non Forêt,Non Forêt
535,8548,Non Forêt,Non Forêt
535,8549,Forêt,Forêt
535,8550,Non Forêt,Non Forêt
535,8551,Non Forêt,Non Forêt
535,8552,Non Forêt,Non Forêt
535,8553,Non Forêt,Non Forêt
536,8561,Non Forêt,Non Forêt
536,8562,Non Forêt,Non Forêt
536,8563,Non Forêt,Non Forêt
536,8564,Non Forêt,Non Forêt
536,8565,Non Forêt,Non Forêt
536,8566,Non Forêt,Non Forêt
536,8567,Non Forêt,Non Forêt
536,8568,Non Forêt,Non Forêt
536,8569,Non Forêt,Non Forêt
537,8577,Non Forêt,Non Forêt
537,8578,Non Forêt,Non Forêt
537,8579,Non Forêt,Non Forêt
537,8580,Non Forêt,Non Forêt
537,8581,Non Forêt,Non Forêt
537,8582,Non Forêt,Non Forêt
537,8583,Non Forêt,Non Forêt
537,8584,Non Forêt,Non Forêt
537,8585,Non Forêt,Non Forêt
538,8593,Non Forêt,Non Forêt
538,8594,Non Forêt,Non Forêt
538,8595,Forêt,Forêt
538,8596,Non Forêt,Non Forêt
538,8597,Non Forêt,Non Forêt
538,8598,Forêt,Forêt
538,8599,Non Forêt,Non Forêt
538,8600,Non Forêt,Non Forêt
538,8601,Forêt,Forêt
539,8609,Non Forêt,Non Forêt
539,8610,Non Forêt,Forêt
539,8611,Non Forêt,Non Forêt
539,8612,Non Forêt,Non Forêt
539,8613,Non Forêt,Forêt
539,8614,Non Forêt,Non Forêt
539,8615,Non Forêt,Non Forêt
539,8616,Non Forêt,Non Forêt
539,8617,Non Forêt,Non Forêt
540,8625,Forêt,Forêt
540,8626,Forêt,Forêt
540,8627,Non Forêt,Non Forêt
540,8628,Non Forêt,Non Forêt
540,8629,Non Forêt,Non Forêt
540,8630,Non Forêt,Non Forêt
540,8631,Forêt,Forêt
540,8632,Forêt,Forêt
540,8633,Forêt,Non Forêt
541,8641,Non Forêt,Forêt
541,8642,Forêt,Forêt
541,8643,Non Forêt,Forêt
541,8644,Non Forêt,Non Forêt
541,8645,Non Forêt,Non Forêt
541,8646,Forêt,Forêt
541,8647,Non Forêt,Non Forêt
541,8648,Non Forêt,Non Forêt
541,8649,Non Forêt,Forêt
542,8657,Non Forêt,Non Forêt
542,8658,Non Forêt,Non Forêt
542,8659,Forêt,Forêt
542,8660,Non Forêt,Non Forêt
542,8661,Non Forêt,Non Forêt
542,8662,Forêt,Forêt
542,8663,Non Forêt,Non Forêt
542,8664,Forêt,Non Forêt
542,8665,Forêt,Forêt
543,8673,Forêt,Forêt
543,8674,Non Forêt,Forêt
543,8675,Forêt,Forêt
543,8676,Forêt,Forêt
543,8677,Non Forêt,Forêt
543,8678,Non Forêt,Non Forêt
543,8679,Non Forêt,Forêt
543,8680,Non Forêt,Non Forêt
543,8681,Non Forêt,Non Forêt
544,8689,Non Forêt,Non Forêt
544,8690,Non Forêt,Non Forêt
544,8691,Non Forêt,Forêt
544,8692,Non Forêt,Non Forêt
544,8693,Forêt,Forêt
544,8694,Non Forêt,Non Forêt
544,8695,Forêt,Forêt
544,8696,Non Forêt,Forêt
544,8697,Non Forêt,Non Forêt
545,8705,Non Forêt,Non Forêt
545,8706,Non Forêt,Non Forêt
545,8707,Non Forêt,Non Forêt
545,8708,Non Forêt,Non Forêt
545,8709,Non Forêt,Non Forêt
545,8710,Forêt,Forêt
545,8711,Forêt,Forêt
545,8712,Forêt,Forêt
545,8713,Forêt,Forêt
546,8721,Forêt,Forêt
546,8722,Forêt,Forêt
546,8723,Non Forêt,Non Forêt
546,8724,Forêt,Non Forêt
546,8725,Non Forêt,Non Forêt
546,8726,Non Forêt,Non Forêt
546,8727,Non Forêt,Non Forêt
546,8728,Forêt,Forêt
546,8729,Forêt,Forêt
547,8737,Non Forêt,Non Forêt
547,8738,Forêt,Forêt
547,8739,Non Forêt,Non Forêt
547,8740,Non Forêt,Non Forêt
547,8741,Non Forêt,Forêt
547,8742,Non Forêt,Non Forêt
547,8743,Non Forêt,Forêt
547,8744,Non Forêt,Non Forêt
547,8745,Non Forêt,Non Forêt
548,8753,Non Forêt,Non Forêt
548,8754,Non Forêt,Forêt
548,8755,Non Forêt,Non Forêt
548,8756,Forêt,Non Forêt
548,8757,Non Forêt,Forêt
548,8758,Non Forêt,Forêt
548,8759,Non Forêt,Forêt
548,8760,Non Forêt,Forêt
548,8761,Non Forêt,Forêt
549,8769,Forêt,Forêt
549,8770,Non Forêt,Non Forêt
549,8771,Non Forêt,Non Forêt
549,8772,Forêt,Forêt
549,8773,Non Forêt,Forêt
549,8774,Non Forêt,Non Forêt
549,8775,Forêt,Forêt
549,8776,Forêt,Forêt
549,8777,Non Forêt,Non Forêt
550,8785,Forêt,Forêt
550,8786,Forêt,Forêt
550,8787,Non Forêt,Non Forêt
550,8788,Forêt,Forêt
550,8789,Forêt,Forêt
550,8790,Non Forêt,Non Forêt
550,8791,Forêt,Forêt
550,8792,Forêt,Forêt
550,8793,Non Forêt,Non Forêt
551,8801,Non Forêt,Non Forêt
551,8802,Non Forêt,Non Forêt
551,8803,Forêt,Forêt
551,8804,Non Forêt,Non Forêt
551,8805,Non Forêt,Forêt
551,8806,Forêt,Forêt
551,8807,Non Forêt,Non Forêt
551,8808,Non Forêt,Forêt
551,8809,Non Forêt,Forêt
552,8817,Non Forêt,Forêt
552,8818,Non Forêt,Forêt
552,8819,Non Forêt,Non Forêt
552,8820,Non Forêt,Forêt
552,8821,Non Forêt,Non Forêt
552,8822,Non Forêt,Forêt
552,8823,Forêt,Forêt
552,8824,Non Forêt,Non Forêt
552,8825,Non Forêt,Non Forêt
553,8833,Non Forêt,Forêt
553,8834,Non Forêt,Forêt
553,8835,Forêt,Forêt
553,8836,Non Forêt,Non Forêt
553,8837,Non Forêt,Non Forêt
553,8838,Non Forêt,Non Forêt
553,8839,Non Forêt,Non Forêt
553,8840,Non Forêt,Non Forêt
553,8841,Forêt,Forêt
554,8849,Non Forêt,Non Forêt
554,8850,Non Forêt,Non Forêt
554,8851,Forêt,Forêt
554,8852,Non Forêt,Non Forêt
554,8853,Non Forêt,Non Forêt
554,8854,Forêt,Forêt
554,8855,Non Forêt,Non Forêt
554,8856,Non Forêt,Non Forêt
554,8857,Forêt,Forêt
555,8865,Non Forêt,Non Forêt
555,8866,Non Forêt,Non Forêt
555,8867,Forêt,Forêt
555,8868,Non Forêt,Non Forêt
555,8869,Non Forêt,Non Forêt
555,8870,Forêt,Forêt
555,8871,Non Forêt,Forêt
555,8872,Non Forêt,Non Forêt
555,8873,Forêt,Forêt
556,8881,Non Forêt,Non Forêt
556,8882,Non Forêt,Non Forêt
556,8883,Non Forêt,Non Forêt
556,8884,Non Forêt,Non Forêt
556,8885,Non Forêt,Forêt
556,8886,Forêt,Forêt
556,8887,Non Forêt,Forêt
556,8888,Forêt,Forêt
556,8889,Non Forêt,Forêt
557,8897,Forêt,Forêt
557,8898,Non Forêt,Non Forêt
557,8899,Non Forêt,Non Forêt
557,8900,Non Forêt,Non Forêt
557,8901,Non Forêt,Non Forêt
557,8902,Non Forêt,Non Forêt
557,8903,Non Forêt,Non Forêt
557,8904,Non Forêt,Non Forêt
557,8905,Non Forêt,Non Forêt
558,8913,Non Forêt,Non Forêt
558,8914,Non Forêt,Non Forêt
558,8915,Forêt,Forêt
558,8916,Non Forêt,Non Forêt
558,8917,Non Forêt,Non Forêt
558,8918,Forêt,Forêt
558,8919,Forêt,Forêt
558,8920,Non Forêt,Non Forêt
558,8921,Non Forêt,Non Forêt
559,8929,Non interprétable,Non Forêt
559,8930,Forêt,Forêt
559,8931,Forêt,Forêt
559,8932,Non Forêt,Non Forêt
559,8933,Forêt,Forêt
559,8934,Forêt,Forêt
559,8935,Non Forêt,Non Forêt
559,8936,Non Forêt,Non Forêt
559,8937,Forêt,Forêt
560,8945,Forêt,Forêt
560,8946,Forêt,Forêt
560,8947,Non Forêt,Non Forêt
560,8948,Forêt,Forêt
560,8949,Forêt,Forêt
560,8950,Non Forêt,Non Forêt
560,8951,Forêt,Forêt
560,8952,Non Forêt,Non Forêt
560,8953,Non Forêt,Non Forêt
561,8961,Non Forêt,Non Forêt
561,8962,Non Forêt,Non Forêt
561,8963,Non Forêt,Non Forêt
561,8964,Forêt,Forêt
561,8965,Forêt,Forêt
561,8966,Non Forêt,Non Forêt
561,8967,Forêt,Forêt
561,8968,Forêt,Forêt
561,8969,Forêt,Forêt
562,8977,Non Forêt,Non Forêt
562,8978,Forêt,Forêt
562,8979,Non Forêt,Forêt
562,8980,Non Forêt,Non Forêt
562,8981,Forêt,Forêt
562,8982,Forêt,Forêt
562,8983,Non Forêt,Non Forêt
562,8984,Forêt,Forêt
562,8985,Non Forêt,Forêt
563,8993,Non Forêt,Non Forêt
563,8994,Non Forêt,Non Forêt
563,8995,Non Forêt,Non Forêt
563,8996,Non Forêt,Non Forêt
563,8997,Non Forêt,Non Forêt
563,8998,Non Forêt,Non Forêt
563,8999,Non Forêt,Non Forêt
563,9000,Non Forêt,Non Forêt
563,9001,Non Forêt,Non Forêt
564,9009,Non Forêt,Non Forêt
564,9010,Non Forêt,Non Forêt
564,9011,Non Forêt,Non Forêt
564,9012,Non Forêt,Non Forêt
564,9013,Non Forêt,Non Forêt
564,9014,Non Forêt,Non Forêt
564,9015,Non interprétable,Non Forêt
564,9016,Non Forêt,Non Forêt
564,9017,Non Forêt,Non Forêt
565,9025,Non Forêt,Non Forêt
565,9026,Non Forêt,Non Forêt
565,9027,Non Forêt,Forêt
565,9028,Non Forêt,Non Forêt
565,9029,Non Forêt,Non Forêt
565,9030,Non Forêt,Forêt
565,9031,Non Forêt,Forêt
565,9032,Non Forêt,Non Forêt
565,9033,Non Forêt,Forêt
566,9041,Forêt,Forêt
566,9042,Non Forêt,Forêt
566,9043,Forêt,Forêt
566,9044,Non Forêt,Forêt
566,9045,Non Forêt,Forêt
566,9046,Forêt,Forêt
566,9047,Non Forêt,Forêt
566,9048,Non Forêt,Non Forêt
566,9049,Forêt,Forêt
567,9057,Non Forêt,Forêt
567,9058,Non Forêt,Forêt
567,9059,Non Forêt,Forêt
567,9060,Non Forêt,Forêt
567,9061,Non Forêt,Non Forêt
567,9062,Non Forêt,Forêt
567,9063,Non Forêt,Forêt
567,9064,Non Forêt,Forêt
567,9065,Non Forêt,Forêt
568,9073,Non Forêt,Forêt
568,9074,Non Forêt,Forêt
568,9075,Non Forêt,Forêt
568,9076,Forêt,Forêt
568,9077,Forêt,Forêt
568,9078,Forêt,Forêt
568,9079,Forêt,Forêt
568,9080,Forêt,Forêt
568,9081,Forêt,Forêt
569,9089,Non Forêt,Non Forêt
569,9090,Forêt,Forêt
569,9091,Forêt,Forêt
569,9092,Non Forêt,Non Forêt
569,9093,Forêt,Forêt
569,9094,Forêt,Forêt
569,9095,Non Forêt,Forêt
569,9096,Non Forêt,Forêt
569,9097,Non Forêt,Forêt
570,9105,Non interprétable,Non Forêt
570,9106,Non interprétable,Non Forêt
570,9107,Non interprétable,Non Forêt
570,9108,Non Forêt,Non Forêt
570,9109,Forêt,Non Forêt
570,9110,Non Forêt,Non Forêt
570,9111,Non Forêt,Non Forêt
570,9112,Non Forêt,Non Forêt
570,9113,Non Forêt,Non Forêt
571,9121,Non interprétable,Forêt
571,9122,Non interprétable,Forêt
571,9123,Non interprétable,Forêt
571,9124,Non interprétable,Forêt
571,9125,Forêt,Forêt
571,9126,Forêt,Forêt
571,9127,Forêt,Forêt
571,9128,Non interprétable,Non Forêt
571,9129,Non interprétable,Forêt
572,9137,Forêt,Forêt
572,9138,Forêt,Forêt
572,9139,Non Forêt,Forêt
572,9140,Forêt,Forêt
572,9141,Forêt,Forêt
572,9142,Forêt,Forêt
572,9143,Forêt,Forêt
572,9144,Forêt,Forêt
572,9145,Forêt,Forêt
573,9153,Forêt,Forêt
573,9154,Forêt,Forêt
573,9155,Non interprétable,Forêt
573,9156,Forêt,Forêt
573,9157,Forêt,Non Forêt
573,9158,Non interprétable,Non Forêt
573,9159,Non Forêt,Non Forêt
573,9160,Non Forêt,Non Forêt
573,9161,Forêt,Forêt
574,9169,Non Forêt,Forêt
574,9170,Forêt,Forêt
574,9171,Forêt,Forêt
574,9172,Non Forêt,Forêt
574,9173,Forêt,Forêt
574,9174,Forêt,Forêt
574,9175,Non Forêt,Forêt
574,9176,Non Forêt,Forêt
574,9177,Forêt,Forêt
575,9185,Non Forêt,Forêt
575,9186,Non Forêt,Forêt
575,9187,Forêt,Forêt
575,9188,Forêt,Forêt
575,9189,Forêt,Forêt
575,9190,Non Forêt,Forêt
575,9191,Forêt,Forêt
575,9192,Forêt,Forêt
575,9193,Non Forêt,Forêt
576,9201,Forêt,Forêt
576,9202,Forêt,Forêt
576,9203,Non Forêt,Forêt
576,9204,Non Forêt,Forêt
576,9205,Forêt,Forêt
576,9206,Forêt,Forêt
576,9207,Non Forêt,Forêt
576,9208,Non Forêt,Forêt
576,9209,Forêt,Forêt
577,9217,Forêt,Non Forêt
577,9218,Forêt,Non Forêt
577,9219,Forêt,Non Forêt
577,9220,Non Forêt,Non Forêt
577,9221,Forêt,Non Forêt
577,9222,Forêt,Non Forêt
577,9223,Non Forêt,Non Forêt
577,9224,Non Forêt,Non Forêt
577,9225,Non Forêt,Non Forêt
578,9233,Forêt,Forêt
578,9234,Non Forêt,Non Forêt
578,9235,Non Forêt,Non Forêt
578,9236,Forêt,Forêt
578,9237,Forêt,Forêt
578,9238,Forêt,Non Forêt
578,9239,Non Forêt,Non Forêt
578,9240,Non Forêt,Forêt
578,9241,Forêt,Forêt
579,9249,Non Forêt,Forêt
579,9250,Forêt,Forêt
579,9251,Forêt,Forêt
579,9252,Non Forêt,Non Forêt
579,9253,Forêt,Forêt
579,9254,Forêt,Forêt
579,9255,Non Forêt,Non Forêt
579,9256,Non Forêt,Forêt
579,9257,Forêt,Forêt
580,9265,Non Forêt,Non Forêt
580,9266,Non Forêt,Non Forêt
580,9267,Forêt,Forêt
580,9268,Non Forêt,Non Forêt
580,9269,Non Forêt,Forêt
580,9270,Forêt,Forêt
580,9271,Non Forêt,Non Forêt
580,9272,Forêt,Forêt
580,9273,Non Forêt,Forêt
581,9281,Forêt,Forêt
581,9282,Forêt,Forêt
581,9283,Non Forêt,Non Forêt
581,9284,Non Forêt,Forêt
581,9285,Forêt,Forêt
581,9286,Non Forêt,Non Forêt
581,9287,Non Forêt,Forêt
581,9288,Forêt,Forêt
581,9289,Non Forêt,Non Forêt
582,9297,Forêt,Forêt
582,9298,Forêt,Forêt
582,9299,Forêt,Forêt
582,9300,Non Forêt,Forêt
582,9301,Forêt,Forêt
582,9302,Non Forêt,Forêt
582,9303,Forêt,Forêt
582,9304,Forêt,Forêt
582,9305,Non Forêt,Forêt
583,9313,Forêt,Forêt
583,9314,Forêt,Forêt
583,9315,Forêt,Forêt
583,9316,Forêt,Forêt
583,9317,Forêt,Forêt
583,9318,Forêt,Forêt
583,9319,Forêt,Forêt
583,9320,Forêt,Forêt
583,9321,Forêt,Non Forêt
584,9329,Non interprétable,Forêt
584,9330,Non interprétable,Forêt
584,9331,Forêt,Non Forêt
584,9332,Forêt,Forêt
584,9333,Non interprétable,Forêt
584,9334,Forêt,Non Forêt
584,9335,Forêt,Forêt
584,9336,Forêt,Forêt
584,9337,Forêt,Non Forêt
585,9345,Forêt,Forêt
585,9346,Forêt,Forêt
585,9347,Non Forêt,Forêt
585,9348,Forêt,Forêt
585,9349,Forêt,Forêt
585,9350,Forêt,Forêt
585,9351,Non Forêt,Non Forêt
585,9352,Forêt,Forêt
585,9353,Forêt,Forêt
586,9361,Non Forêt,Non Forêt
586,9362,Non Forêt,Non Forêt
586,9363,Non Forêt,Non Forêt
586,9364,Non Forêt,Non Forêt
586,9365,Non Forêt,Non Forêt
586,9366,Non Forêt,Non Forêt
586,9367,Non Forêt,Non Forêt
586,9368,Non Forêt,Non Forêt
586,9369,Non Forêt,Non Forêt
587,9377,Forêt,Forêt
587,9378,Non Forêt,Non Forêt
587,9379,Non Forêt,Non Forêt
587,9380,Forêt,Forêt
587,9381,Non Forêt,Non Forêt
587,9382,Non Forêt,Non Forêt
587,9383,Forêt,Forêt
587,9384,Non Forêt,Non Forêt
587,9385,Non Forêt,Non Forêt
588,9393,Forêt,Forêt
588,9394,Forêt,Forêt
588,9395,Forêt,Forêt
588,9396,Forêt,Forêt
588,9397,Non Forêt,Forêt
588,9398,Forêt,Forêt
588,9399,Forêt,Forêt
588,9400,Forêt,Forêt
588,9401,Forêt,Forêt
589,9409,Non Forêt,Non Forêt
589,9410,Non Forêt,Non Forêt
589,9411,Forêt,Forêt
589,9412,Non Forêt,Non Forêt
589,9413,Non Forêt,Non Forêt
589,9414,Forêt,Forêt
589,9415,Forêt,Non Forêt
589,9416,Forêt,Non Forêt
589,9417,Forêt,Forêt
590,9425,Non interprétable,Forêt
590,9426,Forêt,Forêt
590,9427,Non Forêt,Non Forêt
590,9428,Non interprétable,Forêt
590,9429,Forêt,Forêt
590,9430,Forêt,Non Forêt
590,9431,Non interprétable,Forêt
590,9432,Forêt,Forêt
590,9433,Forêt,Forêt
591,9441,Non Forêt,Non Forêt
591,9442,Non Forêt,Non Forêt
591,9443,Non Forêt,Non Forêt
591,9444,Non Forêt,Non Forêt
591,9445,Forêt,Forêt
591,9446,Non Forêt,Forêt
591,9447,Non Forêt,Non Forêt
591,9448,Non Forêt,Forêt
591,9449,Non Forêt,Non Forêt
592,9457,Forêt,Forêt
592,9458,Forêt,Forêt
592,9459,Forêt,Forêt
592,9460,Forêt,Forêt
592,9461,Forêt,Forêt
592,9462,Forêt,Forêt
592,9463,Forêt,Forêt
592,9464,Forêt,Forêt
592,9465,Forêt,Forêt
593,9473,Forêt,Forêt
593,9474,Forêt,Forêt
593,9475,Forêt,Forêt
593,9476,Forêt,Non Forêt
593,9477,Forêt,Forêt
593,9478,Forêt,Forêt
593,9479,Forêt,Forêt
593,9480,Forêt,Non Forêt
593,9481,Forêt,Forêt
594,9489,Non Forêt,Non Forêt
594,9490,Non Forêt,Non Forêt
594,9491,Forêt,Forêt
594,9492,Non Forêt,Forêt
594,9493,Non Forêt,Forêt
594,9494,Forêt,Forêt
594,9495,Non Forêt,Forêt
594,9496,Non Forêt,Forêt
594,9497,Forêt,Forêt
595,9505,Forêt,Forêt
595,9506,Forêt,Forêt
595,9507,Forêt,Non Forêt
595,9508,Forêt,Forêt
595,9509,Forêt,Forêt
595,9510,Forêt,Forêt
595,9511,Forêt,Forêt
595,9512,Forêt,Forêt
595,9513,Forêt,Forêt
596,9521,Non Forêt,Non Forêt
596,9522,Forêt,Forêt
596,9523,Forêt,Forêt
596,9524,Forêt,Forêt
596,9525,Forêt,Forêt
596,9526,Forêt,Forêt
596,9527,Forêt,Forêt
596,9528,Forêt,Non Forêt
596,9529,Forêt,Forêt
597,9537,Forêt,Forêt
597,9538,Forêt,Forêt
597,9539,Non Forêt,Non Forêt
597,9540,Forêt,Forêt
597,9541,Forêt,Forêt
597,9542,Forêt,Non Forêt
597,9543,Forêt,Forêt
597,9544,Forêt,Forêt
597,9545,Forêt,Forêt
598,9553,Non Forêt,Forêt
598,9554,Forêt,Forêt
598,9555,Forêt,Forêt
598,9556,Forêt,Forêt
598,9557,Forêt,Forêt
598,9558,Forêt,Forêt
598,9559,Non Forêt,Non Forêt
598,9560,Non Forêt,Non Forêt
598,9561,Forêt,Forêt
599,9569,Forêt,Forêt
599,9570,Forêt,Forêt
599,9571,Forêt,Forêt
599,9572,Forêt,Forêt
599,9573,Forêt,Forêt
599,9574,Forêt,Forêt
599,9575,Forêt,Forêt
599,9576,Forêt,Forêt
599,9577,Forêt,Forêt
600,9585,Non Forêt,Non Forêt
600,9586,Forêt,Forêt
600,9587,Forêt,Forêt
600,9588,Forêt,Forêt
600,9589,Non Forêt,Forêt
600,9590,Forêt,Forêt
600,9591,Forêt,Forêt
600,9592,Forêt,Forêt
600,9593,Forêt,Non Forêt
601,9601,Non Forêt,Non Forêt
601,9602,Non Forêt,Non Forêt
601,9603,Non Forêt,Non Forêt
601,9604,Non Forêt,Non Forêt
601,9605,Non Forêt,Non Forêt
601,9606,Non Forêt,Non Forêt
601,9607,Non Forêt,Non Forêt
601,9608,Non Forêt,Non Forêt
601,9609,Non Forêt,Non Forêt
602,9617,Non Forêt,Forêt
602,9618,Non Forêt,Non Forêt
602,9619,Non Forêt,Non Forêt
602,9620,Non Forêt,Non Forêt
602,9621,Non Forêt,Non Forêt
602,9622,Non Forêt,Non Forêt
602,9623,Non Forêt,Non Forêt
602,9624,Non Forêt,Non Forêt
602,9625,Non Forêt,Non Forêt
603,9633,Forêt,Forêt
603,9634,Forêt,Non Forêt
603,9635,Forêt,Forêt
603,9636,Forêt,Forêt
603,9637,Forêt,Non Forêt
603,9638,Non Forêt,Forêt
603,9639,Non Forêt,Non Forêt
603,9640,Non Forêt,Forêt
603,9641,Non Forêt,Forêt
604,9649,Non Forêt,Non Forêt
604,9650,Non Forêt,Non Forêt
604,9651,Non Forêt,Non Forêt
604,9652,Forêt,Forêt
604,9653,Forêt,Forêt
604,9654,Forêt,Forêt
604,9655,Non Forêt,Non Forêt
604,9656,Non Forêt,Non Forêt
604,9657,Non Forêt,Non Forêt
605,9665,Non Forêt,Non Forêt
605,9666,Non Forêt,Non Forêt
605,9667,Non Forêt,Non Forêt
605,9668,Non Forêt,Non Forêt
605,9669,Non Forêt,Non Forêt
605,9670,Non Forêt,Non Forêt
605,9671,Non Forêt,Non Forêt
605,9672,Forêt,Forêt
605,9673,Non Forêt,Non Forêt
606,9681,Non Forêt,Non Forêt
606,9682,Non Forêt,Non Forêt
606,9683,Non Forêt,Non Forêt
606,9684,Forêt,Non Forêt
606,9685,Forêt,Non Forêt
606,9686,Forêt,Non Forêt
606,9687,Non Forêt,Non Forêt
606,9688,Non Forêt,Non Forêt
606,9689,Non Forêt,Non Forêt
607,9697,Non Forêt,Non Forêt
607,9698,Non Forêt,Non Forêt
607,9699,Non Forêt,Non Forêt
607,9700,Non Forêt,Non Forêt
607,9701,Non Forêt,Non Forêt
607,9702,Forêt,Forêt
607,9703,Non Forêt,Non Forêt
607,9704,Forêt,Non Forêt
607,9705,Forêt,Non Forêt
608,9713,Non Forêt,Non Forêt
608,9714,Forêt,Forêt
608,9715,Non Forêt,Non Forêt
608,9716,Non Forêt,Non Forêt
608,9717,Non Forêt,Non Forêt
608,9718,Forêt,Forêt
608,9719,Non Forêt,Non Forêt
608,9720,Non Forêt,Non Forêt
608,9721,Non Forêt,Non Forêt
609,9729,Non Forêt,Non Forêt
609,9730,Forêt,Forêt
609,9731,Forêt,Forêt
609,9732,Forêt,Non Forêt
609,9733,Forêt,Forêt
609,9734,Non Forêt,Forêt
609,9735,Non Forêt,Non Forêt
609,9736,Non Forêt,Forêt
609,9737,Non Forêt,Forêt
610,9745,Forêt,Forêt
610,9746,Forêt,Forêt
610,9747,Forêt,Forêt
610,9748,Non Forêt,Non Forêt
610,9749,Forêt,Forêt
610,9750,Non Forêt,Non Forêt
610,9751,Non Forêt,Non Forêt
610,9752,Non Forêt,Non Forêt
610,9753,Non Forêt,Non Forêt
611,9761,Forêt,Forêt
611,9762,Forêt,Forêt
611,9763,Non Forêt,Non Forêt
611,9764,Forêt,Forêt
611,9765,Non Forêt,Non Forêt
611,9766,Non Forêt,Non Forêt
611,9767,Forêt,Forêt
611,9768,Non Forêt,Non Forêt
611,9769,Non Forêt,Non Forêt
612,9777,Non Forêt,Non Forêt
612,9778,Forêt,Forêt
612,9779,Forêt,Forêt
612,9780,Non Forêt,Non Forêt
612,9781,Forêt,Forêt
612,9782,Forêt,Forêt
612,9783,Non Forêt,Non Forêt
612,9784,Non Forêt,Non Forêt
612,9785,Forêt,Forêt
613,9793,Forêt,Forêt
613,9794,Non Forêt,Non Forêt
613,9795,Non Forêt,Non Forêt
613,9796,Forêt,Forêt
613,9797,Forêt,Forêt
613,9798,Non Forêt,Non Forêt
613,9799,Forêt,Forêt
613,9800,Non Forêt,Non Forêt
613,9801,Forêt,Non Forêt
614,9809,Non Forêt,Non Forêt
614,9810,Non Forêt,Non Forêt
614,9811,Non Forêt,Non Forêt
614,9812,Non Forêt,Non Forêt
614,9813,Non Forêt,Non Forêt
614,9814,Non Forêt,Non Forêt
614,9815,Non Forêt,Non Forêt
614,9816,Non Forêt,Non Forêt
614,9817,Non Forêt,Non Forêt
615,9825,Non Forêt,Non Forêt
615,9826,Non Forêt,Non Forêt
615,9827,Non Forêt,Non Forêt
615,9828,Forêt,Non Forêt
615,9829,Forêt,Non Forêt
615,9830,Non Forêt,Non Forêt
615,9831,Non Forêt,Non Forêt
615,9832,Non Forêt,Non Forêt
615,9833,Non Forêt,Non Forêt
616,9841,Non Forêt,Non Forêt
616,9842,Non Forêt,Non Forêt
616,9843,Forêt,Forêt
616,9844,Forêt,Forêt
616,9845,Forêt,Forêt
616,9846,Non Forêt,Non Forêt
616,9847,Forêt,Forêt
616,9848,Forêt,Non Forêt
616,9849,Non Forêt,Non Forêt
617,9857,Non Forêt,Non Forêt
617,9858,Non Forêt,Non Forêt
617,9859,Forêt,Non Forêt
617,9860,Non Forêt,Non Forêt
617,9861,Forêt,Forêt
617,9862,Non Forêt,Non Forêt
617,9863,Forêt,Forêt
617,9864,Forêt,Forêt
617,9865,Non Forêt,Non Forêt
618,9873,Forêt,Non Forêt
618,9874,Non Forêt,Non Forêt
618,9875,Forêt,Non Forêt
618,9876,Forêt,Non Forêt
618,9877,Forêt,Non Forêt
618,9878,Forêt,Non Forêt
618,9879,Forêt,Non Forêt
618,9880,Forêt,Non Forêt
618,9881,Forêt,Non Forêt
619,9889,Non Forêt,Non Forêt
619,9890,Non Forêt,Forêt
619,9891,Forêt,Forêt
619,9892,Non Forêt,Non Forêt
619,9893,Non Forêt,Forêt
619,9894,Forêt,Forêt
619,9895,Non Forêt,Non Forêt
619,9896,Non Forêt,Forêt
619,9897,Forêt,Forêt
620,9905,Non Forêt,Non Forêt
620,9906,Non Forêt,Forêt
620,9907,Forêt,Non Forêt
620,9908,Non Forêt,Non Forêt
620,9909,Forêt,Non Forêt
620,9910,Forêt,Forêt
620,9911,Non Forêt,Non Forêt
620,9912,Forêt,Forêt
620,9913,Forêt,Forêt
621,9921,Non Forêt,Non Forêt
621,9922,Non Forêt,Non Forêt
621,9923,Non Forêt,Non Forêt
621,9924,Non Forêt,Non Forêt
621,9925,Non Forêt,Non Forêt
621,9926,Non Forêt,Non Forêt
621,9927,Non Forêt,Forêt
621,9928,Forêt,Forêt
621,9929,Non Forêt,Non Forêt
622,9937,Forêt,Forêt
622,9938,Forêt,Forêt
622,9939,Forêt,Forêt
622,9940,Non Forêt,Non Forêt
622,9941,Non Forêt,Non Forêt
622,9942,Forêt,Forêt
622,9943,Non Forêt,Non Forêt
622,9944,Non Forêt,Non Forêt
622,9945,Non Forêt,Non Forêt
623,9953,Non Forêt,Non Forêt
623,9954,Non Forêt,Non Forêt
623,9955,Forêt,Non Forêt
623,9956,Non interprétable,Non Forêt
623,9957,Non interprétable,Non Forêt
623,9958,Non Forêt,Non Forêt
623,9959,Non interprétable,Non Forêt
623,9960,Non interprétable,Non Forêt
623,9961,Non interprétable,Non Forêt
624,9969,Non interprétable,Non Forêt
624,9970,Non interprétable,Non Forêt
624,9971,Non interprétable,Non Forêt
624,9972,Non Forêt,Non Forêt
624,9973,Non interprétable,Non Forêt
624,9974,Non interprétable,Non Forêt
624,9975,Non Forêt,Non Forêt
624,9976,Non Forêt,Non Forêt
624,9977,Non Forêt,Non Forêt
625,9985,Non Forêt,Non Forêt
625,9986,Forêt,Forêt
625,9987,Non Forêt,Non Forêt
625,9988,Non Forêt,Non Forêt
625,9989,Non Forêt,Forêt
625,9990,Non Forêt,Non Forêt
625,9991,Non Forêt,Non Forêt
625,9992,Forêt,Forêt
625,9993,Non Forêt,Non Forêt
626,10001,Forêt,Forêt
626,10002,Forêt,Forêt
626,10003,Forêt,Non Forêt
626,10004,Non Forêt,Forêt
626,10005,Forêt,Non Forêt
626,10006,Non Forêt,Non Forêt
626,10007,Non Forêt,Forêt
626,10008,Non Forêt,Non Forêt
626,10009,Non Forêt,Forêt
627,10017,Non Forêt,Non Forêt
627,10018,Non Forêt,Non Forêt
627,10019,Non Forêt,Non Forêt
627,10020,Non Forêt,Non Forêt
627,10021,Non Forêt,Non Forêt
627,10022,Non Forêt,Non Forêt
627,10023,Non Forêt,Non Forêt
627,10024,Non Forêt,Non Forêt
627,10025,Non Forêt,Non Forêt
628,10033,Forêt,Non Forêt
628,10034,Forêt,Non Forêt
628,10035,Non Forêt,Non Forêt
628,10036,Forêt,Non Forêt
628,10037,Forêt,Non Forêt
628,10038,Non Forêt,Non Forêt
628,10039,Forêt,Non Forêt
628,10040,Forêt,Non Forêt
628,10041,Non Forêt,Non Forêt
629,10049,Non Forêt,Forêt
629,10050,Forêt,Forêt
629,10051,Non Forêt,Non Forêt
629,10052,Forêt,Forêt
629,10053,Forêt,Forêt
629,10054,Non Forêt,Forêt
629,10055,Forêt,Forêt
629,10056,Forêt,Forêt
629,10057,Non Forêt,Non Forêt
630,10065,Non Forêt,Forêt
630,10066,Forêt,Forêt
630,10067,Non Forêt,Forêt
630,10068,Forêt,Forêt
630,10069,Forêt,Forêt
630,10070,Non Forêt,Forêt
630,10071,Forêt,Forêt
630,10072,Forêt,Forêt
630,10073,Non Forêt,Forêt
631,10081,Forêt,Forêt
631,10082,Forêt,Forêt
631,10083,Non Forêt,Forêt
631,10084,Forêt,Forêt
631,10085,Non Forêt,Forêt
631,10086,Non Forêt,Forêt
631,10087,Forêt,Forêt
631,10088,Non Forêt,Forêt
631,10089,Non Forêt,Forêt
632,10097,Non Forêt,Forêt
632,10098,Non Forêt,Forêt
632,10099,Forêt,Forêt
632,10100,Non Forêt,Non Forêt
632,10101,Non Forêt,Forêt
632,10102,Non Forêt,Forêt
632,10103,Non Forêt,Forêt
632,10104,Non Forêt,Forêt
632,10105,Non Forêt,Forêt
633,10113,Forêt,Forêt
633,10114,Forêt,Forêt
633,10115,Forêt,Forêt
633,10116,Forêt,Forêt
633,10117,Forêt,Forêt
633,10118,Forêt,Forêt
633,10119,Forêt,Forêt
633,10120,Forêt,Forêt
633,10121,Forêt,Forêt
634,10129,Forêt,Forêt
634,10130,Forêt,Forêt
634,10131,Forêt,Forêt
634,10132,Forêt,Forêt
634,10133,Forêt,Forêt
634,10134,Forêt,Forêt
634,10135,Forêt,Forêt
634,10136,Forêt,Forêt
634,10137,Forêt,Forêt
635,10145,Forêt,Forêt
635,10146,Forêt,Forêt
635,10147,Non Forêt,Non Forêt
635,10148,Forêt,Forêt
635,10149,Forêt,Forêt
635,10150,Non Forêt,Forêt
635,10151,Forêt,Forêt
635,10152,Forêt,Forêt
635,10153,Non Forêt,Forêt
636,10161,Forêt,Forêt
636,10162,Forêt,Forêt
636,10163,Forêt,Non Forêt
636,10164,Forêt,Forêt
636,10165,Forêt,Forêt
636,10166,Forêt,Forêt
636,10167,Non Forêt,Forêt
636,10168,Forêt,Forêt
636,10169,Forêt,Forêt
637,10177,Forêt,Forêt
637,10178,Forêt,Forêt
637,10179,Forêt,Forêt
637,10180,Forêt,Forêt
637,10181,Forêt,Forêt
637,10182,Forêt,Forêt
637,10183,Non Forêt,Non Forêt
637,10184,Forêt,Non Forêt
637,10185,Non Forêt,Forêt
638,10193,Non Forêt,Non Forêt
638,10194,Non Forêt,Non Forêt
638,10195,Non Forêt,Non Forêt
638,10196,Non Forêt,Non Forêt
638,10197,Non Forêt,Non Forêt
638,10198,Non Forêt,Non Forêt
638,10199,Non Forêt,Non Forêt
638,10200,Forêt,Forêt
638,10201,Non Forêt,Non Forêt
639,10209,Forêt,Forêt
639,10210,Forêt,Forêt
639,10211,Forêt,Forêt
639,10212,Forêt,Forêt
639,10213,Forêt,Forêt
639,10214,Forêt,Forêt
639,10215,Non Forêt,Forêt
639,10216,Forêt,Forêt
639,10217,Forêt,Forêt
640,10225,Non Forêt,Non Forêt
640,10226,Non Forêt,Non Forêt
640,10227,Non Forêt,Forêt
640,10228,Forêt,Forêt
640,10229,Non Forêt,Forêt
640,10230,Forêt,Forêt
640,10231,Forêt,Forêt
640,10232,Forêt,Forêt
640,10233,Forêt,Forêt
641,10241,Forêt,Forêt
641,10242,Forêt,Forêt
641,10243,Forêt,Non Forêt
641,10244,Non Forêt,Forêt
641,10245,Forêt,Forêt
641,10246,Non Forêt,Forêt
641,10247,Non Forêt,Forêt
641,10248,Forêt,Forêt
641,10249,Non Forêt,Non Forêt
642,10257,Forêt,Forêt
642,10258,Forêt,Forêt
642,10259,Forêt,Forêt
642,10260,Non Forêt,Forêt
642,10261,Non Forêt,Forêt
642,10262,Forêt,Forêt
642,10263,Non Forêt,Forêt
642,10264,Non Forêt,Forêt
642,10265,Forêt,Forêt
643,10273,Non Forêt,Non Forêt
643,10274,Non Forêt,Non Forêt
643,10275,Forêt,Forêt
643,10276,Non Forêt,Non Forêt
643,10277,Non Forêt,Non Forêt
643,10278,Forêt,Forêt
643,10279,Non Forêt,Non Forêt
643,10280,Non Forêt,Non Forêt
643,10281,Forêt,Forêt
644,10289,Non Forêt,Forêt
644,10290,Non Forêt,Forêt
644,10291,Non Forêt,Forêt
644,10292,Non Forêt,Forêt
644,10293,Non Forêt,Forêt
644,10294,Non Forêt,Forêt
644,10295,Forêt,Forêt
644,10296,Forêt,Forêt
644,10297,Forêt,Forêt
645,10305,Non Forêt,Non Forêt
645,10306,Non Forêt,Non Forêt
645,10307,Non Forêt,Non Forêt
645,10308,Non Forêt,Non Forêt
645,10309,Non Forêt,Non Forêt
645,10310,Non Forêt,Non Forêt
645,10311,Forêt,Non Forêt
645,10312,Non Forêt,Non Forêt
645,10313,Non Forêt,Non Forêt
646,10321,Forêt,Forêt
646,10322,Non Forêt,Non Forêt
646,10323,Non Forêt,Non Forêt
646,10324,Non Forêt,Non Forêt
646,10325,Non Forêt,Non Forêt
646,10326,Non Forêt,Non Forêt
646,10327,Non Forêt,Non Forêt
646,10328,Non Forêt,Non Forêt
646,10329,Non Forêt,Forêt
647,10337,Non Forêt,Non Forêt
647,10338,Non Forêt,Non Forêt
647,10339,Non Forêt,Non Forêt
647,10340,Non Forêt,Non Forêt
647,10341,Non Forêt,Non Forêt
647,10342,Non Forêt,Non Forêt
647,10343,Non Forêt,Non Forêt
647,10344,Non Forêt,Non Forêt
647,10345,Non Forêt,Non Forêt
648,10353,Non Forêt,Non Forêt
648,10354,Forêt,Non Forêt
648,10355,Forêt,Non Forêt
648,10356,Forêt,Non Forêt
648,10357,Forêt,Non Forêt
648,10358,Non Forêt,Non Forêt
648,10359,Non Forêt,Non Forêt
648,10360,Non Forêt,Non Forêt
648,10361,Forêt,Non Forêt
649,10369,Non Forêt,Non Forêt
649,10370,Non Forêt,Non Forêt
649,10371,Non Forêt,Non Forêt
649,10372,Non Forêt,Non Forêt
649,10373,Non Forêt,Non Forêt
649,10374,Non Forêt,Non Forêt
649,10375,Non Forêt,Non Forêt
649,10376,Non Forêt,Non Forêt
649,10377,Non Forêt,Non Forêt
650,10385,Non Forêt,Non Forêt
650,10386,Forêt,Forêt
650,10387,Non Forêt,Non Forêt
650,10388,Non Forêt,Non Forêt
650,10389,Forêt,Forêt
650,10390,Forêt,Forêt
650,10391,Non Forêt,Non Forêt
650,10392,Forêt,Non Forêt
650,10393,Non Forêt,Non Forêt
651,10401,Non Forêt,Non Forêt
651,10402,Non Forêt,Forêt
651,10403,Forêt,Forêt
651,10404,Non Forêt,Non Forêt
651,10405,Non Forêt,Non Forêt
651,10406,Forêt,Forêt
651,10407,Non Forêt,Non Forêt
651,10408,Non Forêt,Non Forêt
651,10409,Non Forêt,Non Forêt
652,10417,Non interprétable,Forêt
652,10418,Non Forêt,Non Forêt
652,10419,Forêt,Forêt
652,10420,Non interprétable,Forêt
652,10421,Non Forêt,Non Forêt
652,10422,Non Forêt,Non Forêt
652,10423,Non interprétable,Forêt
652,10424,Non Forêt,Non Forêt
652,10425,Non Forêt,Non Forêt
653,10433,Forêt,Forêt
653,10434,Non Forêt,Forêt
653,10435,Non Forêt,Forêt
653,10436,Non Forêt,Non Forêt
653,10437,Non Forêt,Non Forêt
653,10438,Forêt,Forêt
653,10439,Non Forêt,Non Forêt
653,10440,Non Forêt,Non Forêt
653,10441,Forêt,Forêt
654,10449,Non Forêt,Non Forêt
654,10450,Non Forêt,Non Forêt
654,10451,Non Forêt,Non Forêt
654,10452,Non Forêt,Non Forêt
654,10453,Forêt,Non Forêt
654,10454,Non Forêt,Non Forêt
654,10455,Non Forêt,Non Forêt
654,10456,Non Forêt,Non Forêt
654,10457,Non Forêt,Non Forêt
655,10465,Forêt,Forêt
655,10466,Forêt,Forêt
655,10467,Forêt,Forêt
655,10468,Non Forêt,Forêt
655,10469,Non Forêt,Non Forêt
655,10470,Non Forêt,Non Forêt
655,10471,Non Forêt,Non interprétable
655,10472,Non Forêt,Non Forêt
655,10473,Non Forêt,Non Forêt
656,10481,Non Forêt,Non Forêt
656,10482,Non Forêt,Forêt
656,10483,Non Forêt,Forêt
656,10484,Non Forêt,Non Forêt
656,10485,Non Forêt,Forêt
656,10486,Non Forêt,Forêt
656,10487,Non Forêt,Non Forêt
656,10488,Non Forêt,Non Forêt
656,10489,Non Forêt,Non Forêt
657,10497,Non Forêt,Non Forêt
657,10498,Forêt,Forêt
657,10499,Non Forêt,Non Forêt
657,10500,Non Forêt,Forêt
657,10501,Non Forêt,Non Forêt
657,10502,Non Forêt,Non Forêt
657,10503,Forêt,Forêt
657,10504,Non Forêt,Non Forêt
657,10505,Non Forêt,Non Forêt
658,10513,Non Forêt,Non Forêt
658,10514,Forêt,Forêt
658,10515,Non Forêt,Non Forêt
658,10516,Non Forêt,Non Forêt
658,10517,Non Forêt,Non Forêt
658,10518,Forêt,Forêt
658,10519,Non Forêt,Non Forêt
658,10520,Non Forêt,Non Forêt
658,10521,Non Forêt,Forêt
659,10529,Forêt,Non Forêt
659,10530,Non Forêt,Non Forêt
659,10531,Forêt,Non Forêt
659,10532,Non Forêt,Non Forêt
659,10533,Non Forêt,Non Forêt
659,10534,Forêt,Non Forêt
659,10535,Non Forêt,Non Forêt
659,10536,Non Forêt,Non Forêt
659,10537,Forêt,Non Forêt
660,10545,Non Forêt,Non Forêt
660,10546,Forêt,Forêt
660,10547,Forêt,Forêt
660,10548,Non Forêt,Non Forêt
660,10549,Non Forêt,Non Forêt
660,10550,Forêt,Forêt
660,10551,Non Forêt,Non Forêt
660,10552,Non Forêt,Non Forêt
660,10553,Non Forêt,Forêt
661,10561,Non Forêt,Non Forêt
661,10562,Non Forêt,Non Forêt
661,10563,Non Forêt,Non Forêt
661,10564,Forêt,Forêt
661,10565,Forêt,Forêt
661,10566,Non Forêt,Forêt
661,10567,Forêt,Forêt
661,10568,Forêt,Forêt
661,10569,Forêt,Forêt
662,10577,Non Forêt,Non Forêt
662,10578,Non Forêt,Non Forêt
662,10579,Non Forêt,Non Forêt
662,10580,Non Forêt,Non Forêt
662,10581,Non Forêt,Non Forêt
662,10582,Non Forêt,Non Forêt
662,10583,Non Forêt,Non Forêt
662,10584,Non Forêt,Non Forêt
662,10585,Non Forêt,Non Forêt
663,10593,Non Forêt,Non Forêt
663,10594,Non Forêt,Non Forêt
663,10595,Non Forêt,Non interprétable
663,10596,Non Forêt,Non Forêt
663,10597,Non Forêt,Non Forêt
663,10598,Forêt,Forêt
663,10599,Non Forêt,Non interprétable
663,10600,Non Forêt,Non interprétable
663,10601,Forêt,Non interprétable
664,10609,Non Forêt,Non Forêt
664,10610,Non Forêt,Non Forêt
664,10611,Non Forêt,Non Forêt
664,10612,Non Forêt,Non Forêt
664,10613,Non Forêt,Non Forêt
664,10614,Non Forêt,Non Forêt
664,10615,Non Forêt,Forêt
664,10616,Non Forêt,Forêt
664,10617,Non Forêt,Forêt
665,10625,Non Forêt,Non Forêt
665,10626,Forêt,Forêt
665,10627,Forêt,Forêt
665,10628,Forêt,Forêt
665,10629,Forêt,Non Forêt
665,10630,Non Forêt,Non Forêt
665,10631,Non Forêt,Forêt
665,10632,Non Forêt,Non Forêt
665,10633,Non Forêt,Non Forêt
666,10641,Non Forêt,Non Forêt
666,10642,Non Forêt,Forêt
666,10643,Forêt,Forêt
666,10644,Non Forêt,Non Forêt
666,10645,Non Forêt,Forêt
666,10646,Non Forêt,Non Forêt
666,10647,Non Forêt,Non Forêt
666,10648,Non Forêt,Non Forêt
666,10649,Forêt,Forêt
667,10657,Non Forêt,Forêt
667,10658,Forêt,Forêt
667,10659,Non Forêt,Non Forêt
667,10660,Non Forêt,Forêt
667,10661,Non Forêt,Forêt
667,10662,Non Forêt,Non Forêt
667,10663,Non Forêt,Forêt
667,10664,Non Forêt,Forêt
667,10665,Non Forêt,Non Forêt
668,10673,Non Forêt,Forêt
668,10674,Forêt,Forêt
668,10675,Non Forêt,Non interprétable
668,10676,Non Forêt,Non Forêt
668,10677,Non Forêt,Forêt
668,10678,Non Forêt,Non interprétable
668,10679,Non Forêt,Non Forêt
668,10680,Non Forêt,Forêt
668,10681,Non Forêt,Non interprétable
669,10689,Non Forêt,Non Forêt
669,10690,Non interprétable,Non Forêt
669,10691,Non interprétable,Non Forêt
669,10692,Non Forêt,Non Forêt
669,10693,Non interprétable,Non Forêt
669,10694,Non interprétable,Non Forêt
669,10695,Non Forêt,Non Forêt
669,10696,Non Forêt,Non Forêt
669,10697,Non interprétable,Non Forêt
670,10705,Forêt,Non Forêt
670,10706,Non Forêt,Forêt
670,10707,Non interprétable,Forêt
670,10708,Non Forêt,Non Forêt
670,10709,Non Forêt,Non Forêt
670,10710,Non Forêt,Non Forêt
670,10711,Non Forêt,Non Forêt
670,10712,Forêt,Forêt
670,10713,Forêt,Forêt
671,10721,Non interprétable,Non Forêt
671,10722,Non Forêt,Non Forêt
671,10723,Non interprétable,Non Forêt
671,10724,Non interprétable,Non Forêt
671,10725,Non interprétable,Non Forêt
671,10726,Non Forêt,Non Forêt
671,10727,Non interprétable,Non Forêt
671,10728,Non interprétable,Non Forêt
671,10729,Non Forêt,Non Forêt
672,10737,Non interprétable,Non Forêt
672,10738,Non interprétable,Non Forêt
672,10739,Non interprétable,Non Forêt
672,10740,Non interprétable,Non Forêt
672,10741,Non interprétable,Non Forêt
672,10742,Non interprétable,Non Forêt
672,10743,Non interprétable,Non Forêt
672,10744,Non interprétable,Non Forêt
672,10745,Non interprétable,Non Forêt
673,10753,Forêt,Forêt
673,10754,Forêt,Non Forêt
673,10755,Forêt,Forêt
673,10756,Forêt,Forêt
673,10757,Forêt,Forêt
673,10758,Forêt,Forêt
673,10759,Forêt,Forêt
673,10760,Forêt,Forêt
673,10761,Forêt,Forêt
674,10769,Non Forêt,Non Forêt
674,10770,Non Forêt,Non Forêt
674,10771,Non Forêt,Forêt
674,10772,Non Forêt,Non Forêt
674,10773,Non Forêt,Non Forêt
674,10774,Forêt,Forêt
674,10775,Non Forêt,Non Forêt
674,10776,Forêt,Forêt
674,10777,Forêt,Forêt
675,10785,Non interprétable,Non Forêt
675,10786,Non Forêt,Non Forêt
675,10787,Non Forêt,Non Forêt
675,10788,Non Forêt,Non Forêt
675,10789,Non Forêt,Non Forêt
675,10790,Non Forêt,Non Forêt
675,10791,Non Forêt,Non Forêt
675,10792,Non interprétable,Non Forêt
675,10793,Non interprétable,Non Forêt
676,10801,Non Forêt,Forêt
676,10802,Non Forêt,Non interprétable
676,10803,Non Forêt,Non interprétable
676,10804,Forêt,Forêt
676,10805,Forêt,Forêt
676,10806,Forêt,Non Forêt
676,10807,Forêt,Non interprétable
676,10808,Non Forêt,Forêt
676,10809,Non Forêt,Non Forêt
677,10817,Non Forêt,Non Forêt
677,10818,Forêt,Forêt
677,10819,Forêt,Forêt
677,10820,Non Forêt,Non Forêt
677,10821,Non Forêt,Non Forêt
677,10822,Non Forêt,Non Forêt
677,10823,Forêt,Forêt
677,10824,Non Forêt,Non Forêt
677,10825,Non Forêt,Non Forêt
678,10833,Non Forêt,Non Forêt
678,10834,Non Forêt,Non Forêt
678,10835,Non Forêt,Non Forêt
678,10836,Non Forêt,Non Forêt
678,10837,Non Forêt,Non Forêt
678,10838,Forêt,Forêt
678,10839,Non Forêt,Non Forêt
678,10840,Non Forêt,Forêt
678,10841,Non Forêt,Forêt
679,10849,Non Forêt,Forêt
679,10850,Forêt,Forêt
679,10851,Forêt,Forêt
679,10852,Non Forêt,Non Forêt
679,10853,Non Forêt,Non Forêt
679,10854,Non Forêt,Non Forêt
679,10855,Non Forêt,Non Forêt
679,10856,Non Forêt,Non Forêt
679,10857,Non Forêt,Non Forêt
680,10865,Non Forêt,Non Forêt
680,10866,Non Forêt,Non Forêt
680,10867,Non Forêt,Non Forêt
680,10868,Non Forêt,Non Forêt
680,10869,Non Forêt,Forêt
680,10870,Forêt,Forêt
680,10871,Non Forêt,Forêt
680,10872,Non Forêt,Forêt
680,10873,Non Forêt,Forêt
681,10881,Non Forêt,Non Forêt
681,10882,Non Forêt,Non Forêt
681,10883,Non Forêt,Non Forêt
681,10884,Non Forêt,Forêt
681,10885,Non Forêt,Forêt
681,10886,Non Forêt,Forêt
681,10887,Non Forêt,Forêt
681,10888,Forêt,Forêt
681,10889,Forêt,Forêt
682,10897,Non Forêt,Non Forêt
682,10898,Forêt,Non Forêt
682,10899,Forêt,Non Forêt
682,10900,Non Forêt,Non Forêt
682,10901,Non Forêt,Forêt
682,10902,Non Forêt,Non Forêt
682,10903,Non Forêt,Non Forêt
682,10904,Non Forêt,Forêt
682,10905,Non Forêt,Forêt
683,10913,Non Forêt,Non Forêt
683,10914,Non Forêt,Non Forêt
683,10915,Non Forêt,Forêt
683,10916,Non Forêt,Non Forêt
683,10917,Non Forêt,Non Forêt
683,10918,Non Forêt,Non Forêt
683,10919,Non Forêt,Non Forêt
683,10920,Non Forêt,Non Forêt
683,10921,Non Forêt,Non Forêt
684,10929,Non Forêt,Forêt
684,10930,Non Forêt,Forêt
684,10931,Non Forêt,Non Forêt
684,10932,Non Forêt,Forêt
684,10933,Non Forêt,Forêt
684,10934,Non Forêt,Forêt
684,10935,Forêt,Forêt
684,10936,Forêt,Forêt
684,10937,Forêt,Forêt
685,10945,Non Forêt,Non Forêt
685,10946,Non Forêt,Forêt
685,10947,Non Forêt,Forêt
685,10948,Non Forêt,Non Forêt
685,10949,Non Forêt,Non Forêt
685,10950,Non Forêt,Non Forêt
685,10951,Non Forêt,Non Forêt
685,10952,Non Forêt,Non Forêt
685,10953,Non Forêt,Non Forêt
686,10961,Forêt,Forêt
686,10962,Non Forêt,Non Forêt
686,10963,Non Forêt,Non Forêt
686,10964,Forêt,Forêt
686,10965,Forêt,Forêt
686,10966,Forêt,Non Forêt
686,10967,Forêt,Non Forêt
686,10968,Forêt,Forêt
686,10969,Forêt,Non Forêt
687,10977,Non Forêt,Forêt
687,10978,Non Forêt,Forêt
687,10979,Non Forêt,Forêt
687,10980,Non Forêt,Non Forêt
687,10981,Forêt,Forêt
687,10982,Forêt,Forêt
687,10983,Non Forêt,Non Forêt
687,10984,Non Forêt,Non Forêt
687,10985,Forêt,Forêt
688,10993,Non interprétable,Non interprétable
688,10994,Non interprétable,Non interprétable
688,10995,Non interprétable,Forêt
688,10996,Forêt,Forêt
688,10997,Forêt,Forêt
688,10998,Forêt,Forêt
688,10999,Non Forêt,Non Forêt
688,11000,Non Forêt,Non Forêt
688,11001,Forêt,Forêt
689,11009,Forêt,Forêt
689,11010,Forêt,Forêt
689,11011,Forêt,Forêt
689,11012,Forêt,Forêt
689,11013,Non Forêt,Forêt
689,11014,Non Forêt,Forêt
689,11015,Forêt,Non Forêt
689,11016,Forêt,Non Forêt
689,11017,Forêt,Non Forêt
690,11025,Non Forêt,Non Forêt
690,11026,Forêt,Forêt
690,11027,Non Forêt,Forêt
690,11028,Non Forêt,Non Forêt
690,11029,Forêt,Forêt
690,11030,Non Forêt,Non Forêt
690,11031,Non Forêt,Non Forêt
690,11032,Non Forêt,Forêt
690,11033,Non Forêt,Non Forêt
691,11041,Non Forêt,Non Forêt
691,11042,Non Forêt,Non Forêt
691,11043,Non Forêt,Forêt
691,11044,Non Forêt,Non Forêt
691,11045,Non Forêt,Forêt
691,11046,Non Forêt,Forêt
691,11047,Non Forêt,Non Forêt
691,11048,Non Forêt,Non Forêt
691,11049,Non Forêt,Non Forêt
692,11057,Forêt,Forêt
692,11058,Forêt,Forêt
692,11059,Non Forêt,Forêt
692,11060,Forêt,Forêt
692,11061,Forêt,Forêt
692,11062,Non Forêt,Forêt
692,11063,Non interprétable,Forêt
692,11064,Non interprétable,Forêt
692,11065,Forêt,Forêt
693,11073,Non Forêt,Non Forêt
693,11074,Non Forêt,Non Forêt
693,11075,Non Forêt,Non interprétable
693,11076,Non Forêt,Non Forêt
693,11077,Non Forêt,Non Forêt
693,11078,Non Forêt,Non interprétable
693,11079,Forêt,Forêt
693,11080,Forêt,Forêt
693,11081,Non Forêt,Non Forêt
694,11089,Non Forêt,Non Forêt
694,11090,Non Forêt,Non Forêt
694,11091,Forêt,Forêt
694,11092,Non Forêt,Non Forêt
694,11093,Forêt,Forêt
694,11094,Non Forêt,Non Forêt
694,11095,Non Forêt,Non Forêt
694,11096,Forêt,Forêt
694,11097,Non Forêt,Forêt
695,11105,Forêt,Forêt
695,11106,Forêt,Forêt
695,11107,Forêt,Forêt
695,11108,Forêt,Forêt
695,11109,Non Forêt,Non Forêt
695,11110,Non Forêt,Non Forêt
695,11111,Non Forêt,Forêt
695,11112,Non Forêt,Non Forêt
695,11113,Non Forêt,Non Forêt
696,11121,Non Forêt,Non Forêt
696,11122,Forêt,Forêt
696,11123,Forêt,Forêt
696,11124,Non Forêt,Non Forêt
696,11125,Forêt,Forêt
696,11126,Forêt,Forêt
696,11127,Non Forêt,Forêt
696,11128,Forêt,Forêt
696,11129,Forêt,Forêt
697,11137,Non Forêt,Non Forêt
697,11138,Non Forêt,Non Forêt
697,11139,Non Forêt,Forêt
697,11140,Non Forêt,Non Forêt
697,11141,Non Forêt,Non Forêt
697,11142,Non Forêt,Non Forêt
697,11143,Non Forêt,Non Forêt
697,11144,Non Forêt,Non Forêt
697,11145,Non Forêt,Non Forêt
698,11153,Non Forêt,Forêt
698,11154,Non Forêt,Non Forêt
698,11155,Non Forêt,Non Forêt
698,11156,Non Forêt,Non Forêt
698,11157,Non Forêt,Non Forêt
698,11158,Non Forêt,Non Forêt
698,11159,Non Forêt,Non Forêt
698,11160,Non Forêt,Non Forêt
698,11161,Non Forêt,Non Forêt
699,11169,Non Forêt,Non Forêt
699,11170,Non Forêt,Non Forêt
699,11171,Non Forêt,Non Forêt
699,11172,Non Forêt,Forêt
699,11173,Non Forêt,Non Forêt
699,11174,Forêt,Forêt
699,11175,Non Forêt,Non Forêt
699,11176,Forêt,Non Forêt
699,11177,Forêt,Forêt
700,11185,Non Forêt,Non Forêt
700,11186,Non Forêt,Non Forêt
700,11187,Non Forêt,Non Forêt
700,11188,Forêt,Non Forêt
700,11189,Forêt,Non Forêt
700,11190,Non Forêt,Non Forêt
700,11191,Forêt,Non Forêt
700,11192,Forêt,Non Forêt
700,11193,Forêt,Non Forêt
701,11201,Non Forêt,Non Forêt
701,11202,Non Forêt,Forêt
701,11203,Non Forêt,Forêt
701,11204,Non Forêt,Non Forêt
701,11205,Non Forêt,Non Forêt
701,11206,Non Forêt,Non Forêt
701,11207,Non Forêt,Non Forêt
701,11208,Non Forêt,Non Forêt
701,11209,Non Forêt,Non Forêt
702,11217,Forêt,Non Forêt
702,11218,Forêt,Non Forêt
702,11219,Forêt,Forêt
702,11220,Non Forêt,Non Forêt
702,11221,Non Forêt,Non Forêt
702,11222,Forêt,Forêt
702,11223,Non Forêt,Non Forêt
702,11224,Non Forêt,Non Forêt
702,11225,Non Forêt,Non Forêt
703,11233,Non Forêt,Forêt
703,11234,Forêt,Forêt
703,11235,Non Forêt,Forêt
703,11236,Forêt,Forêt
703,11237,Forêt,Non Forêt
703,11238,Non Forêt,Forêt
703,11239,Non Forêt,Forêt
703,11240,Non Forêt,Non Forêt
703,11241,Forêt,Forêt
704,11249,Non Forêt,Forêt
704,11250,Forêt,Non Forêt
704,11251,Forêt,Forêt
704,11252,Non Forêt,Forêt
704,11253,Non Forêt,Forêt
704,11254,Non Forêt,Non Forêt
704,11255,Non Forêt,Forêt
704,11256,Non Forêt,Non Forêt
704,11257,Non Forêt,Non Forêt
705,11265,Forêt,Forêt
705,11266,Non Forêt,Forêt
705,11267,Forêt,Forêt
705,11268,Non Forêt,Forêt
705,11269,Non Forêt,Forêt
705,11270,Non Forêt,Forêt
705,11271,Non Forêt,Non Forêt
705,11272,Non Forêt,Non Forêt
705,11273,Forêt,Forêt
706,11281,Non Forêt,Non Forêt
706,11282,Forêt,Forêt
706,11283,Forêt,Forêt
706,11284,Non Forêt,Non Forêt
706,11285,Non Forêt,Forêt
706,11286,Forêt,Forêt
706,11287,Non Forêt,Non Forêt
706,11288,Non Forêt,Forêt
706,11289,Forêt,Forêt
707,11297,Forêt,Non Forêt
707,11298,Forêt,Non Forêt
707,11299,Non Forêt,Non Forêt
707,11300,Non Forêt,Non Forêt
707,11301,Forêt,Non Forêt
707,11302,Forêt,Non Forêt
707,11303,Non Forêt,Non Forêt
707,11304,Forêt,Non Forêt
707,11305,Forêt,Non Forêt
708,11313,Forêt,Forêt
708,11314,Forêt,Forêt
708,11315,Forêt,Forêt
708,11316,Forêt,Non Forêt
708,11317,Non Forêt,Forêt
708,11318,Forêt,Forêt
708,11319,Forêt,Non Forêt
708,11320,Forêt,Forêt
708,11321,Forêt,Forêt
709,11329,Forêt,Non Forêt
709,11330,Non Forêt,Non Forêt
709,11331,Non Forêt,Forêt
709,11332,Forêt,Non Forêt
709,11333,Forêt,Non Forêt
709,11334,Forêt,Forêt
709,11335,Non Forêt,Forêt
709,11336,Forêt,Forêt
709,11337,Forêt,Forêt
710,11345,Forêt,Forêt
710,11346,Non Forêt,Forêt
710,11347,Non Forêt,Forêt
710,11348,Non Forêt,Forêt
710,11349,Non Forêt,Forêt
710,11350,Non Forêt,Forêt
710,11351,Non Forêt,Non Forêt
710,11352,Non Forêt,Non Forêt
710,11353,Non Forêt,Forêt
711,11361,Non Forêt,Forêt
711,11362,Forêt,Forêt
711,11363,Forêt,Forêt
711,11364,Non Forêt,Forêt
711,11365,Forêt,Forêt
711,11366,Non Forêt,Non Forêt
711,11367,Non Forêt,Forêt
711,11368,Non Forêt,Forêt
711,11369,Forêt,Forêt
712,11377,Forêt,Forêt
712,11378,Forêt,Forêt
712,11379,Non Forêt,Forêt
712,11380,Forêt,Forêt
712,11381,Forêt,Forêt
712,11382,Non Forêt,Non Forêt
712,11383,Non Forêt,Forêt
712,11384,Forêt,Forêt
712,11385,Forêt,Forêt
713,11393,Non Forêt,Forêt
713,11394,Forêt,Forêt
713,11395,Forêt,Forêt
713,11396,Non Forêt,Forêt
713,11397,Non Forêt,Forêt
713,11398,Non Forêt,Forêt
713,11399,Non Forêt,Non Forêt
713,11400,Non Forêt,Non Forêt
713,11401,Non Forêt,Non Forêt
714,11409,Forêt,Forêt
714,11410,Forêt,Forêt
714,11411,Forêt,Forêt
714,11412,Forêt,Forêt
714,11413,Non Forêt,Non Forêt
714,11414,Non Forêt,Forêt
714,11415,Forêt,Forêt
714,11416,Non Forêt,Non Forêt
714,11417,Non Forêt,Non Forêt
715,11425,Non Forêt,Forêt
715,11426,Non Forêt,Non Forêt
715,11427,Non Forêt,Non Forêt
715,11428,Non Forêt,Forêt
715,11429,Non Forêt,Non Forêt
715,11430,Non Forêt,Non Forêt
715,11431,Non Forêt,Forêt
715,11432,Non Forêt,Non Forêt
715,11433,Non Forêt,Non Forêt
716,11441,Non Forêt,Non Forêt
716,11442,Non Forêt,Non Forêt
716,11443,Non Forêt,Forêt
716,11444,Forêt,Forêt
716,11445,Forêt,Forêt
716,11446,Forêt,Forêt
716,11447,Forêt,Forêt
716,11448,Forêt,Forêt
716,11449,Forêt,Forêt
717,11457,Forêt,Forêt
717,11458,Non Forêt,Non Forêt
717,11459,Non Forêt,Non Forêt
717,11460,Forêt,Forêt
717,11461,Non Forêt,Non Forêt
717,11462,Non Forêt,Non Forêt
717,11463,Non Forêt,Non Forêt
717,11464,Non Forêt,Non Forêt
717,11465,Non Forêt,Non Forêt
718,11473,Forêt,Forêt
718,11474,Non Forêt,Forêt
718,11475,Non Forêt,Non Forêt
718,11476,Forêt,Forêt
718,11477,Non Forêt,Forêt
718,11478,Forêt,Non Forêt
718,11479,Forêt,Forêt
718,11480,Non Forêt,Forêt
718,11481,Non Forêt,Forêt
719,11489,Forêt,Forêt
719,11490,Non Forêt,Forêt
719,11491,Non Forêt,Non Forêt
719,11492,Forêt,Forêt
719,11493,Non Forêt,Forêt
719,11494,Non Forêt,Forêt
719,11495,Forêt,Forêt
719,11496,Non Forêt,Forêt
719,11497,Non Forêt,Forêt
720,11505,Non Forêt,Forêt
720,11506,Non Forêt,Forêt
720,11507,Non Forêt,Non Forêt
720,11508,Non Forêt,Non Forêt
720,11509,Non Forêt,Non Forêt
720,11510,Non Forêt,Non Forêt
720,11511,Non Forêt,Non Forêt
720,11512,Non Forêt,Non Forêt
720,11513,Non Forêt,Non Forêt
721,11521,Non Forêt,Non Forêt
721,11522,Non Forêt,Non Forêt
721,11523,Non Forêt,Non Forêt
721,11524,Non Forêt,Non Forêt
721,11525,Non Forêt,Non Forêt
721,11526,Non Forêt,Non Forêt
721,11527,Non Forêt,Non Forêt
721,11528,Non Forêt,Non Forêt
721,11529,Non Forêt,Non Forêt
722,11537,Forêt,Forêt
722,11538,Non Forêt,Non Forêt
722,11539,Non Forêt,Forêt
722,11540,Forêt,Forêt
722,11541,Non Forêt,Non Forêt
722,11542,Non Forêt,Non Forêt
722,11543,Non Forêt,Non Forêt
722,11544,Forêt,Forêt
722,11545,Forêt,Forêt
723,11553,Non Forêt,Non Forêt
723,11554,Non Forêt,Forêt
723,11555,Forêt,Forêt
723,11556,Forêt,Forêt
723,11557,Non Forêt,Non Forêt
723,11558,Forêt,Forêt
723,11559,Non Forêt,Non Forêt
723,11560,Non Forêt,Non Forêt
723,11561,Forêt,Non Forêt
724,11569,Forêt,Forêt
724,11570,Non Forêt,Forêt
724,11571,Non Forêt,Forêt
724,11572,Non Forêt,Non Forêt
724,11573,Non Forêt,Non Forêt
724,11574,Non Forêt,Non Forêt
724,11575,Forêt,Non Forêt
724,11576,Forêt,Non Forêt
724,11577,Forêt,Non Forêt
725,11585,Non Forêt,Non Forêt
725,11586,Non Forêt,Non Forêt
725,11587,Non Forêt,Non Forêt
725,11588,Non Forêt,Non Forêt
725,11589,Non Forêt,Non Forêt
725,11590,Non Forêt,Non Forêt
725,11591,Non Forêt,Non Forêt
725,11592,Non Forêt,Non Forêt
725,11593,Non Forêt,Non Forêt
726,11601,Non Forêt,Non Forêt
726,11602,Non Forêt,Non Forêt
726,11603,Non Forêt,Non Forêt
726,11604,Non Forêt,Non Forêt
726,11605,Non Forêt,Non Forêt
726,11606,Non Forêt,Non Forêt
726,11607,Non Forêt,Non Forêt
726,11608,Non Forêt,Non Forêt
726,11609,Non Forêt,Non Forêt
727,11617,Non Forêt,Forêt
727,11618,Non Forêt,Forêt
727,11619,Non Forêt,Forêt
727,11620,Forêt,Forêt
727,11621,Non Forêt,Forêt
727,11622,Forêt,Forêt
727,11623,Forêt,Forêt
727,11624,Forêt,Forêt
727,11625,Forêt,Forêt
728,11633,Non Forêt,Forêt
728,11634,Non Forêt,Non Forêt
728,11635,Non Forêt,Forêt
728,11636,Non Forêt,Forêt
728,11637,Non Forêt,Non Forêt
728,11638,Non Forêt,Forêt
728,11639,Non Forêt,Forêt
728,11640,Non Forêt,Non Forêt
728,11641,Non Forêt,Forêt
729,11649,Non Forêt,Non Forêt
729,11650,Non Forêt,Non Forêt
729,11651,Non Forêt,Non Forêt
729,11652,Forêt,Forêt
729,11653,Forêt,Forêt
729,11654,Forêt,Forêt
729,11655,Forêt,Forêt
729,11656,Non Forêt,Forêt
729,11657,Forêt,Forêt
730,11665,Forêt,Forêt
730,11666,Forêt,Forêt
730,11667,Non Forêt,Forêt
730,11668,Forêt,Forêt
730,11669,Forêt,Forêt
730,11670,Non Forêt,Forêt
730,11671,Forêt,Forêt
730,11672,Forêt,Forêt
730,11673,Non interprétable,Forêt
731,11681,Forêt,Forêt
731,11682,Forêt,Forêt
731,11683,Non Forêt,Forêt
731,11684,Forêt,Forêt
731,11685,Forêt,Forêt
731,11686,Non Forêt,Non Forêt
731,11687,Forêt,Forêt
731,11688,Forêt,Forêt
731,11689,Non Forêt,Non Forêt
732,11697,Non Forêt,Non Forêt
732,11698,Non Forêt,Non Forêt
732,11699,Non Forêt,Non Forêt
732,11700,Forêt,Forêt
732,11701,Non Forêt,Forêt
732,11702,Non Forêt,Forêt
732,11703,Forêt,Forêt
732,11704,Forêt,Forêt
732,11705,Non Forêt,Forêt
733,11713,Non interprétable,Forêt
733,11714,Forêt,Forêt
733,11715,Non interprétable,Forêt
733,11716,Forêt,Forêt
733,11717,Forêt,Forêt
733,11718,Forêt,Forêt
733,11719,Forêt,Forêt
733,11720,Non interprétable,Non Forêt
733,11721,Non interprétable,Forêt
734,11729,Non Forêt,Non Forêt
734,11730,Non Forêt,Forêt
734,11731,Forêt,Forêt
734,11732,Non Forêt,Non Forêt
734,11733,Non Forêt,Forêt
734,11734,Forêt,Forêt
734,11735,Non Forêt,Non Forêt
734,11736,Non Forêt,Non Forêt
734,11737,Forêt,Forêt
735,11745,Non Forêt,Non Forêt
735,11746,Non Forêt,Non Forêt
735,11747,Non Forêt,Non Forêt
735,11748,Non Forêt,Non Forêt
735,11749,Non Forêt,Non Forêt
735,11750,Non Forêt,Non Forêt
735,11751,Non Forêt,Non Forêt
735,11752,Non Forêt,Non Forêt
735,11753,Non Forêt,Non Forêt
736,11761,Non Forêt,Forêt
736,11762,Non Forêt,Forêt
736,11763,Non Forêt,Forêt
736,11764,Non Forêt,Forêt
736,11765,Non Forêt,Forêt
736,11766,Non Forêt,Forêt
736,11767,Non Forêt,Forêt
736,11768,Non Forêt,Forêt
736,11769,Non Forêt,Forêt
737,11777,Non Forêt,Non Forêt
737,11778,Non Forêt,Non Forêt
737,11779,Non Forêt,Non Forêt
737,11780,Forêt,Non Forêt
737,11781,Forêt,Non Forêt
737,11782,Forêt,Non Forêt
737,11783,Forêt,Non Forêt
737,11784,Forêt,Non Forêt
737,11785,Forêt,Non Forêt
738,11793,Non Forêt,Forêt
738,11794,Forêt,Forêt
738,11795,Forêt,Forêt
738,11796,Forêt,Forêt
738,11797,Forêt,Forêt
738,11798,Non Forêt,Forêt
738,11799,Forêt,Forêt
738,11800,Forêt,Forêt
738,11801,Non Forêt,Forêt
739,11809,Forêt,Forêt
739,11810,Non Forêt,Forêt
739,11811,Non Forêt,Non Forêt
739,11812,Forêt,Forêt
739,11813,Forêt,Forêt
739,11814,Non Forêt,Non Forêt
739,11815,Forêt,Forêt
739,11816,Forêt,Forêt
739,11817,Forêt,Forêt
740,11825,Forêt,Forêt
740,11826,Forêt,Forêt
740,11827,Forêt,Forêt
740,11828,Non Forêt,Forêt
740,11829,Forêt,Forêt
740,11830,Forêt,Forêt
740,11831,Non Forêt,Non Forêt
740,11832,Non Forêt,Non Forêt
740,11833,Non Forêt,Non Forêt
741,11841,Forêt,Non Forêt
741,11842,Non Forêt,Non Forêt
741,11843,Non Forêt,Non Forêt
741,11844,Non Forêt,Non Forêt
741,11845,Non Forêt,Non Forêt
741,11846,Non Forêt,Non Forêt
741,11847,Non Forêt,Non Forêt
741,11848,Non Forêt,Non Forêt
741,11849,Non Forêt,Non Forêt
742,11857,Non Forêt,Non Forêt
742,11858,Non Forêt,Non Forêt
742,11859,Non Forêt,Non Forêt
742,11860,Forêt,Forêt
742,11861,Forêt,Forêt
742,11862,Forêt,Forêt
742,11863,Non Forêt,Forêt
742,11864,Non Forêt,Forêt
742,11865,Non Forêt,Forêt
743,11873,Non Forêt,Non Forêt
743,11874,Non Forêt,Forêt
743,11875,Non Forêt,Non Forêt
743,11876,Non Forêt,Forêt
743,11877,Forêt,Forêt
743,11878,Forêt,Forêt
743,11879,Non Forêt,Forêt
743,11880,Forêt,Forêt
743,11881,Forêt,Forêt
744,11889,Forêt,Forêt
744,11890,Non Forêt,Forêt
744,11891,Non Forêt,Forêt
744,11892,Forêt,Forêt
744,11893,Forêt,Forêt
744,11894,Forêt,Forêt
744,11895,Non Forêt,Non Forêt
744,11896,Non Forêt,Non Forêt
744,11897,Forêt,Forêt
745,11905,Non Forêt,Forêt
745,11906,Non Forêt,Forêt
745,11907,Non Forêt,Forêt
745,11908,Non Forêt,Forêt
745,11909,Non Forêt,Forêt
745,11910,Non Forêt,Forêt
745,11911,Non Forêt,Forêt
745,11912,Non Forêt,Forêt
745,11913,Non Forêt,Forêt
746,11921,Forêt,Forêt
746,11922,Forêt,Forêt
746,11923,Forêt,Forêt
746,11924,Non Forêt,Forêt
746,11925,Forêt,Forêt
746,11926,Non Forêt,Non Forêt
746,11927,Non Forêt,Forêt
746,11928,Non Forêt,Forêt
746,11929,Forêt,Forêt
747,11937,Non Forêt,Forêt
747,11938,Forêt,Forêt
747,11939,Forêt,Forêt
747,11940,Non Forêt,Non Forêt
747,11941,Forêt,Forêt
747,11942,Forêt,Forêt
747,11943,Non Forêt,Non Forêt
747,11944,Non Forêt,Forêt
747,11945,Forêt,Forêt
748,11953,Non Forêt,Forêt
748,11954,Non Forêt,Forêt
748,11955,Forêt,Forêt
748,11956,Non Forêt,Forêt
748,11957,Non Forêt,Forêt
748,11958,Non Forêt,Forêt
748,11959,Non Forêt,Forêt
748,11960,Non Forêt,Forêt
748,11961,Non Forêt,Forêt
749,11969,Forêt,Non Forêt
749,11970,Forêt,Non Forêt
749,11971,Non Forêt,Non Forêt
749,11972,Non Forêt,Non Forêt
749,11973,Non interprétable,Non Forêt
749,11974,Forêt,Non Forêt
749,11975,Forêt,Non Forêt
749,11976,Forêt,Non Forêt
749,11977,Forêt,Non Forêt
750,11985,Non Forêt,Non Forêt
750,11986,Forêt,Forêt
750,11987,Forêt,Forêt
750,11988,Non Forêt,Non Forêt
750,11989,Non Forêt,Non Forêt
750,11990,Forêt,Forêt
750,11991,Non Forêt,Forêt
750,11992,Forêt,Non Forêt
750,11993,Forêt,Non Forêt
751,12001,Non Forêt,Non Forêt
751,12002,Non Forêt,Non Forêt
751,12003,Non Forêt,Non Forêt
751,12004,Non Forêt,Forêt
751,12005,Non Forêt,Non Forêt
751,12006,Non Forêt,Non Forêt
751,12007,Forêt,Non Forêt
751,12008,Forêt,Non Forêt
751,12009,Non Forêt,Forêt
752,12017,Non Forêt,Non Forêt
752,12018,Non Forêt,Non Forêt
752,12019,Non Forêt,Non Forêt
752,12020,Non Forêt,Non Forêt
752,12021,Non Forêt,Non Forêt
752,12022,Non Forêt,Non Forêt
752,12023,Non Forêt,Non Forêt
752,12024,Non Forêt,Non Forêt
752,12025,Non Forêt,Non Forêt
753,12033,Non interprétable,Forêt
753,12034,Non interprétable,Forêt
753,12035,Forêt,Non Forêt
753,12036,Non interprétable,Forêt
753,12037,Non interprétable,Forêt
753,12038,Forêt,Non Forêt
753,12039,Forêt,Forêt
753,12040,Forêt,Forêt
753,12041,Forêt,Non Forêt
754,12049,Forêt,Forêt
754,12050,Non Forêt,Non Forêt
754,12051,Forêt,Non Forêt
754,12052,Non Forêt,Non Forêt
754,12053,Forêt,Forêt
754,12054,Non Forêt,Non Forêt
754,12055,Non Forêt,Non Forêt
754,12056,Non Forêt,Non Forêt
754,12057,Forêt,Non Forêt
755,12065,Non Forêt,Non Forêt
755,12066,Forêt,Forêt
755,12067,Non Forêt,Forêt
755,12068,Non Forêt,Non Forêt
755,12069,Forêt,Forêt
755,12070,Non Forêt,Forêt
755,12071,Non Forêt,Non Forêt
755,12072,Forêt,Forêt
755,12073,Non Forêt,Forêt
756,12081,Forêt,Forêt
756,12082,Forêt,Forêt
756,12083,Non Forêt,Non Forêt
756,12084,Non Forêt,Forêt
756,12085,Forêt,Forêt
756,12086,Forêt,Forêt
756,12087,Non Forêt,Non Forêt
756,12088,Non Forêt,Forêt
756,12089,Forêt,Forêt
757,12097,Non Forêt,Forêt
757,12098,Forêt,Forêt
757,12099,Forêt,Non Forêt
757,12100,Non Forêt,Forêt
757,12101,Non Forêt,Forêt
757,12102,Forêt,Forêt
757,12103,Non Forêt,Forêt
757,12104,Non Forêt,Forêt
757,12105,Non Forêt,Forêt
758,12113,Forêt,Forêt
758,12114,Forêt,Forêt
758,12115,Forêt,Forêt
758,12116,Forêt,Forêt
758,12117,Non Forêt,Non Forêt
758,12118,Forêt,Non Forêt
758,12119,Forêt,Forêt
758,12120,Forêt,Non Forêt
758,12121,Forêt,Non Forêt
759,12129,Non Forêt,Non Forêt
759,12130,Forêt,Non Forêt
759,12131,Forêt,Non Forêt
759,12132,Non Forêt,Non Forêt
759,12133,Non Forêt,Non Forêt
759,12134,Non Forêt,Non Forêt
759,12135,Non Forêt,Non Forêt
759,12136,Non Forêt,Non Forêt
759,12137,Non Forêt,Non Forêt
760,12145,Non Forêt,Non Forêt
760,12146,Non Forêt,Non Forêt
760,12147,Non Forêt,Non Forêt
760,12148,Non Forêt,Non Forêt
760,12149,Non Forêt,Non Forêt
760,12150,Non Forêt,Non Forêt
760,12151,Non Forêt,Non Forêt
760,12152,Non Forêt,Non Forêt
760,12153,Non Forêt,Non Forêt
761,12161,Non Forêt,Non Forêt
761,12162,Non Forêt,Forêt
761,12163,Non Forêt,Forêt
761,12164,Non Forêt,Non Forêt
761,12165,Non Forêt,Non Forêt
761,12166,Non Forêt,Forêt
761,12167,Non Forêt,Non Forêt
761,12168,Non Forêt,Non Forêt
761,12169,Non Forêt,Forêt
762,12177,Non Forêt,Non Forêt
762,12178,Non Forêt,Forêt
762,12179,Non Forêt,Non Forêt
762,12180,Non Forêt,Non Forêt
762,12181,Forêt,Forêt
762,12182,Forêt,Non Forêt
762,12183,Non Forêt,Non Forêt
762,12184,Non Forêt,Non Forêt
762,12185,Forêt,Forêt
763,12193,Non Forêt,Non Forêt
763,12194,Non Forêt,Non Forêt
763,12195,Non Forêt,Non Forêt
763,12196,Non Forêt,Non Forêt
763,12197,Non Forêt,Non Forêt
763,12198,Non Forêt,Non Forêt
763,12199,Non Forêt,Forêt
763,12200,Non Forêt,Non Forêt
763,12201,Non Forêt,Non Forêt
764,12209,Non Forêt,Forêt
764,12210,Non interprétable,Non Forêt
764,12211,Non interprétable,Forêt
764,12212,Non Forêt,Non Forêt
764,12213,Non Forêt,Non Forêt
764,12214,Forêt,Forêt
764,12215,Non Forêt,Forêt
764,12216,Non Forêt,Non Forêt
764,12217,Non interprétable,Forêt
765,12225,Forêt,Forêt
765,12226,Non Forêt,Forêt
765,12227,Forêt,Forêt
765,12228,Forêt,Forêt
765,12229,Forêt,Non Forêt
765,12230,Forêt,Forêt
765,12231,Forêt,Non Forêt
765,12232,Forêt,Non Forêt
765,12233,Forêt,Non Forêt
766,12241,Non interprétable,Non Forêt
766,12242,Non interprétable,Non Forêt
766,12243,Non interprétable,Non Forêt
766,12244,Non interprétable,Non Forêt
766,12245,Non interprétable,Non Forêt
766,12246,Non interprétable,Non Forêt
766,12247,Non interprétable,Non Forêt
766,12248,Non interprétable,Non Forêt
766,12249,Non interprétable,Non Forêt
767,12257,Non Forêt,Non Forêt
767,12258,Forêt,Non Forêt
767,12259,Forêt,Non Forêt
767,12260,Non Forêt,Non Forêt
767,12261,Non Forêt,Non Forêt
767,12262,Forêt,Non Forêt
767,12263,Non Forêt,Non Forêt
767,12264,Non Forêt,Non Forêt
767,12265,Forêt,Non Forêt
768,12273,Non Forêt,Non Forêt
768,12274,Forêt,Forêt
768,12275,Forêt,Forêt
768,12276,Forêt,Forêt
768,12277,Forêt,Forêt
768,12278,Forêt,Forêt
768,12279,Forêt,Forêt
768,12280,Forêt,Forêt
768,12281,Forêt,Forêt
769,12289,Forêt,Forêt
769,12290,Forêt,Forêt
769,12291,Forêt,Forêt
769,12292,Forêt,Forêt
769,12293,Forêt,Forêt
769,12294,Forêt,Non Forêt
769,12295,Forêt,Forêt
769,12296,Forêt,Forêt
769,12297,Forêt,Forêt
770,12305,Forêt,Forêt
770,12306,Non Forêt,Non Forêt
770,12307,Non Forêt,Forêt
770,12308,Forêt,Forêt
770,12309,Non Forêt,Forêt
770,12310,Forêt,Forêt
770,12311,Forêt,Forêt
770,12312,Forêt,Forêt
770,12313,Forêt,Forêt
771,12321,Forêt,Forêt
771,12322,Non Forêt,Non Forêt
771,12323,Forêt,Non Forêt
771,12324,Forêt,Forêt
771,12325,Forêt,Forêt
771,12326,Forêt,Forêt
771,12327,Forêt,Forêt
771,12328,Forêt,Forêt
771,12329,Forêt,Forêt
772,12337,Non Forêt,Non Forêt
772,12338,Non Forêt,Non Forêt
772,12339,Forêt,Forêt
772,12340,Non Forêt,Non Forêt
772,12341,Forêt,Forêt
772,12342,Forêt,Forêt
772,12343,Non Forêt,Forêt
772,12344,Forêt,Forêt
772,12345,Forêt,Forêt
773,12353,Non Forêt,Forêt
773,12354,Forêt,Forêt
773,12355,Non Forêt,Forêt
773,12356,Forêt,Forêt
773,12357,Forêt,Forêt
773,12358,Non Forêt,Forêt
773,12359,Forêt,Forêt
773,12360,Non Forêt,Forêt
773,12361,Non Forêt,Forêt
774,12369,Forêt,Forêt
774,12370,Forêt,Forêt
774,12371,Non Forêt,Non Forêt
774,12372,Non Forêt,Non Forêt
774,12373,Non Forêt,Forêt
774,12374,Non Forêt,Non Forêt
774,12375,Non Forêt,Forêt
774,12376,Forêt,Forêt
774,12377,Non Forêt,Non Forêt
775,12385,Forêt,Forêt
775,12386,Forêt,Forêt
775,12387,Forêt,Forêt
775,12388,Forêt,Forêt
775,12389,Non Forêt,Forêt
775,12390,Non Forêt,Non Forêt
775,12391,Forêt,Forêt
775,12392,Forêt,Forêt
775,12393,Non Forêt,Non Forêt
776,12401,Forêt,Forêt
776,12402,Forêt,Forêt
776,12403,Forêt,Forêt
776,12404,Non Forêt,Forêt
776,12405,Non Forêt,Forêt
776,12406,Non Forêt,Forêt
776,12407,Non Forêt,Non Forêt
776,12408,Non Forêt,Forêt
776,12409,Forêt,Forêt
777,12417,Non Forêt,Non Forêt
777,12418,Non Forêt,Non Forêt
777,12419,Non Forêt,Non Forêt
777,12420,Non Forêt,Non Forêt
777,12421,Non Forêt,Forêt
777,12422,Non Forêt,Forêt
777,12423,Non Forêt,Non Forêt
777,12424,Non Forêt,Non Forêt
777,12425,Non Forêt,Forêt
778,12433,Forêt,Forêt
778,12434,Forêt,Forêt
778,12435,Forêt,Forêt
778,12436,Forêt,Forêt
778,12437,Forêt,Forêt
778,12438,Forêt,Forêt
778,12439,Non Forêt,Forêt
778,12440,Non Forêt,Non Forêt
778,12441,Forêt,Non Forêt
779,12449,Non Forêt,Non Forêt
779,12450,Non Forêt,Non Forêt
779,12451,Non Forêt,Non Forêt
779,12452,Forêt,Forêt
779,12453,Non Forêt,Forêt
779,12454,Non Forêt,Non Forêt
779,12455,Forêt,Forêt
779,12456,Forêt,Forêt
779,12457,Forêt,Forêt
780,12465,Non Forêt,Non Forêt
780,12466,Non Forêt,Non Forêt
780,12467,Non Forêt,Non Forêt
780,12468,Non Forêt,Non Forêt
780,12469,Non Forêt,Non Forêt
780,12470,Non Forêt,Non Forêt
780,12471,Forêt,Forêt
780,12472,Non Forêt,Non Forêt
780,12473,Non Forêt,Non Forêt
781,12481,Non Forêt,Forêt
781,12482,Forêt,Forêt
781,12483,Forêt,Forêt
781,12484,Non Forêt,Forêt
781,12485,Forêt,Forêt
781,12486,Forêt,Forêt
781,12487,Forêt,Non Forêt
781,12488,Non Forêt,Non Forêt
781,12489,Forêt,Forêt
782,12497,Non Forêt,Non Forêt
782,12498,Non Forêt,Forêt
782,12499,Non Forêt,Forêt
782,12500,Non Forêt,Forêt
782,12501,Non Forêt,Forêt
782,12502,Non Forêt,Forêt
782,12503,Non Forêt,Non Forêt
782,12504,Non Forêt,Non Forêt
782,12505,Non Forêt,Non Forêt
783,12513,Non Forêt,Non Forêt
783,12514,Non Forêt,Non Forêt
783,12515,Non Forêt,Non Forêt
783,12516,Forêt,Non Forêt
783,12517,Forêt,Forêt
783,12518,Forêt,Forêt
783,12519,Non interprétable,Forêt
783,12520,Forêt,Forêt
783,12521,Forêt,Forêt
784,12529,Non interprétable,Forêt
784,12530,Non interprétable,Forêt
784,12531,Non interprétable,Forêt
784,12532,Non interprétable,Forêt
784,12533,Non interprétable,Forêt
784,12534,Non interprétable,Forêt
784,12535,Non interprétable,Forêt
784,12536,Non interprétable,Forêt
784,12537,Non interprétable,Forêt
785,12545,Non interprétable,Forêt
785,12546,Non interprétable,Forêt
785,12547,Non interprétable,Forêt
785,12548,Non interprétable,Non Forêt
785,12549,Forêt,Forêt
785,12550,Forêt,Forêt
785,12551,Non interprétable,Non Forêt
785,12552,Non interprétable,Non Forêt
785,12553,Non interprétable,Forêt
786,12561,Forêt,Non Forêt
786,12562,Non interprétable,Forêt
786,12563,Non interprétable,Forêt
786,12564,Forêt,Forêt
786,12565,Non interprétable,Forêt
786,12566,Non interprétable,Forêt
786,12567,Forêt,Forêt
786,12568,Forêt,Forêt
786,12569,Forêt,Forêt
787,12577,Non Forêt,Non Forêt
787,12578,Forêt,Forêt
787,12579,Forêt,Forêt
787,12580,Non Forêt,Forêt
787,12581,Forêt,Forêt
787,12582,Non Forêt,Forêt
787,12583,Non Forêt,Non Forêt
787,12584,Forêt,Forêt
787,12585,Forêt,Forêt
788,12593,Forêt,Non Forêt
788,12594,Forêt,Forêt
788,12595,Non interprétable,Forêt
788,12596,Forêt,Forêt
788,12597,Forêt,Non Forêt
788,12598,Non interprétable,Forêt
788,12599,Non Forêt,Non Forêt
788,12600,Non Forêt,Non Forêt
788,12601,Forêt,Forêt
789,12609,Non Forêt,Non Forêt
789,12610,Forêt,Forêt
789,12611,Forêt,Forêt
789,12612,Forêt,Forêt
789,12613,Forêt,Forêt
789,12614,Forêt,Forêt
789,12615,Forêt,Forêt
789,12616,Forêt,Forêt
789,12617,Non Forêt,Forêt
790,12625,Non Forêt,Non Forêt
790,12626,Non Forêt,Non Forêt
790,12627,Forêt,Forêt
790,12628,Non Forêt,Forêt
790,12629,Forêt,Forêt
790,12630,Forêt,Forêt
790,12631,Forêt,Forêt
790,12632,Non Forêt,Forêt
790,12633,Non Forêt,Forêt
791,12641,Forêt,Forêt
791,12642,Forêt,Forêt
791,12643,Forêt,Forêt
791,12644,Non Forêt,Forêt
791,12645,Forêt,Forêt
791,12646,Non Forêt,Forêt
791,12647,Non Forêt,Forêt
791,12648,Non Forêt,Forêt
791,12649,Non Forêt,Forêt
792,12657,Non Forêt,Non Forêt
792,12658,Non Forêt,Non Forêt
792,12659,Non Forêt,Non Forêt
792,12660,Non Forêt,Non Forêt
792,12661,Non Forêt,Non Forêt
792,12662,Non Forêt,Non Forêt
792,12663,Non Forêt,Non Forêt
792,12664,Non Forêt,Non Forêt
792,12665,Non Forêt,Non Forêt
793,12673,Forêt,Forêt
793,12674,Forêt,Forêt
793,12675,Forêt,Forêt
793,12676,Forêt,Forêt
793,12677,Forêt,Forêt
793,12678,Forêt,Forêt
793,12679,Forêt,Forêt
793,12680,Forêt,Forêt
793,12681,Non Forêt,Forêt
794,12689,Forêt,Forêt
794,12690,Non Forêt,Forêt
794,12691,Forêt,Forêt
794,12692,Forêt,Forêt
794,12693,Non Forêt,Non Forêt
794,12694,Non Forêt,Forêt
794,12695,Non Forêt,Forêt
794,12696,Non Forêt,Non Forêt
794,12697,Non Forêt,Non Forêt
795,12705,Non Forêt,Non Forêt
795,12706,Non Forêt,Non Forêt
795,12707,Non Forêt,Forêt
795,12708,Non Forêt,Non Forêt
795,12709,Non Forêt,Non Forêt
795,12710,Non Forêt,Non Forêt
795,12711,Non Forêt,Non Forêt
795,12712,Non Forêt,Non Forêt
795,12713,Non Forêt,Non Forêt
796,12721,Forêt,Forêt
796,12722,Forêt,Forêt
796,12723,Forêt,Forêt
796,12724,Forêt,Forêt
796,12725,Forêt,Forêt
796,12726,Forêt,Forêt
796,12727,Forêt,Forêt
796,12728,Forêt,Forêt
796,12729,Forêt,Forêt
797,12737,Forêt,Forêt
797,12738,Non Forêt,Forêt
797,12739,Forêt,Forêt
797,12740,Forêt,Forêt
797,12741,Forêt,Forêt
797,12742,Non Forêt,Non Forêt
797,12743,Forêt,Forêt
797,12744,Non Forêt,Forêt
797,12745,Forêt,Forêt
798,12753,Forêt,Forêt
798,12754,Non Forêt,Forêt
798,12755,Forêt,Forêt
798,12756,Forêt,Forêt
798,12757,Forêt,Forêt
798,12758,Forêt,Forêt
798,12759,Non Forêt,Non Forêt
798,12760,Non Forêt,Forêt
798,12761,Forêt,Forêt
799,12769,Non Forêt,Forêt
799,12770,Non Forêt,Non Forêt
799,12771,Non Forêt,Non Forêt
799,12772,Non Forêt,Non Forêt
799,12773,Non Forêt,Non Forêt
799,12774,Non Forêt,Non Forêt
799,12775,Non Forêt,Non Forêt
799,12776,Non Forêt,Non Forêt
799,12777,Non Forêt,Non Forêt
800,12785,Forêt,Forêt
800,12786,Forêt,Forêt
800,12787,Forêt,Forêt
800,12788,Forêt,Forêt
800,12789,Forêt,Forêt
800,12790,Non Forêt,Forêt
800,12791,Non Forêt,Forêt
800,12792,Forêt,Forêt
800,12793,Non Forêt,Non Forêt
801,12801,Non Forêt,Non Forêt
801,12802,Non Forêt,Non Forêt
801,12803,Non Forêt,Non Forêt
801,12804,Non Forêt,Non Forêt
801,12805,Non Forêt,Non Forêt
801,12806,Non Forêt,Non Forêt
801,12807,Non Forêt,Non Forêt
801,12808,Non Forêt,Non Forêt
801,12809,Non Forêt,Non Forêt
802,12817,Non Forêt,Non Forêt
802,12818,Non Forêt,Non Forêt
802,12819,Non Forêt,Forêt
802,12820,Non Forêt,Non Forêt
802,12821,Non Forêt,Non Forêt
802,12822,Forêt,Forêt
802,12823,Non Forêt,Non Forêt
802,12824,Non Forêt,Non Forêt
802,12825,Non Forêt,Forêt
803,12833,Forêt,Forêt
803,12834,Forêt,Forêt
803,12835,Forêt,Forêt
803,12836,Forêt,Forêt
803,12837,Forêt,Forêt
803,12838,Forêt,Forêt
803,12839,Forêt,Forêt
803,12840,Forêt,Forêt
803,12841,Forêt,Forêt
804,12849,Forêt,Forêt
804,12850,Non Forêt,Forêt
804,12851,Non Forêt,Forêt
804,12852,Forêt,Forêt
804,12853,Non Forêt,Non Forêt
804,12854,Non Forêt,Forêt
804,12855,Non Forêt,Non Forêt
804,12856,Non Forêt,Non Forêt
804,12857,Non Forêt,Forêt
805,12865,Forêt,Forêt
805,12866,Forêt,Forêt
805,12867,Forêt,Forêt
805,12868,Forêt,Forêt
805,12869,Forêt,Forêt
805,12870,Forêt,Forêt
805,12871,Forêt,Forêt
805,12872,Forêt,Forêt
805,12873,Forêt,Forêt
806,12881,Non Forêt,Non Forêt
806,12882,Forêt,Forêt
806,12883,Forêt,Forêt
806,12884,Forêt,Forêt
806,12885,Forêt,Forêt
806,12886,Forêt,Forêt
806,12887,Forêt,Forêt
806,12888,Forêt,Forêt
806,12889,Forêt,Forêt
807,12897,Non Forêt,Forêt
807,12898,Non Forêt,Forêt
807,12899,Non Forêt,Forêt
807,12900,Non Forêt,Forêt
807,12901,Non Forêt,Forêt
807,12902,Non Forêt,Forêt
807,12903,Non Forêt,Forêt
807,12904,Non Forêt,Forêt
807,12905,Non Forêt,Forêt
808,12913,Non Forêt,Forêt
808,12914,Forêt,Forêt
808,12915,Forêt,Forêt
808,12916,Forêt,Forêt
808,12917,Forêt,Forêt
808,12918,Forêt,Forêt
808,12919,Non Forêt,Forêt
808,12920,Forêt,Forêt
808,12921,Forêt,Forêt
809,12929,Non Forêt,Non Forêt
809,12930,Non Forêt,Forêt
809,12931,Non Forêt,Non Forêt
809,12932,Forêt,Forêt
809,12933,Forêt,Forêt
809,12934,Non Forêt,Non Forêt
809,12935,Forêt,Forêt
809,12936,Forêt,Forêt
809,12937,Non Forêt,Non Forêt
810,12945,Non Forêt,Non Forêt
810,12946,Non Forêt,Non Forêt
810,12947,Non Forêt,Non Forêt
810,12948,Non Forêt,Non Forêt
810,12949,Non Forêt,Non Forêt
810,12950,Non Forêt,Non Forêt
810,12951,Non Forêt,Non Forêt
810,12952,Non Forêt,Non Forêt
810,12953,Non Forêt,Non Forêt
811,12961,Non Forêt,Non Forêt
811,12962,Non Forêt,Non Forêt
811,12963,Non Forêt,Non Forêt
811,12964,Non Forêt,Non Forêt
811,12965,Non Forêt,Non Forêt
811,12966,Non Forêt,Non Forêt
811,12967,Non Forêt,Non Forêt
811,12968,Non Forêt,Non Forêt
811,12969,Non Forêt,Non Forêt
812,12977,Non Forêt,Forêt
812,12978,Non Forêt,Non Forêt
812,12979,Non Forêt,Non Forêt
812,12980,Non Forêt,Non Forêt
812,12981,Non Forêt,Forêt
812,12982,Non Forêt,Non Forêt
812,12983,Non Forêt,Non Forêt
812,12984,Non Forêt,Non Forêt
812,12985,Non Forêt,Forêt
813,12993,Non Forêt,Forêt
813,12994,Non Forêt,Non Forêt
813,12995,Non Forêt,Non Forêt
813,12996,Non Forêt,Non Forêt
813,12997,Non Forêt,Non Forêt
813,12998,Non Forêt,Non Forêt
813,12999,Non Forêt,Forêt
813,13000,Non Forêt,Non Forêt
813,13001,Non Forêt,Non Forêt
814,13009,Non Forêt,Non Forêt
814,13010,Non Forêt,Forêt
814,13011,Non Forêt,Non Forêt
814,13012,Non Forêt,Non Forêt
814,13013,Non Forêt,Non Forêt
814,13014,Non Forêt,Non Forêt
814,13015,Non Forêt,Non Forêt
814,13016,Non Forêt,Non Forêt
814,13017,Non Forêt,Non Forêt
815,13025,Forêt,Non Forêt
815,13026,Non Forêt,Non Forêt
815,13027,Forêt,Non Forêt
815,13028,Non Forêt,Non Forêt
815,13029,Forêt,Non Forêt
815,13030,Forêt,Non Forêt
815,13031,Non Forêt,Non Forêt
815,13032,Non Forêt,Non Forêt
815,13033,Forêt,Non Forêt
816,13041,Non Forêt,Non Forêt
816,13042,Non Forêt,Non Forêt
816,13043,Non Forêt,Non Forêt
816,13044,Non Forêt,Non Forêt
816,13045,Non Forêt,Non Forêt
816,13046,Non Forêt,Non Forêt
816,13047,Non Forêt,Non Forêt
816,13048,Non Forêt,Non Forêt
816,13049,Non Forêt,Non Forêt
817,13057,Forêt,Forêt
817,13058,Non Forêt,Forêt
817,13059,Non Forêt,Non Forêt
817,13060,Forêt,Forêt
817,13061,Non Forêt,Forêt
817,13062,Non Forêt,Forêt
817,13063,Non Forêt,Non Forêt
817,13064,Forêt,Forêt
817,13065,Forêt,Forêt
818,13073,Forêt,Forêt
818,13074,Forêt,Forêt
818,13075,Non Forêt,Forêt
818,13076,Non Forêt,Forêt
818,13077,Non Forêt,Forêt
818,13078,Non Forêt,Non Forêt
818,13079,Non Forêt,Non Forêt
818,13080,Non Forêt,Non Forêt
818,13081,Non Forêt,Non Forêt
819,13089,Forêt,Forêt
819,13090,Forêt,Forêt
819,13091,Forêt,Forêt
819,13092,Forêt,Forêt
819,13093,Forêt,Forêt
819,13094,Forêt,Forêt
819,13095,Forêt,Forêt
819,13096,Forêt,Forêt
819,13097,Non Forêt,Forêt
820,13105,Non Forêt,Non Forêt
820,13106,Forêt,Non Forêt
820,13107,Forêt,Non Forêt
820,13108,Forêt,Non Forêt
820,13109,Forêt,Non Forêt
820,13110,Forêt,Non Forêt
820,13111,Non Forêt,Non Forêt
820,13112,Forêt,Non Forêt
820,13113,Non Forêt,Non Forêt
821,13121,Forêt,Non Forêt
821,13122,Forêt,Non Forêt
821,13123,Forêt,Non Forêt
821,13124,Forêt,Non Forêt
821,13125,Forêt,Non Forêt
821,13126,Forêt,Non Forêt
821,13127,Forêt,Non Forêt
821,13128,Forêt,Non Forêt
821,13129,Forêt,Non Forêt
822,13137,Non Forêt,Forêt
822,13138,Non Forêt,Forêt
822,13139,Forêt,Forêt
822,13140,Forêt,Forêt
822,13141,Forêt,Forêt
822,13142,Forêt,Forêt
822,13143,Forêt,Forêt
822,13144,Forêt,Forêt
822,13145,Forêt,Forêt
823,13153,Forêt,Forêt
823,13154,Forêt,Forêt
823,13155,Forêt,Forêt
823,13156,Forêt,Forêt
823,13157,Forêt,Forêt
823,13158,Forêt,Forêt
823,13159,Forêt,Forêt
823,13160,Forêt,Forêt
823,13161,Forêt,Forêt
824,13169,Forêt,Forêt
824,13170,Forêt,Forêt
824,13171,Forêt,Forêt
824,13172,Forêt,Forêt
824,13173,Forêt,Forêt
824,13174,Forêt,Forêt
824,13175,Forêt,Forêt
824,13176,Forêt,Forêt
824,13177,Forêt,Forêt
825,13185,Non Forêt,Forêt
825,13186,Non Forêt,Forêt
825,13187,Forêt,Forêt
825,13188,Non Forêt,Forêt
825,13189,Non Forêt,Forêt
825,13190,Forêt,Forêt
825,13191,Forêt,Forêt
825,13192,Forêt,Forêt
825,13193,Forêt,Forêt
826,13201,Forêt,Forêt
826,13202,Forêt,Forêt
826,13203,Forêt,Forêt
826,13204,Non Forêt,Non Forêt
826,13205,Forêt,Forêt
826,13206,Forêt,Forêt
826,13207,Non Forêt,Non Forêt
826,13208,Non Forêt,Forêt
826,13209,Forêt,Forêt
827,13217,Non Forêt,Non Forêt
827,13218,Non Forêt,Forêt
827,13219,Non Forêt,Forêt
827,13220,Non Forêt,Non Forêt
827,13221,Forêt,Forêt
827,13222,Non Forêt,Forêt
827,13223,Non Forêt,Non Forêt
827,13224,Forêt,Forêt
827,13225,Forêt,Forêt
828,13233,Non Forêt,Non Forêt
828,13234,Non Forêt,Non Forêt
828,13235,Non Forêt,Non Forêt
828,13236,Non Forêt,Forêt
828,13237,Forêt,Forêt
828,13238,Forêt,Forêt
828,13239,Forêt,Forêt
828,13240,Forêt,Forêt
828,13241,Forêt,Forêt
829,13249,Non Forêt,Forêt
829,13250,Forêt,Forêt
829,13251,Non Forêt,Non Forêt
829,13252,Forêt,Forêt
829,13253,Non Forêt,Forêt
829,13254,Non Forêt,Non Forêt
829,13255,Non Forêt,Forêt
829,13256,Non Forêt,Forêt
829,13257,Non Forêt,Non Forêt
830,13265,Forêt,Forêt
830,13266,Non Forêt,Non Forêt
830,13267,Forêt,Non Forêt
830,13268,Non Forêt,Forêt
830,13269,Forêt,Forêt
830,13270,Forêt,Forêt
830,13271,Non Forêt,Non Forêt
830,13272,Non Forêt,Non Forêt
830,13273,Non Forêt,Forêt
831,13281,Non Forêt,Non Forêt
831,13282,Non Forêt,Non Forêt
831,13283,Non Forêt,Non Forêt
831,13284,Non Forêt,Forêt
831,13285,Forêt,Forêt
831,13286,Non Forêt,Non Forêt
831,13287,Non Forêt,Non Forêt
831,13288,Non Forêt,Non Forêt
831,13289,Forêt,Forêt
832,13297,Forêt,Forêt
832,13298,Forêt,Forêt
832,13299,Forêt,Forêt
832,13300,Forêt,Forêt
832,13301,Forêt,Forêt
832,13302,Forêt,Forêt
832,13303,Forêt,Forêt
832,13304,Non Forêt,Non Forêt
832,13305,Non Forêt,Non Forêt
833,13313,Non Forêt,Non Forêt
833,13314,Non Forêt,Non Forêt
833,13315,Non Forêt,Non Forêt
833,13316,Non Forêt,Forêt
833,13317,Forêt,Forêt
833,13318,Forêt,Forêt
833,13319,Non Forêt,Forêt
833,13320,Non Forêt,Non Forêt
833,13321,Forêt,Forêt
834,13329,Non Forêt,Non Forêt
834,13330,Non Forêt,Non Forêt
834,13331,Forêt,Forêt
834,13332,Forêt,Forêt
834,13333,Forêt,Forêt
834,13334,Non Forêt,Forêt
834,13335,Forêt,Forêt
834,13336,Forêt,Forêt
834,13337,Non Forêt,Forêt
835,13345,Forêt,Forêt
835,13346,Non Forêt,Forêt
835,13347,Non Forêt,Forêt
835,13348,Forêt,Forêt
835,13349,Non Forêt,Forêt
835,13350,Forêt,Forêt
835,13351,Non Forêt,Non Forêt
835,13352,Forêt,Forêt
835,13353,Forêt,Forêt
836,13361,Non Forêt,Non Forêt
836,13362,Non Forêt,Non Forêt
836,13363,Non Forêt,Non Forêt
836,13364,Non Forêt,Non Forêt
836,13365,Forêt,Forêt
836,13366,Forêt,Forêt
836,13367,Non Forêt,Non Forêt
836,13368,Non Forêt,Non Forêt
836,13369,Non Forêt,Non Forêt
837,13377,Forêt,Forêt
837,13378,Non Forêt,Non Forêt
837,13379,Forêt,Non Forêt
837,13380,Forêt,Forêt
837,13381,Non Forêt,Non Forêt
837,13382,Non Forêt,Non Forêt
837,13383,Non Forêt,Non Forêt
837,13384,Non Forêt,Non Forêt
837,13385,Non Forêt,Non Forêt
838,13393,Forêt,Forêt
838,13394,Forêt,Forêt
838,13395,Forêt,Forêt
838,13396,Forêt,Forêt
838,13397,Forêt,Forêt
838,13398,Forêt,Forêt
838,13399,Non Forêt,Non Forêt
838,13400,Forêt,Forêt
838,13401,Non Forêt,Forêt
839,13409,Forêt,Non Forêt
839,13410,Non Forêt,Non Forêt
839,13411,Forêt,Forêt
839,13412,Forêt,Non Forêt
839,13413,Non Forêt,Non Forêt
839,13414,Forêt,Forêt
839,13415,Forêt,Non Forêt
839,13416,Non Forêt,Non Forêt
839,13417,Forêt,Forêt
840,13425,Non Forêt,Forêt
840,13426,Non Forêt,Forêt
840,13427,Non Forêt,Forêt
840,13428,Forêt,Forêt
840,13429,Forêt,Forêt
840,13430,Non Forêt,Forêt
840,13431,Forêt,Forêt
840,13432,Forêt,Forêt
840,13433,Non Forêt,Non Forêt
841,13441,Non Forêt,Non Forêt
841,13442,Forêt,Forêt
841,13443,Forêt,Forêt
841,13444,Non Forêt,Non Forêt
841,13445,Forêt,Forêt
841,13446,Forêt,Forêt
841,13447,Non Forêt,Forêt
841,13448,Non Forêt,Forêt
841,13449,Non Forêt,Forêt
842,13457,Forêt,Forêt
842,13458,Forêt,Forêt
842,13459,Non Forêt,Non Forêt
842,13460,Forêt,Forêt
842,13461,Non Forêt,Non Forêt
842,13462,Non Forêt,Non Forêt
842,13463,Non Forêt,Non Forêt
842,13464,Non Forêt,Non Forêt
842,13465,Non Forêt,Non Forêt
843,13473,Non Forêt,Non Forêt
843,13474,Non Forêt,Non Forêt
843,13475,Non Forêt,Non Forêt
843,13476,Non Forêt,Non Forêt
843,13477,Non Forêt,Non Forêt
843,13478,Non Forêt,Non Forêt
843,13479,Forêt,Forêt
843,13480,Non Forêt,Non Forêt
843,13481,Non Forêt,Non Forêt
844,13489,Non Forêt,Non Forêt
844,13490,Forêt,Non Forêt
844,13491,Non Forêt,Forêt
844,13492,Forêt,Forêt
844,13493,Forêt,Forêt
844,13494,Non Forêt,Forêt
844,13495,Non Forêt,Non Forêt
844,13496,Non Forêt,Forêt
844,13497,Non Forêt,Non Forêt
845,13505,Forêt,Forêt
845,13506,Forêt,Forêt
845,13507,Non Forêt,Forêt
845,13508,Non Forêt,Non Forêt
845,13509,Non Forêt,Forêt
845,13510,Non Forêt,Forêt
845,13511,Non Forêt,Non Forêt
845,13512,Non Forêt,Non Forêt
845,13513,Non Forêt,Non Forêt
846,13521,Forêt,Forêt
846,13522,Non Forêt,Forêt
846,13523,Non Forêt,Non Forêt
846,13524,Forêt,Forêt
846,13525,Forêt,Forêt
846,13526,Forêt,Forêt
846,13527,Non Forêt,Non Forêt
846,13528,Forêt,Forêt
846,13529,Forêt,Forêt
847,13537,Non Forêt,Non Forêt
847,13538,Non Forêt,Non Forêt
847,13539,Non Forêt,Non Forêt
847,13540,Non Forêt,Non Forêt
847,13541,Non Forêt,Non Forêt
847,13542,Non Forêt,Non Forêt
847,13543,Non Forêt,Non Forêt
847,13544,Non Forêt,Non Forêt
847,13545,Forêt,Forêt
848,13553,Non Forêt,Non Forêt
848,13554,Non Forêt,Non Forêt
848,13555,Forêt,Forêt
848,13556,Non Forêt,Non Forêt
848,13557,Non Forêt,Non Forêt
848,13558,Non Forêt,Forêt
848,13559,Non Forêt,Non Forêt
848,13560,Non Forêt,Non Forêt
848,13561,Non Forêt,Non Forêt
849,13569,Non Forêt,Non Forêt
849,13570,Non Forêt,Non Forêt
849,13571,Non Forêt,Non Forêt
849,13572,Forêt,Forêt
849,13573,Non Forêt,Non Forêt
849,13574,Non Forêt,Non Forêt
849,13575,Non Forêt,Non Forêt
849,13576,Non Forêt,Non Forêt
849,13577,Non Forêt,Non Forêt
850,13585,Non Forêt,Non Forêt
850,13586,Non Forêt,Non Forêt
850,13587,Non Forêt,Non Forêt
850,13588,Non Forêt,Non Forêt
850,13589,Non Forêt,Non Forêt
850,13590,Non Forêt,Non Forêt
850,13591,Non Forêt,Non Forêt
850,13592,Non Forêt,Non Forêt
850,13593,Non Forêt,Non Forêt
851,13601,Forêt,Non Forêt
851,13602,Non Forêt,Non Forêt
851,13603,Non Forêt,Non Forêt
851,13604,Forêt,Non Forêt
851,13605,Non Forêt,Non Forêt
851,13606,Non Forêt,Non Forêt
851,13607,Non Forêt,Non Forêt
851,13608,Non Forêt,Non Forêt
851,13609,Non Forêt,Non Forêt
852,13617,Forêt,Non Forêt
852,13618,Non Forêt,Non Forêt
852,13619,Non Forêt,Non Forêt
852,13620,Non Forêt,Non Forêt
852,13621,Non Forêt,Non Forêt
852,13622,Non Forêt,Non Forêt
852,13623,Non Forêt,Non Forêt
852,13624,Non Forêt,Non Forêt
852,13625,Non Forêt,Non Forêt
853,13633,Forêt,Forêt
853,13634,Forêt,Forêt
853,13635,Forêt,Forêt
853,13636,Non Forêt,Forêt
853,13637,Forêt,Forêt
853,13638,Forêt,Forêt
853,13639,Non Forêt,Non Forêt
853,13640,Non Forêt,Non Forêt
853,13641,Forêt,Forêt
854,13649,Non Forêt,Forêt
854,13650,Forêt,Forêt
854,13651,Non Forêt,Non Forêt
854,13652,Non Forêt,Forêt
854,13653,Non Forêt,Forêt
854,13654,Non Forêt,Forêt
854,13655,Non Forêt,Non Forêt
854,13656,Non Forêt,Forêt
854,13657,Non Forêt,Forêt
855,13665,Non Forêt,Forêt
855,13666,Non Forêt,Non Forêt
855,13667,Non Forêt,Non Forêt
855,13668,Non Forêt,Forêt
855,13669,Non Forêt,Non Forêt
855,13670,Non Forêt,Non Forêt
855,13671,Forêt,Forêt
855,13672,Non Forêt,Forêt
855,13673,Non Forêt,Forêt
856,13681,Non Forêt,Non Forêt
856,13682,Non Forêt,Non Forêt
856,13683,Non Forêt,Non Forêt
856,13684,Non Forêt,Non Forêt
856,13685,Non Forêt,Non Forêt
856,13686,Non Forêt,Non Forêt
856,13687,Forêt,Forêt
856,13688,Non Forêt,Non Forêt
856,13689,Non Forêt,Non Forêt
857,13697,Non Forêt,Non Forêt
857,13698,Non Forêt,Forêt
857,13699,Non Forêt,Forêt
857,13700,Non Forêt,Forêt
857,13701,Non Forêt,Forêt
857,13702,Non Forêt,Forêt
857,13703,Non Forêt,Forêt
857,13704,Non Forêt,Forêt
857,13705,Non Forêt,Forêt
858,13713,Non Forêt,Non Forêt
858,13714,Non Forêt,Non Forêt
858,13715,Non Forêt,Forêt
858,13716,Non Forêt,Non Forêt
858,13717,Non Forêt,Non Forêt
858,13718,Non Forêt,Forêt
858,13719,Non Forêt,Non Forêt
858,13720,Non Forêt,Forêt
858,13721,Non Forêt,Forêt
859,13729,Non interprétable,Non Forêt
859,13730,Non Forêt,Non Forêt
859,13731,Non Forêt,Non Forêt
859,13732,Non interprétable,Non Forêt
859,13733,Non interprétable,Non Forêt
859,13734,Non interprétable,Non Forêt
859,13735,Non interprétable,Non Forêt
859,13736,Non interprétable,Non Forêt
859,13737,Non Forêt,Non Forêt
860,13745,Non Forêt,Forêt
860,13746,Non Forêt,Forêt
860,13747,Non Forêt,Forêt
860,13748,Forêt,Forêt
860,13749,Non Forêt,Forêt
860,13750,Non Forêt,Forêt
860,13751,Forêt,Forêt
860,13752,Non Forêt,Forêt
860,13753,Non Forêt,Forêt
861,13761,Non Forêt,Forêt
861,13762,Non Forêt,Forêt
861,13763,Non Forêt,Non Forêt
861,13764,Non Forêt,Forêt
861,13765,Non Forêt,Forêt
861,13766,Non Forêt,Forêt
861,13767,Non Forêt,Non Forêt
861,13768,Non Forêt,Non Forêt
861,13769,Non Forêt,Forêt
862,13777,Non Forêt,Forêt
862,13778,Non Forêt,Forêt
862,13779,Non Forêt,Forêt
862,13780,Non Forêt,Forêt
862,13781,Non Forêt,Forêt
862,13782,Non Forêt,Forêt
862,13783,Forêt,Forêt
862,13784,Forêt,Forêt
862,13785,Forêt,Forêt
863,13793,Non Forêt,Forêt
863,13794,Non Forêt,Forêt
863,13795,Non Forêt,Forêt
863,13796,Non Forêt,Forêt
863,13797,Non Forêt,Forêt
863,13798,Non Forêt,Forêt
863,13799,Non Forêt,Forêt
863,13800,Non Forêt,Forêt
863,13801,Non Forêt,Forêt
864,13809,Forêt,Forêt
864,13810,Forêt,Forêt
864,13811,Forêt,Non Forêt
864,13812,Forêt,Forêt
864,13813,Non Forêt,Non Forêt
864,13814,Non Forêt,Forêt
864,13815,Non Forêt,Forêt
864,13816,Non Forêt,Forêt
864,13817,Non Forêt,Non Forêt
865,13825,Forêt,Forêt
865,13826,Non Forêt,Forêt
865,13827,Non Forêt,Non Forêt
865,13828,Non Forêt,Non Forêt
865,13829,Forêt,Forêt
865,13830,Non Forêt,Non Forêt
865,13831,Non Forêt,Non Forêt
865,13832,Non Forêt,Forêt
865,13833,Forêt,Forêt
866,13841,Non Forêt,Non Forêt
866,13842,Non Forêt,Non Forêt
866,13843,Non Forêt,Forêt
866,13844,Non Forêt,Non Forêt
866,13845,Forêt,Forêt
866,13846,Non Forêt,Forêt
866,13847,Non Forêt,Non Forêt
866,13848,Non Forêt,Forêt
866,13849,Non Forêt,Forêt
867,13857,Non Forêt,Non Forêt
867,13858,Non Forêt,Non Forêt
867,13859,Non Forêt,Non Forêt
867,13860,Non Forêt,Forêt
867,13861,Non Forêt,Forêt
867,13862,Non Forêt,Forêt
867,13863,Forêt,Forêt
867,13864,Forêt,Forêt
867,13865,Forêt,Forêt
868,13873,Non Forêt,Non Forêt
868,13874,Non Forêt,Non Forêt
868,13875,Non Forêt,Non Forêt
868,13876,Non Forêt,Non Forêt
868,13877,Non Forêt,Non Forêt
868,13878,Non Forêt,Forêt
868,13879,Non Forêt,Non Forêt
868,13880,Non Forêt,Non Forêt
868,13881,Forêt,Forêt
869,13889,Non Forêt,Non Forêt
869,13890,Forêt,Forêt
869,13891,Non Forêt,Non Forêt
869,13892,Forêt,Forêt
869,13893,Forêt,Forêt
869,13894,Non Forêt,Non Forêt
869,13895,Forêt,Forêt
869,13896,Non Forêt,Non Forêt
869,13897,Non Forêt,Non Forêt
870,13905,Forêt,Forêt
870,13906,Non Forêt,Non Forêt
870,13907,Non Forêt,Non Forêt
870,13908,Forêt,Forêt
870,13909,Forêt,Forêt
870,13910,Non Forêt,Non Forêt
870,13911,Forêt,Forêt
870,13912,Non Forêt,Forêt
870,13913,Non Forêt,Non Forêt
871,13921,Forêt,Non Forêt
871,13922,Forêt,Non Forêt
871,13923,Forêt,Non Forêt
871,13924,Non interprétable,Non Forêt
871,13925,Forêt,Non Forêt
871,13926,Forêt,Non Forêt
871,13927,Non interprétable,Non Forêt
871,13928,Forêt,Forêt
871,13929,Forêt,Non Forêt
872,13937,Non Forêt,Non Forêt
872,13938,Non Forêt,Non Forêt
872,13939,Non Forêt,Non Forêt
872,13940,Non Forêt,Non Forêt
872,13941,Non Forêt,Non Forêt
872,13942,Non Forêt,Non Forêt
872,13943,Non Forêt,Non Forêt
872,13944,Non Forêt,Non Forêt
872,13945,Non Forêt,Non Forêt
873,13953,Non Forêt,Non Forêt
873,13954,Non Forêt,Non Forêt
873,13955,Forêt,Forêt
873,13956,Non Forêt,Non Forêt
873,13957,Forêt,Forêt
873,13958,Forêt,Forêt
873,13959,Non Forêt,Non Forêt
873,13960,Forêt,Forêt
873,13961,Forêt,Forêt
874,13969,Non Forêt,Non Forêt
874,13970,Non Forêt,Forêt
874,13971,Non Forêt,Non Forêt
874,13972,Non Forêt,Non Forêt
874,13973,Forêt,Forêt
874,13974,Non Forêt,Non Forêt
874,13975,Non Forêt,Forêt
874,13976,Forêt,Forêt
874,13977,Forêt,Forêt
875,13985,Forêt,Forêt
875,13986,Forêt,Forêt
875,13987,Forêt,Forêt
875,13988,Forêt,Forêt
875,13989,Forêt,Forêt
875,13990,Non Forêt,Non Forêt
875,13991,Forêt,Forêt
875,13992,Non Forêt,Non Forêt
875,13993,Non Forêt,Non Forêt
876,14001,Non Forêt,Forêt
876,14002,Non Forêt,Forêt
876,14003,Non Forêt,Non Forêt
876,14004,Non Forêt,Forêt
876,14005,Non Forêt,Forêt
876,14006,Non Forêt,Non Forêt
876,14007,Non Forêt,Non Forêt
876,14008,Non Forêt,Non Forêt
876,14009,Non Forêt,Non Forêt
877,14017,Non Forêt,Non Forêt
877,14018,Non Forêt,Non Forêt
877,14019,Non Forêt,Non Forêt
877,14020,Non Forêt,Non Forêt
877,14021,Non Forêt,Non Forêt
877,14022,Non Forêt,Non Forêt
877,14023,Non Forêt,Non Forêt
877,14024,Non Forêt,Non Forêt
877,14025,Non Forêt,Non Forêt
878,14033,Non Forêt,Non Forêt
878,14034,Non Forêt,Non Forêt
878,14035,Non Forêt,Non Forêt
878,14036,Non Forêt,Non Forêt
878,14037,Non Forêt,Non Forêt
878,14038,Non Forêt,Non Forêt
878,14039,Non Forêt,Non Forêt
878,14040,Non Forêt,Non Forêt
878,14041,Non Forêt,Non Forêt
879,14049,Forêt,Non Forêt
879,14050,Non Forêt,Non Forêt
879,14051,Non Forêt,Non Forêt
879,14052,Forêt,Non Forêt
879,14053,Non Forêt,Non Forêt
879,14054,Non Forêt,Non Forêt
879,14055,Forêt,Non Forêt
879,14056,Non Forêt,Non Forêt
879,14057,Non Forêt,Non Forêt
880,14065,Forêt,Non Forêt
880,14066,Forêt,Non Forêt
880,14067,Forêt,Non Forêt
880,14068,Forêt,Non Forêt
880,14069,Forêt,Non Forêt
880,14070,Forêt,Forêt
880,14071,Non Forêt,Non Forêt
880,14072,Forêt,Forêt
880,14073,Forêt,Forêt
881,14081,Non Forêt,Forêt
881,14082,Non Forêt,Forêt
881,14083,Non Forêt,Forêt
881,14084,Forêt,Forêt
881,14085,Forêt,Forêt
881,14086,Non Forêt,Forêt
881,14087,Forêt,Forêt
881,14088,Forêt,Forêt
881,14089,Non Forêt,Forêt
882,14097,Forêt,Forêt
882,14098,Non Forêt,Non Forêt
882,14099,Non Forêt,Non Forêt
882,14100,Non Forêt,Non Forêt
882,14101,Forêt,Forêt
882,14102,Non Forêt,Forêt
882,14103,Non Forêt,Forêt
882,14104,Non Forêt,Non Forêt
882,14105,Non Forêt,Non Forêt
883,14113,Non Forêt,Non Forêt
883,14114,Non Forêt,Non Forêt
883,14115,Forêt,Forêt
883,14116,Non Forêt,Non Forêt
883,14117,Non Forêt,Non Forêt
883,14118,Non Forêt,Non Forêt
883,14119,Non Forêt,Non Forêt
883,14120,Non Forêt,Non Forêt
883,14121,Non Forêt,Non Forêt
884,14129,Non Forêt,Non Forêt
884,14130,Non Forêt,Forêt
884,14131,Forêt,Forêt
884,14132,Non Forêt,Non Forêt
884,14133,Non Forêt,Non Forêt
884,14134,Non Forêt,Non Forêt
884,14135,Forêt,Forêt
884,14136,Non Forêt,Non Forêt
884,14137,Non Forêt,Non Forêt
885,14145,Non Forêt,Non Forêt
885,14146,Non Forêt,Non Forêt
885,14147,Non Forêt,Non Forêt
885,14148,Non Forêt,Non Forêt
885,14149,Forêt,Non Forêt
885,14150,Forêt,Non Forêt
885,14151,Non Forêt,Non Forêt
885,14152,Forêt,Non Forêt
885,14153,Forêt,Non Forêt
886,14161,Non Forêt,Non Forêt
886,14162,Non Forêt,Non Forêt
886,14163,Non Forêt,Non Forêt
886,14164,Non Forêt,Non Forêt
886,14165,Non Forêt,Non Forêt
886,14166,Non Forêt,Non Forêt
886,14167,Non Forêt,Non Forêt
886,14168,Non Forêt,Non Forêt
886,14169,Non Forêt,Non Forêt
887,14177,Forêt,Forêt
887,14178,Forêt,Forêt
887,14179,Non Forêt,Forêt
887,14180,Non Forêt,Non Forêt
887,14181,Non Forêt,Non Forêt
887,14182,Non Forêt,Non Forêt
887,14183,Non Forêt,Non Forêt
887,14184,Non Forêt,Non Forêt
887,14185,Non Forêt,Non Forêt
888,14193,Non Forêt,Non Forêt
888,14194,Non Forêt,Non Forêt
888,14195,Non Forêt,Forêt
888,14196,Non Forêt,Forêt
888,14197,Non Forêt,Non Forêt
888,14198,Non Forêt,Non Forêt
888,14199,Forêt,Forêt
888,14200,Forêt,Forêt
888,14201,Non Forêt,Non Forêt
889,14209,Non Forêt,Forêt
889,14210,Non Forêt,Non Forêt
889,14211,Non Forêt,Forêt
889,14212,Non Forêt,Non Forêt
889,14213,Non Forêt,Forêt
889,14214,Non Forêt,Forêt
889,14215,Non Forêt,Non Forêt
889,14216,Non Forêt,Forêt
889,14217,Non Forêt,Forêt
890,14225,Forêt,Forêt
890,14226,Non Forêt,Forêt
890,14227,Non Forêt,Forêt
890,14228,Forêt,Forêt
890,14229,Forêt,Forêt
890,14230,Forêt,Forêt
890,14231,Forêt,Forêt
890,14232,Non Forêt,Forêt
890,14233,Forêt,Forêt
891,14241,Forêt,Forêt
891,14242,Non Forêt,Non Forêt
891,14243,Non Forêt,Non Forêt
891,14244,Forêt,Forêt
891,14245,Non Forêt,Non Forêt
891,14246,Non Forêt,Non Forêt
891,14247,Forêt,Forêt
891,14248,Forêt,Forêt
891,14249,Non Forêt,Non Forêt
892,14257,Non Forêt,Non Forêt
892,14258,Non Forêt,Non Forêt
892,14259,Non Forêt,Non Forêt
892,14260,Non Forêt,Non Forêt
892,14261,Non Forêt,Non Forêt
892,14262,Non Forêt,Non Forêt
892,14263,Non Forêt,Non Forêt
892,14264,Non Forêt,Non Forêt
892,14265,Non Forêt,Forêt
893,14273,Non Forêt,Non Forêt
893,14274,Non Forêt,Non Forêt
893,14275,Non Forêt,Non Forêt
893,14276,Non Forêt,Non Forêt
893,14277,Non Forêt,Non Forêt
893,14278,Non Forêt,Non Forêt
893,14279,Non Forêt,Non Forêt
893,14280,Non Forêt,Non Forêt
893,14281,Non Forêt,Non Forêt
894,14289,Forêt,Forêt
894,14290,Forêt,Forêt
894,14291,Forêt,Forêt
894,14292,Forêt,Forêt
894,14293,Forêt,Forêt
894,14294,Forêt,Forêt
894,14295,Non Forêt,Forêt
894,14296,Forêt,Forêt
894,14297,Forêt,Forêt
895,14305,Forêt,Forêt
895,14306,Forêt,Forêt
895,14307,Forêt,Forêt
895,14308,Non Forêt,Forêt
895,14309,Non Forêt,Forêt
895,14310,Forêt,Forêt
895,14311,Non Forêt,Forêt
895,14312,Non Forêt,Forêt
895,14313,Non Forêt,Forêt
896,14321,Non Forêt,Forêt
896,14322,Non Forêt,Forêt
896,14323,Non Forêt,Forêt
896,14324,Non Forêt,Forêt
896,14325,Non Forêt,Forêt
896,14326,Non Forêt,Forêt
896,14327,Non Forêt,Forêt
896,14328,Non Forêt,Forêt
896,14329,Non Forêt,Forêt
897,14337,Forêt,Forêt
897,14338,Forêt,Forêt
897,14339,Non Forêt,Forêt
897,14340,Non Forêt,Forêt
897,14341,Non Forêt,Forêt
897,14342,Non Forêt,Forêt
897,14343,Forêt,Forêt
897,14344,Non Forêt,Forêt
897,14345,Non Forêt,Forêt
898,14353,Non Forêt,Non Forêt
898,14354,Non Forêt,Non Forêt
898,14355,Non Forêt,Non Forêt
898,14356,Non Forêt,Non Forêt
898,14357,Non Forêt,Forêt
898,14358,Forêt,Forêt
898,14359,Non Forêt,Non Forêt
898,14360,Forêt,Forêt
898,14361,Forêt,Forêt
899,14369,Non Forêt,Forêt
899,14370,Non Forêt,Forêt
899,14371,Non Forêt,Forêt
899,14372,Non Forêt,Forêt
899,14373,Non Forêt,Forêt
899,14374,Non Forêt,Forêt
899,14375,Non Forêt,Forêt
899,14376,Non Forêt,Forêt
899,14377,Non Forêt,Forêt
900,14385,Forêt,Forêt
900,14386,Non Forêt,Forêt
900,14387,Non Forêt,Non Forêt
900,14388,Non Forêt,Non Forêt
900,14389,Non Forêt,Non Forêt
900,14390,Forêt,Non Forêt
900,14391,Non Forêt,Non Forêt
900,14392,Non Forêt,Non Forêt
900,14393,Non Forêt,Non Forêt
901,14401,Non Forêt,Forêt
901,14402,Non Forêt,Forêt
901,14403,Non Forêt,Non Forêt
901,14404,Non Forêt,Forêt
901,14405,Non Forêt,Forêt
901,14406,Non Forêt,Non Forêt
901,14407,Non Forêt,Forêt
901,14408,Non Forêt,Forêt
901,14409,Non Forêt,Forêt
902,14417,Non Forêt,Forêt
902,14418,Non Forêt,Forêt
902,14419,Non Forêt,Non Forêt
902,14420,Non Forêt,Forêt
902,14421,Non Forêt,Forêt
902,14422,Non Forêt,Forêt
902,14423,Non Forêt,Forêt
902,14424,Non Forêt,Forêt
902,14425,Non Forêt,Forêt
903,14433,Non Forêt,Non Forêt
903,14434,Non Forêt,Non Forêt
903,14435,Forêt,Non Forêt
903,14436,Non Forêt,Non Forêt
903,14437,Non Forêt,Non Forêt
903,14438,Non Forêt,Non Forêt
903,14439,Non Forêt,Non Forêt
903,14440,Non Forêt,Non Forêt
903,14441,Non Forêt,Non Forêt
904,14449,Forêt,Forêt
904,14450,Forêt,Forêt
904,14451,Forêt,Forêt
904,14452,Forêt,Forêt
904,14453,Forêt,Forêt
904,14454,Forêt,Forêt
904,14455,Forêt,Forêt
904,14456,Forêt,Forêt
904,14457,Forêt,Forêt
905,14465,Non Forêt,Forêt
905,14466,Non Forêt,Forêt
905,14467,Non Forêt,Forêt
905,14468,Non Forêt,Forêt
905,14469,Forêt,Forêt
905,14470,Non Forêt,Forêt
905,14471,Forêt,Forêt
905,14472,Non Forêt,Forêt
905,14473,Non Forêt,Forêt
906,14481,Forêt,Forêt
906,14482,Non Forêt,Forêt
906,14483,Non Forêt,Forêt
906,14484,Forêt,Forêt
906,14485,Non Forêt,Non Forêt
906,14486,Forêt,Forêt
906,14487,Non Forêt,Non Forêt
906,14488,Forêt,Forêt
906,14489,Forêt,Forêt
907,14497,Non Forêt,Non Forêt
907,14498,Non Forêt,Non Forêt
907,14499,Non Forêt,Non Forêt
907,14500,Non Forêt,Forêt
907,14501,Non Forêt,Non Forêt
907,14502,Non Forêt,Non Forêt
907,14503,Non Forêt,Forêt
907,14504,Non Forêt,Forêt
907,14505,Non Forêt,Forêt
908,14513,Forêt,Forêt
908,14514,Forêt,Forêt
908,14515,Forêt,Forêt
908,14516,Forêt,Forêt
908,14517,Forêt,Forêt
908,14518,Forêt,Forêt
908,14519,Forêt,Forêt
908,14520,Forêt,Forêt
908,14521,Forêt,Forêt
909,14529,Forêt,Forêt
909,14530,Forêt,Forêt
909,14531,Non Forêt,Forêt
909,14532,Non Forêt,Forêt
909,14533,Forêt,Forêt
909,14534,Forêt,Forêt
909,14535,Forêt,Forêt
909,14536,Forêt,Forêt
909,14537,Forêt,Forêt
910,14545,Non Forêt,Forêt
910,14546,Non Forêt,Forêt
910,14547,Forêt,Forêt
910,14548,Non Forêt,Non Forêt
910,14549,Non Forêt,Non Forêt
910,14550,Forêt,Forêt
910,14551,Non Forêt,Non Forêt
910,14552,Non Forêt,Forêt
910,14553,Non Forêt,Non Forêt
911,14561,Forêt,Forêt
911,14562,Forêt,Forêt
911,14563,Forêt,Forêt
911,14564,Forêt,Forêt
911,14565,Forêt,Forêt
911,14566,Forêt,Forêt
911,14567,Forêt,Forêt
911,14568,Non Forêt,Forêt
911,14569,Forêt,Forêt
912,14577,Non Forêt,Forêt
912,14578,Non Forêt,Non Forêt
912,14579,Forêt,Forêt
912,14580,Non Forêt,Non Forêt
912,14581,Non Forêt,Forêt
912,14582,Non Forêt,Forêt
912,14583,Non Forêt,Non Forêt
912,14584,Non Forêt,Non Forêt
912,14585,Non Forêt,Non Forêt
913,14593,Non Forêt,Non Forêt
913,14594,Forêt,Forêt
913,14595,Non Forêt,Forêt
913,14596,Non Forêt,Non Forêt
913,14597,Forêt,Forêt
913,14598,Forêt,Forêt
913,14599,Forêt,Forêt
913,14600,Non Forêt,Forêt
913,14601,Forêt,Forêt
914,14609,Non Forêt,Forêt
914,14610,Non Forêt,Forêt
914,14611,Non Forêt,Non Forêt
914,14612,Non Forêt,Non Forêt
914,14613,Non Forêt,Forêt
914,14614,Non Forêt,Forêt
914,14615,Non Forêt,Non Forêt
914,14616,Non Forêt,Non Forêt
914,14617,Non Forêt,Forêt
915,14625,Non Forêt,Non Forêt
915,14626,Non Forêt,Forêt
915,14627,Non Forêt,Forêt
915,14628,Non Forêt,Non Forêt
915,14629,Non Forêt,Non Forêt
915,14630,Non Forêt,Forêt
915,14631,Non Forêt,Non Forêt
915,14632,Non Forêt,Non Forêt
915,14633,Non Forêt,Non Forêt
916,14641,Non Forêt,Non Forêt
916,14642,Non Forêt,Non Forêt
916,14643,Non Forêt,Non Forêt
916,14644,Non Forêt,Non Forêt
916,14645,Non Forêt,Non Forêt
916,14646,Non Forêt,Non Forêt
916,14647,Non Forêt,Non Forêt
916,14648,Non Forêt,Non Forêt
916,14649,Non Forêt,Non Forêt
917,14657,Non Forêt,Non Forêt
917,14658,Non Forêt,Non Forêt
917,14659,Non Forêt,Non Forêt
917,14660,Non Forêt,Non Forêt
917,14661,Non Forêt,Non Forêt
917,14662,Non Forêt,Non Forêt
917,14663,Non Forêt,Forêt
917,14664,Non Forêt,Non Forêt
917,14665,Non Forêt,Non Forêt
918,14673,Non Forêt,Non Forêt
918,14674,Non Forêt,Non Forêt
918,14675,Non Forêt,Non Forêt
918,14676,Non Forêt,Non Forêt
918,14677,Non Forêt,Non Forêt
918,14678,Non Forêt,Non Forêt
918,14679,Non Forêt,Non Forêt
918,14680,Non Forêt,Non Forêt
918,14681,Non Forêt,Non Forêt
919,14689,Non Forêt,Forêt
919,14690,Non Forêt,Forêt
919,14691,Non Forêt,Forêt
919,14692,Non Forêt,Forêt
919,14693,Non Forêt,Forêt
919,14694,Non Forêt,Forêt
919,14695,Non Forêt,Forêt
919,14696,Non Forêt,Forêt
919,14697,Non Forêt,Forêt
920,14705,Non Forêt,Non Forêt
920,14706,Non Forêt,Non Forêt
920,14707,Non Forêt,Non Forêt
920,14708,Non Forêt,Non Forêt
920,14709,Non Forêt,Non Forêt
920,14710,Non Forêt,Non Forêt
920,14711,Non Forêt,Non Forêt
920,14712,Non Forêt,Non Forêt
920,14713,Non Forêt,Non Forêt
921,14721,Non Forêt,Non Forêt
921,14722,Non Forêt,Non Forêt
921,14723,Non Forêt,Non Forêt
921,14724,Non Forêt,Non Forêt
921,14725,Non Forêt,Non Forêt
921,14726,Non Forêt,Non Forêt
921,14727,Non Forêt,Non Forêt
921,14728,Non Forêt,Non Forêt
921,14729,Non Forêt,Non Forêt
922,14737,Non Forêt,Non Forêt
922,14738,Non Forêt,Non Forêt
922,14739,Non Forêt,Non Forêt
922,14740,Non Forêt,Non Forêt
922,14741,Non Forêt,Non Forêt
922,14742,Non Forêt,Non Forêt
922,14743,Non Forêt,Non Forêt
922,14744,Non Forêt,Non Forêt
922,14745,Non Forêt,Non Forêt
923,14753,Non Forêt,Forêt
923,14754,Non Forêt,Non Forêt
923,14755,Forêt,Forêt
923,14756,Non Forêt,Non Forêt
923,14757,Non Forêt,Forêt
923,14758,Non Forêt,Forêt
923,14759,Non Forêt,Non Forêt
923,14760,Non Forêt,Non Forêt
923,14761,Non Forêt,Forêt
924,14769,Non Forêt,Forêt
924,14770,Non Forêt,Non Forêt
924,14771,Non Forêt,Forêt
924,14772,Non Forêt,Non Forêt
924,14773,Non Forêt,Non Forêt
924,14774,Non Forêt,Non Forêt
924,14775,Non Forêt,Non Forêt
924,14776,Non Forêt,Non Forêt
924,14777,Non Forêt,Non Forêt
925,14785,Non Forêt,Forêt
925,14786,Non Forêt,Non Forêt
925,14787,Non Forêt,Forêt
925,14788,Non Forêt,Non Forêt
925,14789,Non Forêt,Forêt
925,14790,Non Forêt,Non Forêt
925,14791,Non Forêt,Non Forêt
925,14792,Non Forêt,Non Forêt
925,14793,Non Forêt,Forêt
926,14801,Non Forêt,Non Forêt
926,14802,Non Forêt,Non Forêt
926,14803,Non Forêt,Forêt
926,14804,Non Forêt,Non Forêt
926,14805,Non Forêt,Non Forêt
926,14806,Non Forêt,Non Forêt
926,14807,Non Forêt,Non Forêt
926,14808,Non Forêt,Non Forêt
926,14809,Non Forêt,Non Forêt
927,14817,Non Forêt,Non Forêt
927,14818,Non Forêt,Non Forêt
927,14819,Non Forêt,Non Forêt
927,14820,Non Forêt,Non Forêt
927,14821,Non Forêt,Non Forêt
927,14822,Non Forêt,Non Forêt
927,14823,Non Forêt,Non Forêt
927,14824,Non Forêt,Non Forêt
927,14825,Non Forêt,Non Forêt
928,14833,Non Forêt,Forêt
928,14834,Non Forêt,Forêt
928,14835,Non Forêt,Non Forêt
928,14836,Non Forêt,Non Forêt
928,14837,Non Forêt,Forêt
928,14838,Non Forêt,Forêt
928,14839,Non Forêt,Non Forêt
928,14840,Non Forêt,Non Forêt
928,14841,Non Forêt,Non Forêt
929,14849,Forêt,Forêt
929,14850,Non Forêt,Forêt
929,14851,Non Forêt,Forêt
929,14852,Non Forêt,Non Forêt
929,14853,Non Forêt,Forêt
929,14854,Non Forêt,Non Forêt
929,14855,Non Forêt,Non Forêt
929,14856,Non Forêt,Forêt
929,14857,Non Forêt,Non Forêt
930,14865,Forêt,Forêt
930,14866,Forêt,Forêt
930,14867,Forêt,Forêt
930,14868,Non Forêt,Non Forêt
930,14869,Forêt,Forêt
930,14870,Forêt,Forêt
930,14871,Non Forêt,Non Forêt
930,14872,Forêt,Forêt
930,14873,Forêt,Forêt
931,14881,Non Forêt,Non Forêt
931,14882,Non Forêt,Non Forêt
931,14883,Non Forêt,Non Forêt
931,14884,Non Forêt,Non Forêt
931,14885,Non Forêt,Non Forêt
931,14886,Non Forêt,Non Forêt
931,14887,Non Forêt,Non Forêt
931,14888,Non Forêt,Non Forêt
931,14889,Non Forêt,Non Forêt
932,14897,Non Forêt,Non Forêt
932,14898,Non Forêt,Non Forêt
932,14899,Non Forêt,Non Forêt
932,14900,Non Forêt,Non Forêt
932,14901,Non Forêt,Non Forêt
932,14902,Non Forêt,Non Forêt
932,14903,Non Forêt,Non Forêt
932,14904,Non Forêt,Non Forêt
932,14905,Non Forêt,Non Forêt
933,14913,Non Forêt,Non Forêt
933,14914,Non Forêt,Non Forêt
933,14915,Non Forêt,Non Forêt
933,14916,Non Forêt,Non Forêt
933,14917,Non Forêt,Non Forêt
933,14918,Non Forêt,Non Forêt
933,14919,Non Forêt,Non Forêt
933,14920,Non Forêt,Non Forêt
933,14921,Non Forêt,Non Forêt
934,14929,Forêt,Forêt
934,14930,Forêt,Forêt
934,14931,Non Forêt,Forêt
934,14932,Non Forêt,Forêt
934,14933,Non Forêt,Forêt
934,14934,Non Forêt,Forêt
934,14935,Non Forêt,Non Forêt
934,14936,Non Forêt,Forêt
934,14937,Non Forêt,Forêt
935,14945,Forêt,Forêt
935,14946,Forêt,Forêt
935,14947,Forêt,Forêt
935,14948,Forêt,Forêt
935,14949,Forêt,Forêt
935,14950,Forêt,Forêt
935,14951,Non Forêt,Forêt
935,14952,Non Forêt,Forêt
935,14953,Non Forêt,Forêt
936,14961,Non Forêt,Non Forêt
936,14962,Forêt,Forêt
936,14963,Forêt,Forêt
936,14964,Forêt,Forêt
936,14965,Forêt,Forêt
936,14966,Forêt,Forêt
936,14967,Forêt,Forêt
936,14968,Forêt,Forêt
936,14969,Forêt,Forêt
937,14977,Non Forêt,Forêt
937,14978,Non Forêt,Forêt
937,14979,Non Forêt,Non Forêt
937,14980,Non Forêt,Non Forêt
937,14981,Non Forêt,Forêt
937,14982,Non Forêt,Forêt
937,14983,Non Forêt,Non Forêt
937,14984,Non Forêt,Non Forêt
937,14985,Non Forêt,Non Forêt
938,14993,Forêt,Forêt
938,14994,Non Forêt,Forêt
938,14995,Forêt,Forêt
938,14996,Non Forêt,Forêt
938,14997,Forêt,Forêt
938,14998,Forêt,Forêt
938,14999,Non Forêt,Non Forêt
938,15000,Forêt,Forêt
938,15001,Non Forêt,Forêt
939,15009,Non Forêt,Non Forêt
939,15010,Forêt,Non Forêt
939,15011,Non Forêt,Non Forêt
939,15012,Forêt,Non Forêt
939,15013,Forêt,Non Forêt
939,15014,Non Forêt,Non Forêt
939,15015,Forêt,Non Forêt
939,15016,Non Forêt,Non Forêt
939,15017,Non Forêt,Non Forêt
940,15025,Forêt,Forêt
940,15026,Forêt,Forêt
940,15027,Non Forêt,Forêt
940,15028,Forêt,Forêt
940,15029,Forêt,Forêt
940,15030,Forêt,Forêt
940,15031,Forêt,Forêt
940,15032,Forêt,Forêt
940,15033,Forêt,Forêt
941,15041,Non Forêt,Forêt
941,15042,Forêt,Forêt
941,15043,Forêt,Forêt
941,15044,Forêt,Forêt
941,15045,Forêt,Forêt
941,15046,Forêt,Forêt
941,15047,Forêt,Forêt
941,15048,Forêt,Forêt
941,15049,Forêt,Forêt
942,15057,Non Forêt,Non Forêt
942,15058,Forêt,Forêt
942,15059,Forêt,Forêt
942,15060,Non Forêt,Non Forêt
942,15061,Forêt,Forêt
942,15062,Forêt,Forêt
942,15063,Non Forêt,Non Forêt
942,15064,Forêt,Forêt
942,15065,Forêt,Forêt
943,15073,Non Forêt,Non Forêt
943,15074,Non Forêt,Non Forêt
943,15075,Non Forêt,Non Forêt
943,15076,Non Forêt,Non Forêt
943,15077,Non Forêt,Non Forêt
943,15078,Non Forêt,Non Forêt
943,15079,Non Forêt,Non Forêt
943,15080,Non Forêt,Non Forêt
943,15081,Non Forêt,Non Forêt
944,15089,Non Forêt,Forêt
944,15090,Forêt,Forêt
944,15091,Non Forêt,Forêt
944,15092,Non Forêt,Non Forêt
944,15093,Non Forêt,Non Forêt
944,15094,Non Forêt,Non Forêt
944,15095,Non Forêt,Forêt
944,15096,Non Forêt,Non Forêt
944,15097,Forêt,Forêt
945,15105,Non Forêt,Forêt
945,15106,Non Forêt,Forêt
945,15107,Non Forêt,Forêt
945,15108,Non Forêt,Forêt
945,15109,Non Forêt,Forêt
945,15110,Non Forêt,Forêt
945,15111,Non Forêt,Forêt
945,15112,Non Forêt,Forêt
945,15113,Non Forêt,Forêt
946,15121,Non Forêt,Non Forêt
946,15122,Non Forêt,Forêt
946,15123,Non Forêt,Forêt
946,15124,Non Forêt,Forêt
946,15125,Non Forêt,Forêt
946,15126,Non Forêt,Forêt
946,15127,Non Forêt,Forêt
946,15128,Non Forêt,Forêt
946,15129,Non Forêt,Forêt
947,15137,Non Forêt,Forêt
947,15138,Non Forêt,Forêt
947,15139,Non Forêt,Forêt
947,15140,Non Forêt,Forêt
947,15141,Non Forêt,Forêt
947,15142,Non Forêt,Forêt
947,15143,Non Forêt,Forêt
947,15144,Non Forêt,Forêt
947,15145,Non Forêt,Forêt
948,15153,Non Forêt,Forêt
948,15154,Non Forêt,Non Forêt
948,15155,Non Forêt,Forêt
948,15156,Forêt,Non Forêt
948,15157,Non Forêt,Forêt
948,15158,Non Forêt,Forêt
948,15159,Forêt,Forêt
948,15160,Forêt,Forêt
948,15161,Non Forêt,Forêt
949,15169,Non Forêt,Non Forêt
949,15170,Non Forêt,Non Forêt
949,15171,Non Forêt,Non Forêt
949,15172,Non Forêt,Non Forêt
949,15173,Non Forêt,Non Forêt
949,15174,Non Forêt,Non Forêt
949,15175,Non Forêt,Non Forêt
949,15176,Non Forêt,Non Forêt
949,15177,Non Forêt,Non Forêt
950,15185,Non Forêt,Forêt
950,15186,Non Forêt,Non Forêt
950,15187,Non Forêt,Forêt
950,15188,Forêt,Forêt
950,15189,Non Forêt,Non Forêt
950,15190,Forêt,Forêt
950,15191,Non Forêt,Forêt
950,15192,Non Forêt,Non Forêt
950,15193,Forêt,Forêt
951,15201,Non Forêt,Non Forêt
951,15202,Forêt,Forêt
951,15203,Non Forêt,Forêt
951,15204,Non Forêt,Non Forêt
951,15205,Non Forêt,Forêt
951,15206,Forêt,Forêt
951,15207,Non Forêt,Non Forêt
951,15208,Non Forêt,Non Forêt
951,15209,Forêt,Forêt
952,15217,Non Forêt,Forêt
952,15218,Forêt,Forêt
952,15219,Forêt,Forêt
952,15220,Non Forêt,Non Forêt
952,15221,Non Forêt,Forêt
952,15222,Forêt,Forêt
952,15223,Forêt,Forêt
952,15224,Forêt,Forêt
952,15225,Forêt,Forêt
953,15233,Non Forêt,Non Forêt
953,15234,Non Forêt,Non Forêt
953,15235,Non Forêt,Non Forêt
953,15236,Non Forêt,Non Forêt
953,15237,Non Forêt,Non Forêt
953,15238,Non Forêt,Non Forêt
953,15239,Non Forêt,Non Forêt
953,15240,Non Forêt,Non Forêt
953,15241,Non Forêt,Non Forêt
954,15249,Non Forêt,Non Forêt
954,15250,Non Forêt,Non Forêt
954,15251,Non Forêt,Non Forêt
954,15252,Forêt,Forêt
954,15253,Non Forêt,Non Forêt
954,15254,Non Forêt,Non Forêt
954,15255,Non Forêt,Non Forêt
954,15256,Non Forêt,Non Forêt
954,15257,Non Forêt,Non Forêt
955,15265,Non Forêt,Non Forêt
955,15266,Non Forêt,Non Forêt
955,15267,Non Forêt,Non Forêt
955,15268,Non Forêt,Non Forêt
955,15269,Non Forêt,Non Forêt
955,15270,Non Forêt,Non Forêt
955,15271,Non Forêt,Non Forêt
955,15272,Non Forêt,Non Forêt
955,15273,Non Forêt,Non Forêt
956,15281,Non Forêt,Non Forêt
956,15282,Non Forêt,Non Forêt
956,15283,Non Forêt,Non Forêt
956,15284,Non Forêt,Non Forêt
956,15285,Non Forêt,Non Forêt
956,15286,Non Forêt,Non Forêt
956,15287,Non Forêt,Non Forêt
956,15288,Non Forêt,Non Forêt
956,15289,Non Forêt,Forêt
957,15297,Non Forêt,Non Forêt
957,15298,Non Forêt,Non Forêt
957,15299,Non Forêt,Non Forêt
957,15300,Non Forêt,Non Forêt
957,15301,Non Forêt,Non Forêt
957,15302,Non Forêt,Non Forêt
957,15303,Non Forêt,Non Forêt
957,15304,Non Forêt,Non Forêt
957,15305,Non Forêt,Non Forêt
958,15313,Forêt,Forêt
958,15314,Non Forêt,Non Forêt
958,15315,Forêt,Forêt
958,15316,Non Forêt,Non Forêt
958,15317,Non Forêt,Non Forêt
958,15318,Forêt,Forêt
958,15319,Non Forêt,Non Forêt
958,15320,Non Forêt,Non Forêt
958,15321,Forêt,Forêt
959,15329,Forêt,Non Forêt
959,15330,Forêt,Forêt
959,15331,Non Forêt,Forêt
959,15332,Forêt,Forêt
959,15333,Forêt,Forêt
959,15334,Forêt,Forêt
959,15335,Forêt,Forêt
959,15336,Non Forêt,Forêt
959,15337,Forêt,Non Forêt
960,15345,Non Forêt,Forêt
960,15346,Non Forêt,Non Forêt
960,15347,Non Forêt,Non Forêt
960,15348,Forêt,Forêt
960,15349,Non Forêt,Non Forêt
960,15350,Non Forêt,Non Forêt
960,15351,Forêt,Forêt
960,15352,Forêt,Forêt
960,15353,Non Forêt,Non Forêt
961,15361,Forêt,Non Forêt
961,15362,Non Forêt,Non Forêt
961,15363,Non Forêt,Non Forêt
961,15364,Non Forêt,Non Forêt
961,15365,Non Forêt,Non Forêt
961,15366,Non Forêt,Non Forêt
961,15367,Non Forêt,Non Forêt
961,15368,Forêt,Non Forêt
961,15369,Forêt,Non Forêt
962,15377,Forêt,Forêt
962,15378,Forêt,Forêt
962,15379,Forêt,Forêt
962,15380,Forêt,Forêt
962,15381,Forêt,Forêt
962,15382,Forêt,Forêt
962,15383,Non Forêt,Non Forêt
962,15384,Non Forêt,Non Forêt
962,15385,Non Forêt,Non Forêt
963,15393,Forêt,Forêt
963,15394,Non Forêt,Forêt
963,15395,Forêt,Forêt
963,15396,Forêt,Non Forêt
963,15397,Forêt,Non Forêt
963,15398,Non Forêt,Non Forêt
963,15399,Forêt,Forêt
963,15400,Non Forêt,Forêt
963,15401,Non Forêt,Forêt
964,15409,Non Forêt,Forêt
964,15410,Non Forêt,Forêt
964,15411,Forêt,Forêt
964,15412,Forêt,Forêt
964,15413,Non Forêt,Forêt
964,15414,Non Forêt,Forêt
964,15415,Forêt,Forêt
964,15416,Forêt,Forêt
964,15417,Forêt,Forêt
965,15425,Non Forêt,Forêt
965,15426,Non Forêt,Non Forêt
965,15427,Non Forêt,Non Forêt
965,15428,Non Forêt,Non Forêt
965,15429,Non Forêt,Forêt
965,15430,Non Forêt,Forêt
965,15431,Non Forêt,Forêt
965,15432,Non Forêt,Non Forêt
965,15433,Non Forêt,Forêt
966,15441,Forêt,Forêt
966,15442,Non Forêt,Non Forêt
966,15443,Non Forêt,Non Forêt
966,15444,Forêt,Forêt
966,15445,Non Forêt,Non Forêt
966,15446,Non Forêt,Non Forêt
966,15447,Forêt,Forêt
966,15448,Non Forêt,Non Forêt
966,15449,Non Forêt,Non Forêt
967,15457,Forêt,Non Forêt
967,15458,Non Forêt,Non Forêt
967,15459,Non Forêt,Non Forêt
967,15460,Non Forêt,Non Forêt
967,15461,Forêt,Forêt
967,15462,Forêt,Forêt
967,15463,Non Forêt,Non Forêt
967,15464,Non Forêt,Forêt
967,15465,Forêt,Forêt
968,15473,Non interprétable,Forêt
968,15474,Forêt,Forêt
968,15475,Forêt,Forêt
968,15476,Forêt,Forêt
968,15477,Forêt,Forêt
968,15478,Forêt,Forêt
968,15479,Forêt,Forêt
968,15480,Forêt,Forêt
968,15481,Forêt,Forêt
969,15489,Forêt,Forêt
969,15490,Forêt,Forêt
969,15491,Forêt,Forêt
969,15492,Forêt,Forêt
969,15493,Forêt,Forêt
969,15494,Non Forêt,Forêt
969,15495,Non Forêt,Forêt
969,15496,Forêt,Forêt
969,15497,Non Forêt,Non Forêt
970,15505,Non Forêt,Non Forêt
970,15506,Non Forêt,Non Forêt
970,15507,Non Forêt,Non Forêt
970,15508,Forêt,Forêt
970,15509,Non Forêt,Forêt
970,15510,Non Forêt,Forêt
970,15511,Non Forêt,Non Forêt
970,15512,Forêt,Forêt
970,15513,Forêt,Forêt
971,15521,Forêt,Forêt
971,15522,Forêt,Forêt
971,15523,Forêt,Forêt
971,15524,Non Forêt,Forêt
971,15525,Forêt,Forêt
971,15526,Forêt,Forêt
971,15527,Non Forêt,Non Forêt
971,15528,Non Forêt,Non Forêt
971,15529,Forêt,Forêt
972,15537,Non Forêt,Non Forêt
972,15538,Forêt,Forêt
972,15539,Forêt,Forêt
972,15540,Forêt,Forêt
972,15541,Forêt,Forêt
972,15542,Non Forêt,Forêt
972,15543,Forêt,Forêt
972,15544,Forêt,Forêt
972,15545,Non Forêt,Non Forêt
973,15553,Non Forêt,Non Forêt
973,15554,Forêt,Non Forêt
973,15555,Forêt,Forêt
973,15556,Non Forêt,Non Forêt
973,15557,Non Forêt,Non Forêt
973,15558,Forêt,Non Forêt
973,15559,Non Forêt,Non Forêt
973,15560,Non Forêt,Non Forêt
973,15561,Non Forêt,Non Forêt
974,15569,Non Forêt,Non Forêt
974,15570,Non Forêt,Non Forêt
974,15571,Non Forêt,Non Forêt
974,15572,Non Forêt,Non Forêt
974,15573,Non Forêt,Non Forêt
974,15574,Non Forêt,Non Forêt
974,15575,Non Forêt,Non Forêt
974,15576,Non Forêt,Non Forêt
974,15577,Non Forêt,Non Forêt
975,15585,Non Forêt,Forêt
975,15586,Forêt,Forêt
975,15587,Forêt,Forêt
975,15588,Non Forêt,Non Forêt
975,15589,Forêt,Non Forêt
975,15590,Forêt,Forêt
975,15591,Non Forêt,Non Forêt
975,15592,Forêt,Non Forêt
975,15593,Forêt,Forêt
976,15601,Forêt,Forêt
976,15602,Forêt,Forêt
976,15603,Forêt,Forêt
976,15604,Non Forêt,Forêt
976,15605,Forêt,Forêt
976,15606,Forêt,Forêt
976,15607,Forêt,Forêt
976,15608,Forêt,Forêt
976,15609,Forêt,Forêt
977,15617,Non Forêt,Non Forêt
977,15618,Non Forêt,Forêt
977,15619,Non Forêt,Non Forêt
977,15620,Non Forêt,Non Forêt
977,15621,Non Forêt,Non Forêt
977,15622,Non Forêt,Non Forêt
977,15623,Forêt,Forêt
977,15624,Non Forêt,Non Forêt
977,15625,Non Forêt,Forêt
978,15633,Forêt,Forêt
978,15634,Forêt,Forêt
978,15635,Forêt,Forêt
978,15636,Forêt,Forêt
978,15637,Forêt,Forêt
978,15638,Forêt,Forêt
978,15639,Forêt,Forêt
978,15640,Forêt,Forêt
978,15641,Forêt,Forêt
979,15649,Non Forêt,Non Forêt
979,15650,Non Forêt,Non Forêt
979,15651,Forêt,Forêt
979,15652,Non Forêt,Non Forêt
979,15653,Non Forêt,Forêt
979,15654,Forêt,Forêt
979,15655,Non Forêt,Non Forêt
979,15656,Forêt,Forêt
979,15657,Non Forêt,Non Forêt
980,15665,Non Forêt,Non Forêt
980,15666,Non Forêt,Non Forêt
980,15667,Forêt,Forêt
980,15668,Non Forêt,Non Forêt
980,15669,Non Forêt,Forêt
980,15670,Forêt,Forêt
980,15671,Forêt,Forêt
980,15672,Forêt,Forêt
980,15673,Forêt,Forêt
981,15681,Non Forêt,Non Forêt
981,15682,Non Forêt,Non Forêt
981,15683,Non Forêt,Non Forêt
981,15684,Non Forêt,Non Forêt
981,15685,Non Forêt,Non Forêt
981,15686,Non Forêt,Non Forêt
981,15687,Non Forêt,Non Forêt
981,15688,Non Forêt,Non Forêt
981,15689,Non Forêt,Non Forêt
982,15697,Non Forêt,Non Forêt
982,15698,Non Forêt,Non Forêt
982,15699,Non Forêt,Non Forêt
982,15700,Non Forêt,Non Forêt
982,15701,Non Forêt,Non Forêt
982,15702,Non Forêt,Non Forêt
982,15703,Non Forêt,Non Forêt
982,15704,Non Forêt,Non Forêt
982,15705,Non Forêt,Non Forêt
983,15713,Non Forêt,Non Forêt
983,15714,Non Forêt,Non Forêt
983,15715,Non Forêt,Non Forêt
983,15716,Non Forêt,Non Forêt
983,15717,Non Forêt,Non Forêt
983,15718,Non Forêt,Non Forêt
983,15719,Non Forêt,Non Forêt
983,15720,Non Forêt,Non Forêt
983,15721,Non Forêt,Non Forêt
984,15729,Non Forêt,Forêt
984,15730,Non Forêt,Non Forêt
984,15731,Non Forêt,Forêt
984,15732,Forêt,Forêt
984,15733,Forêt,Forêt
984,15734,Non Forêt,Non Forêt
984,15735,Non Forêt,Non Forêt
984,15736,Forêt,Forêt
984,15737,Non Forêt,Forêt
985,15745,Forêt,Forêt
985,15746,Non Forêt,Non Forêt
985,15747,Non Forêt,Non Forêt
985,15748,Forêt,Forêt
985,15749,Forêt,Forêt
985,15750,Forêt,Non Forêt
985,15751,Forêt,Forêt
985,15752,Non Forêt,Forêt
985,15753,Non Forêt,Non Forêt
986,15761,Non Forêt,Non Forêt
986,15762,Forêt,Forêt
986,15763,Non Forêt,Non Forêt
986,15764,Non Forêt,Non Forêt
986,15765,Forêt,Forêt
986,15766,Forêt,Forêt
986,15767,Forêt,Forêt
986,15768,Forêt,Forêt
986,15769,Non Forêt,Forêt
987,15777,Non Forêt,Non Forêt
987,15778,Forêt,Forêt
987,15779,Forêt,Forêt
987,15780,Forêt,Forêt
987,15781,Forêt,Forêt
987,15782,Forêt,Forêt
987,15783,Forêt,Forêt
987,15784,Non Forêt,Non Forêt
987,15785,Non Forêt,Non Forêt
988,15793,Non Forêt,Non Forêt
988,15794,Non Forêt,Non Forêt
988,15795,Non Forêt,Non Forêt
988,15796,Non Forêt,Non Forêt
988,15797,Non Forêt,Non Forêt
988,15798,Non Forêt,Non Forêt
988,15799,Non Forêt,Non Forêt
988,15800,Non Forêt,Non Forêt
988,15801,Non Forêt,Non Forêt
989,15809,Forêt,Forêt
989,15810,Forêt,Forêt
989,15811,Forêt,Forêt
989,15812,Forêt,Forêt
989,15813,Forêt,Forêt
989,15814,Forêt,Forêt
989,15815,Forêt,Forêt
989,15816,Forêt,Forêt
989,15817,Forêt,Forêt
990,15825,Forêt,Forêt
990,15826,Forêt,Forêt
990,15827,Forêt,Forêt
990,15828,Forêt,Forêt
990,15829,Forêt,Forêt
990,15830,Forêt,Forêt
990,15831,Forêt,Forêt
990,15832,Forêt,Forêt
990,15833,Forêt,Forêt
991,15841,Non Forêt,Forêt
991,15842,Forêt,Forêt
991,15843,Forêt,Forêt
991,15844,Forêt,Forêt
991,15845,Forêt,Forêt
991,15846,Forêt,Forêt
991,15847,Forêt,Forêt
991,15848,Forêt,Forêt
991,15849,Forêt,Forêt
992,15857,Non Forêt,Forêt
992,15858,Forêt,Forêt
992,15859,Forêt,Forêt
992,15860,Non Forêt,Forêt
992,15861,Non Forêt,Non Forêt
992,15862,Forêt,Forêt
992,15863,Non Forêt,Non Forêt
992,15864,Non Forêt,Non Forêt
992,15865,Forêt,Forêt
993,15873,Non Forêt,Forêt
993,15874,Forêt,Forêt
993,15875,Forêt,Forêt
993,15876,Forêt,Forêt
993,15877,Forêt,Forêt
993,15878,Non Forêt,Non Forêt
993,15879,Forêt,Forêt
993,15880,Non Forêt,Non Forêt
993,15881,Non Forêt,Forêt
994,15889,Non Forêt,Non Forêt
994,15890,Forêt,Forêt
994,15891,Non Forêt,Non Forêt
994,15892,Non Forêt,Non Forêt
994,15893,Forêt,Forêt
994,15894,Non Forêt,Forêt
994,15895,Non Forêt,Non Forêt
994,15896,Forêt,Forêt
994,15897,Forêt,Forêt
995,15905,Non Forêt,Non Forêt
995,15906,Forêt,Forêt
995,15907,Non Forêt,Non Forêt
995,15908,Non Forêt,Non Forêt
995,15909,Forêt,Forêt
995,15910,Forêt,Forêt
995,15911,Non Forêt,Non Forêt
995,15912,Non Forêt,Forêt
995,15913,Non Forêt,Non Forêt
996,15921,Non Forêt,Non Forêt
996,15922,Forêt,Forêt
996,15923,Forêt,Non Forêt
996,15924,Non Forêt,Non Forêt
996,15925,Non Forêt,Non Forêt
996,15926,Forêt,Non Forêt
996,15927,Non Forêt,Non Forêt
996,15928,Non Forêt,Non Forêt
996,15929,Forêt,Non Forêt
997,15937,Forêt,Non Forêt
997,15938,Non Forêt,Non Forêt
997,15939,Non Forêt,Non Forêt
997,15940,Forêt,Non Forêt
997,15941,Non Forêt,Non Forêt
997,15942,Non Forêt,Non Forêt
997,15943,Forêt,Non Forêt
997,15944,Non Forêt,Non Forêt
997,15945,Non Forêt,Non Forêt
998,15953,Non Forêt,Non Forêt
998,15954,Non Forêt,Non Forêt
998,15955,Forêt,Non Forêt
998,15956,Non Forêt,Non Forêt
998,15957,Forêt,Non Forêt
998,15958,Forêt,Non Forêt
998,15959,Non Forêt,Non Forêt
998,15960,Forêt,Non Forêt
998,15961,Forêt,Non Forêt
999,15969,Non Forêt,Forêt
999,15970,Non Forêt,Forêt
999,15971,Forêt,Forêt
999,15972,Forêt,Forêt
999,15973,Forêt,Forêt
999,15974,Forêt,Forêt
999,15975,Forêt,Forêt
999,15976,Forêt,Forêt
999,15977,Forêt,Forêt
1000,15985,Forêt,Forêt
1000,15986,Forêt,Forêt
1000,15987,Forêt,Forêt
1000,15988,Forêt,Forêt
1000,15989,Forêt,Forêt
1000,15990,Forêt,Forêt
1000,15991,Non interprétable,Forêt
1000,15992,Forêt,Forêt
1000,15993,Forêt,Forêt
,,,
,,,
,,,
,,,
,,,
,,,
,,,
,,,
,,,
,,,
,,,
,,,
,,,
,,,
,,,
,,,
,,,
,,,
,,,
,,,
,,,
,,,
,,,
,,,
,,,
,,,
,,,
,,,
,,,
,,,
,,,
,,,
,,,
,,,
,,,
,,,
,,,
,,,
,,,
,,,
,,,
,,,
,,,
,,,
,,,
,,,
,,,
,,,
,,,
,,,
,,,
,,,
,,,
,,,
,,,
,,,
,,,
,,,
,,,
,,,
,,,
,,,
,,,
,,,
,,,
,,,
,,,
,,,
,,,
,,,
,,,
,,,
,,,
,,,
,,,
,,,
,,,
,,,
,,,
,,,
,,,
,,,
,,,
,,,
,,,
,,,
,,,
,,,
,,,
,,,
,,,
,,,
,,,
,,,
,,,
,,,
,,,
,,,
,,,
,,,
,,,
,,,
,,,
,,,
,,,
,,,
,,,
,,,
,,,
,,,
,,,
,,,
,,,
,,,
,,,
,,,
,,,
,,,
,,,
,,,
,,,
,,,
,,,
,,,
,,,
,,,
,,,
,,,
,,,
,,,
,,,
,,,
,,,
,,,
,,,
,,,
,,,
,,,
,,,
,,,
,,,
,,,
,,,
,,,
,,,
,,,
,,,
,,,
,,,
,,,
,,,
,,,
,,,
,,,
,,,
,,,
,,,
,,,
,,,
,,,
,,,
,,,
,,,
,,,
,,,
,,,
,,,
,,,
,,,
,,,
,,,
,,,
,,,
,,,
,,,
,,,
,,,
,,,
,,,
,,,
,,,
,,,
,,,
,,,
,,,
,,,
,,,
,,,
,,,
,,,
,,,
,,,
,,,
,,,
,,,
,,,
,,,
,,,
,,,
,,,
,,,
,,,
,,,
,,,
,,,
,,,
,,,
,,,
,,,
,,,
,,,
,,,
,,,
,,,
,,,
,,,
,,,
,,,
,,,
,,,
,,,
,,,
,,,
,,,
,,,
,,,
,,,
,,,
,,,
,,,
,,,
,,,
,,,
,,,
,,,
,,,
,,,
,,,
,,,
,,,
,,,
,,,
,,,
,,,
,,,
,,,
,,,
,,,
,,,
,,,
,,,
,,,
,,,
,,,
,,,
,,,
,,,
,,,
,,,
,,,
,,,
,,,
,,,
,,,
,,,
,,,
,,,
,,,
,,,
,,,
,,,
,,,
,,,
,,,
,,,
,,,
,,,
,,,
,,,
,,,
,,,
,,,
,,,
,,,
,,,
,,,
,,,
,,,
,,,
,,,
,,,
,,,
,,,
,,,
,,,
,,,
,,,
,,,
,,,
,,,
,,,
,,,
,,,
,,,
,,,
,,,
,,,
,,,
,,,
,,,
,,,
,,,
,,,
,,,
,,,
,,,
,,,
,,,
,,,
,,,
,,,
,,,
,,,
,,,
,,,
,,,
,,,
,,,
,,,
,,,
,,,
,,,
,,,
,,,
,,,
,,,
,,,
,,,
,,,
,,,
,,,
,,,
,,,
,,,
,,,
,,,
,,,
,,,
,,,
,,,
,,,
,,,
,,,
,,,
,,,
,,,
,,,
,,,
,,,
,,,
,,,
,,,
,,,
,,,
,,,
,,,
,,,
,,,
,,,
,,,
,,,
,,,
,,,
,,,
,,,
,,,
,,,
,,,
,,,
,,,
,,,
,,,
,,,
,,,
,,,
,,,
,,,
,,,
,,,
,,,
,,,
,,,
,,,
,,,
,,,
,,,
,,,
,,,
,,,
,,,
,,,
,,,
,,,
,,,
,,,
,,,
,,,
,,,
,,,
,,,
,,,
,,,
,,,
,,,
,,,
,,,
,,,
,,,
,,,
,,,
,,,
,,,
,,,
,,,
,,,
,,,
,,,
,,,
,,,
,,,
,,,
,,,
,,,
,,,
,,,
,,,
,,,
,,,
,,,
,,,
,,,
,,,
,,,
,,,
,,,
,,,
,,,
,,,
,,,
,,,
